Category,lines_rest,lines_niche,units_rest,units_niche,share_lines_niche,share_lines_rest,share_units_niche,share_units_rest,lift_lines,lift_units
ABIS_BOOK,80936.0,5234.0,82726.0,7624.0,4.147,5.199,4.415,4.98,0.798,0.886
PET_FOOD,33478.0,3626.0,38083.0,5711.0,2.873,2.151,3.307,2.293,1.336,1.443
FOOD,9037.0,2965.0,10921.0,5338.0,2.349,0.581,3.091,0.657,4.047,4.702
GROCERY,9593.0,2357.0,11164.0,3876.0,1.868,0.616,2.244,0.672,3.031,3.34
WALL_ART,3151.0,234.0,4857.0,3793.0,0.185,0.202,2.196,0.292,0.916,7.512
VEGETABLE,9432.0,2292.0,11225.0,3449.0,1.816,0.606,1.997,0.676,2.997,2.956
DRINK_FLAVORED,7973.0,1540.0,9475.0,2618.0,1.22,0.512,1.516,0.57,2.383,2.658
FRUIT,6455.0,1687.0,8102.0,2547.0,1.337,0.415,1.475,0.488,3.224,3.024
SNACK_FOOD_BAR,6001.0,1428.0,7007.0,2540.0,1.132,0.385,1.471,0.422,2.935,3.487
NUTRITIONAL_SUPPLEMENT,24346.0,1775.0,25726.0,2283.0,1.406,1.564,1.322,1.549,0.899,0.854
PACKAGED_SOUP_AND_STEW,3047.0,901.0,4175.0,2111.0,0.714,0.196,1.222,0.251,3.647,4.864
GIFT_CARD,25688.0,1653.0,26490.0,2045.0,1.31,1.65,1.184,1.595,0.794,0.743
DAIRY_BASED_CHEESE,3910.0,1403.0,4224.0,2022.0,1.112,0.251,1.171,0.254,4.426,4.605
MEDICATION,14396.0,1244.0,15893.0,1873.0,0.986,0.925,1.085,0.957,1.066,1.134
POULTRY,2677.0,1215.0,2998.0,1857.0,0.963,0.172,1.075,0.18,5.598,5.958
MEAT,3617.0,1251.0,4217.0,1796.0,0.991,0.232,1.04,0.254,4.266,4.097
WATER,3749.0,925.0,4761.0,1753.0,0.733,0.241,1.015,0.287,3.043,3.542
BREAKFAST_CEREAL,3724.0,1162.0,4295.0,1672.0,0.921,0.239,0.968,0.259,3.849,3.745
COFFEE,9414.0,1051.0,10855.0,1643.0,0.833,0.605,0.951,0.653,1.377,1.456
HEALTH_PERSONAL_CARE,14829.0,1220.0,15870.0,1612.0,0.967,0.953,0.933,0.955,1.015,0.977
NOODLE,2935.0,729.0,3860.0,1553.0,0.578,0.189,0.899,0.232,3.064,3.87
BREAD,3103.0,1171.0,3329.0,1435.0,0.928,0.199,0.831,0.2,4.655,4.146
COOKIE,3957.0,948.0,4454.0,1414.0,0.751,0.254,0.819,0.268,2.955,3.054
SNACK_CHIP_AND_CRISP,4738.0,1065.0,5303.0,1337.0,0.844,0.304,0.774,0.319,2.773,2.425
SAUCE,4218.0,880.0,4743.0,1295.0,0.697,0.271,0.75,0.286,2.573,2.626
ELECTRONIC_CABLE,16639.0,1078.0,17704.0,1211.0,0.854,1.069,0.701,1.066,0.799,0.658
DAIRY_BASED_YOGURT,1255.0,592.0,1819.0,1200.0,0.469,0.081,0.695,0.109,5.819,6.346
JUICE_AND_JUICE_DRINK,2559.0,653.0,3043.0,1194.0,0.517,0.164,0.691,0.183,3.148,3.774
SHIRT,25663.0,1086.0,26422.0,1184.0,0.861,1.649,0.686,1.591,0.522,0.431
JERKY,1664.0,474.0,1992.0,1144.0,0.376,0.107,0.662,0.12,3.514,5.524
SKIN_CLEANING_AGENT,10180.0,918.0,10943.0,1131.0,0.727,0.654,0.655,0.659,1.112,0.994
LEGUME,1706.0,528.0,2274.0,1057.0,0.418,0.11,0.612,0.137,3.818,4.471
CHOCOLATE_CANDY,3188.0,611.0,3535.0,1039.0,0.484,0.205,0.602,0.213,2.364,2.827
FISH,1441.0,513.0,1853.0,1003.0,0.406,0.093,0.581,0.112,4.391,5.207
VITAMIN,9804.0,802.0,10451.0,996.0,0.635,0.63,0.577,0.629,1.009,0.917
HERBAL_SUPPLEMENT,7779.0,689.0,8283.0,977.0,0.546,0.5,0.566,0.499,1.093,1.135
FRUIT_SNACK,2524.0,648.0,2912.0,961.0,0.513,0.162,0.556,0.175,3.167,3.174
SUGAR_CANDY,5094.0,648.0,5482.0,958.0,0.513,0.327,0.555,0.33,1.569,1.681
NUT_AND_SEED,3877.0,703.0,4391.0,918.0,0.557,0.249,0.532,0.264,2.237,2.011
CRACKER,2323.0,670.0,2601.0,909.0,0.531,0.149,0.526,0.157,3.558,3.362
CLEANING_AGENT,9506.0,757.0,10052.0,886.0,0.6,0.611,0.513,0.605,0.982,0.848
HEADPHONES,10464.0,675.0,10850.0,797.0,0.535,0.672,0.462,0.653,0.796,0.707
SKIN_MOISTURIZER,12650.0,644.0,13280.0,792.0,0.51,0.813,0.459,0.799,0.628,0.574
PANTS,14770.0,695.0,15465.0,777.0,0.551,0.949,0.45,0.931,0.58,0.483
FLAVORED_DRINK_CONCENTRATE,2307.0,450.0,2712.0,772.0,0.357,0.148,0.447,0.163,2.406,2.738
BATTERY,9477.0,667.0,9873.0,732.0,0.529,0.609,0.424,0.594,0.868,0.713
CELLULAR_PHONE_CASE,14059.0,667.0,14183.0,699.0,0.529,0.903,0.405,0.854,0.585,0.474
PET_SUPPLIES,10075.0,537.0,10906.0,680.0,0.426,0.647,0.394,0.657,0.657,0.6
SHOES,11783.0,656.0,11847.0,667.0,0.52,0.757,0.386,0.713,0.687,0.542
Grocery,0.0,484.0,0.0,667.0,0.384,0.0,0.386,0.0,,
HERB,3201.0,543.0,3336.0,632.0,0.43,0.206,0.366,0.201,2.092,1.822
BEAUTY,8124.0,526.0,8468.0,625.0,0.417,0.522,0.362,0.51,0.799,0.71
TEA,5964.0,489.0,6737.0,624.0,0.387,0.383,0.361,0.406,1.011,0.891
DAIRY_BASED_DRINK,1655.0,432.0,1883.0,614.0,0.342,0.106,0.356,0.113,3.22,3.137
LAUNDRY_DETERGENT,4759.0,483.0,5138.0,586.0,0.383,0.306,0.339,0.309,1.252,1.097
TOYS_AND_GAMES,10706.0,515.0,11175.0,583.0,0.408,0.688,0.338,0.673,0.593,0.502
MILK_SUBSTITUTE,1226.0,336.0,1462.0,566.0,0.266,0.079,0.328,0.088,3.381,3.724
TOILET_PAPER,4280.0,455.0,4601.0,563.0,0.361,0.275,0.326,0.277,1.311,1.177
SOCKS,9444.0,509.0,10111.0,561.0,0.403,0.607,0.325,0.609,0.665,0.534
TOY_FIGURE,10357.0,471.0,10802.0,556.0,0.373,0.665,0.322,0.65,0.561,0.495
DOWNLOADABLE_VIDEO_GAME,5041.0,540.0,5273.0,553.0,0.428,0.324,0.32,0.317,1.321,1.009
WRITING_INSTRUMENT,7827.0,459.0,8429.0,519.0,0.364,0.503,0.301,0.507,0.723,0.592
WASTE_BAG,5217.0,466.0,5527.0,517.0,0.369,0.335,0.299,0.333,1.102,0.9
SAFETY_MASK,4551.0,287.0,4971.0,477.0,0.227,0.292,0.276,0.299,0.778,0.923
CHARGING_ADAPTER,7493.0,428.0,7802.0,476.0,0.339,0.481,0.276,0.47,0.705,0.587
SCREEN_PROTECTOR,8766.0,444.0,8930.0,467.0,0.352,0.563,0.27,0.538,0.625,0.503
LIGHT_BULB,4557.0,339.0,5252.0,458.0,0.269,0.293,0.265,0.316,0.918,0.839
FIGURINE,3384.0,211.0,3544.0,458.0,0.167,0.217,0.265,0.213,0.769,1.243
CAKE,802.0,316.0,892.0,454.0,0.25,0.052,0.263,0.054,4.86,4.896
DRINKING_CUP,7273.0,353.0,7763.0,448.0,0.28,0.467,0.259,0.467,0.599,0.555
DAIRY_BASED_ICE_CREAM,1134.0,384.0,1226.0,446.0,0.304,0.073,0.258,0.074,4.177,3.499
PET_TOY,6611.0,326.0,7098.0,435.0,0.258,0.425,0.252,0.427,0.608,0.59
CONDIMENT,1098.0,356.0,1170.0,433.0,0.282,0.071,0.251,0.07,3.999,3.56
MINERAL_SUPPLEMENT,3988.0,342.0,4223.0,433.0,0.271,0.256,0.251,0.254,1.058,0.986
ANIMAL_LITTER,4104.0,351.0,4684.0,429.0,0.278,0.264,0.248,0.282,1.055,0.881
KITCHEN,4668.0,368.0,4865.0,424.0,0.292,0.3,0.246,0.293,0.972,0.838
RICE_MIX,555.0,195.0,716.0,415.0,0.155,0.036,0.24,0.043,4.334,5.575
SPORTING_GOODS,4468.0,344.0,4775.0,410.0,0.273,0.287,0.237,0.287,0.95,0.826
INCONTINENCE_PROTECTOR,4427.0,322.0,4735.0,403.0,0.255,0.284,0.233,0.285,0.897,0.819
ELECTRONIC_GIFT_CARD,2682.0,160.0,2826.0,401.0,0.127,0.172,0.232,0.17,0.736,1.365
NUT_BUTTER,1253.0,298.0,1422.0,398.0,0.236,0.08,0.23,0.086,2.934,2.692
HOME,6223.0,363.0,6658.0,397.0,0.288,0.4,0.23,0.401,0.72,0.574
TOOLS,2783.0,217.0,2950.0,397.0,0.172,0.179,0.23,0.178,0.962,1.295
TABLETOP_GAME,6668.0,364.0,6922.0,391.0,0.288,0.428,0.226,0.417,0.673,0.543
INKJET_PRINTER_INK,3338.0,283.0,3500.0,388.0,0.224,0.214,0.225,0.211,1.046,1.066
SKIN_CLEANING_WIPE,4841.0,309.0,5284.0,383.0,0.245,0.311,0.222,0.318,0.787,0.697
PIZZA,429.0,259.0,504.0,381.0,0.205,0.028,0.221,0.03,7.447,7.272
SHAMPOO,4322.0,291.0,4624.0,378.0,0.231,0.278,0.219,0.278,0.831,0.786
ANIMAL_NUTRITIONAL_SUPPLEMENT,2944.0,234.0,3105.0,376.0,0.185,0.189,0.218,0.187,0.98,1.165
ELECTRONIC_ADAPTER,4418.0,357.0,4578.0,376.0,0.283,0.284,0.218,0.276,0.997,0.79
PASTRY,850.0,271.0,930.0,374.0,0.215,0.055,0.217,0.056,3.933,3.868
PAPER_TOWEL,1941.0,295.0,2032.0,372.0,0.234,0.125,0.215,0.122,1.875,1.761
UNDERPANTS,6358.0,322.0,6812.0,363.0,0.255,0.408,0.21,0.41,0.625,0.513
TOOTH_CLEANING_AGENT,3907.0,329.0,4097.0,360.0,0.261,0.251,0.208,0.247,1.039,0.845
SEASONING,1587.0,293.0,1708.0,358.0,0.232,0.102,0.207,0.103,2.277,2.016
CHEWING_GUM,1473.0,267.0,1558.0,358.0,0.212,0.095,0.207,0.094,2.236,2.21
SNACK_MIX,1139.0,209.0,1299.0,355.0,0.166,0.073,0.206,0.078,2.263,2.629
LAMP,4854.0,269.0,5125.0,343.0,0.213,0.312,0.199,0.309,0.684,0.644
PHYSICAL_VIDEO_GAME_SOFTWARE,6462.0,298.0,6546.0,341.0,0.236,0.415,0.197,0.394,0.569,0.501
PRETZEL,871.0,246.0,971.0,338.0,0.195,0.056,0.196,0.058,3.484,3.348
ABIS_GIFT_CARD,5329.0,323.0,5526.0,335.0,0.256,0.342,0.194,0.333,0.748,0.583
PROTEIN_SUPPLEMENT_POWDER,3164.0,243.0,3350.0,330.0,0.193,0.203,0.191,0.202,0.947,0.948
BAKING_MIX,1282.0,233.0,1510.0,328.0,0.185,0.082,0.19,0.091,2.242,2.089
POPCORN,1149.0,205.0,1203.0,328.0,0.162,0.074,0.19,0.072,2.201,2.623
CEREAL,959.0,248.0,1075.0,328.0,0.197,0.062,0.19,0.065,3.19,2.935
BODY_DEODORANT,3658.0,291.0,3889.0,326.0,0.231,0.235,0.189,0.234,0.981,0.806
EGG,731.0,267.0,794.0,323.0,0.212,0.047,0.187,0.048,4.505,3.913
DAIRY_BASED_CREAM,901.0,255.0,962.0,320.0,0.202,0.058,0.185,0.058,3.491,3.2
OUTDOOR_LIVING,4846.0,291.0,5161.0,319.0,0.231,0.311,0.185,0.311,0.741,0.595
CURTAIN,3463.0,214.0,4371.0,316.0,0.17,0.222,0.183,0.263,0.762,0.695
PORTABLE_ELECTRONIC_DEVICE_COVER,6590.0,297.0,6687.0,308.0,0.235,0.423,0.178,0.403,0.556,0.443
PROTECTIVE_GLOVE,2194.0,204.0,2400.0,303.0,0.162,0.141,0.175,0.144,1.147,1.214
DIGITAL_DEVICE_3,2242.0,186.0,2418.0,299.0,0.147,0.144,0.173,0.146,1.023,1.189
BEER,163.0,202.0,174.0,298.0,0.16,0.01,0.173,0.01,15.286,16.474
FOOD_STORAGE_BAG,2076.0,252.0,2261.0,297.0,0.2,0.133,0.172,0.136,1.497,1.264
PHYSICAL_MOVIE,6567.0,276.0,6618.0,296.0,0.219,0.422,0.171,0.398,0.518,0.43
EDIBLE_OIL_VEGETABLE,1815.0,265.0,1918.0,295.0,0.21,0.117,0.171,0.115,1.801,1.479
ADHESIVE_TAPES,3631.0,257.0,3874.0,292.0,0.204,0.233,0.169,0.233,0.873,0.725
ORTHOPEDIC_BRACE,3317.0,250.0,3458.0,286.0,0.198,0.213,0.166,0.208,0.93,0.796
MOUTHWASH,1855.0,236.0,2122.0,285.0,0.187,0.119,0.165,0.128,1.569,1.292
HANGING_ORNAMENT,1714.0,108.0,1830.0,281.0,0.086,0.11,0.163,0.11,0.777,1.477
OFFICE_PRODUCTS,2872.0,240.0,3073.0,280.0,0.19,0.184,0.162,0.185,1.031,0.876
PROTEIN_DRINK,1764.0,158.0,1997.0,278.0,0.125,0.113,0.161,0.12,1.105,1.339
FOOD_STORAGE_CONTAINER,4090.0,243.0,4362.0,276.0,0.193,0.263,0.16,0.263,0.733,0.609
PUFFED_SNACK,854.0,200.0,964.0,276.0,0.158,0.055,0.16,0.058,2.889,2.754
TOY_BUILDING_BLOCK,3964.0,254.0,4071.0,275.0,0.201,0.255,0.159,0.245,0.79,0.65
CONDITIONER,4053.0,203.0,4279.0,275.0,0.161,0.26,0.159,0.258,0.618,0.618
HAIR_STYLING_AGENT,4736.0,233.0,4943.0,272.0,0.185,0.304,0.158,0.298,0.607,0.529
LABEL,2405.0,172.0,2556.0,271.0,0.136,0.154,0.157,0.154,0.882,1.02
SALAD_DRESSING,690.0,220.0,756.0,270.0,0.174,0.044,0.156,0.046,3.933,3.435
DRESS,7533.0,260.0,7564.0,268.0,0.206,0.484,0.155,0.455,0.426,0.341
STRING_LIGHT,4051.0,177.0,4846.0,268.0,0.14,0.26,0.155,0.292,0.539,0.532
TOWEL,3929.0,217.0,4102.0,267.0,0.172,0.252,0.155,0.247,0.681,0.626
BLANKET,4746.0,250.0,4904.0,262.0,0.198,0.305,0.152,0.295,0.65,0.514
PEST_CONTROL_DEVICE,2409.0,195.0,2728.0,262.0,0.155,0.155,0.152,0.164,0.998,0.924
ENVELOPE,1839.0,214.0,1937.0,259.0,0.17,0.118,0.15,0.117,1.435,1.286
BED_LINEN_SET,2723.0,181.0,2827.0,257.0,0.143,0.175,0.149,0.17,0.82,0.874
SWIMWEAR,4671.0,249.0,4694.0,256.0,0.197,0.3,0.148,0.283,0.658,0.525
PLANT_SEED,2683.0,227.0,2852.0,255.0,0.18,0.172,0.148,0.172,1.044,0.86
BRA,6027.0,234.0,6289.0,254.0,0.185,0.387,0.147,0.379,0.479,0.388
BABY_PRODUCT,3893.0,163.0,4074.0,254.0,0.129,0.25,0.147,0.245,0.516,0.6
MARKING_PEN,4122.0,217.0,4298.0,249.0,0.172,0.265,0.144,0.259,0.649,0.557
BONDING_ADHESIVES,3951.0,229.0,4298.0,249.0,0.181,0.254,0.144,0.259,0.715,0.557
INPUT_MOUSE,2850.0,230.0,2909.0,248.0,0.182,0.183,0.144,0.175,0.995,0.82
SUGAR_SUBSTITUTE,1550.0,202.0,1771.0,247.0,0.16,0.1,0.143,0.107,1.608,1.342
DAIRY_BASED_BUTTER,535.0,193.0,609.0,246.0,0.153,0.034,0.142,0.037,4.45,3.886
SHORTS,5769.0,218.0,6010.0,245.0,0.173,0.371,0.142,0.362,0.466,0.392
SANITARY_NAPKIN,1725.0,169.0,1918.0,245.0,0.134,0.111,0.142,0.115,1.208,1.229
PRINT_COPY_PAPER,1261.0,125.0,1460.0,243.0,0.099,0.081,0.141,0.088,1.223,1.601
TOOTHBRUSH,2572.0,210.0,2786.0,242.0,0.166,0.165,0.14,0.168,1.007,0.836
LEAVENING_AGENT,793.0,145.0,910.0,234.0,0.115,0.051,0.135,0.055,2.255,2.473
ABIS_MUSIC,4961.0,226.0,4990.0,232.0,0.179,0.319,0.134,0.3,0.562,0.447
MEAL_REPLACEMENT_BEVERAGE,1281.0,151.0,1426.0,228.0,0.12,0.082,0.132,0.086,1.454,1.538
POWER_STRIP,2588.0,184.0,2787.0,228.0,0.146,0.166,0.132,0.168,0.877,0.787
STICKER_DECAL,4702.0,211.0,4892.0,226.0,0.167,0.302,0.131,0.294,0.554,0.444
ART_CRAFT_KIT,4456.0,207.0,4598.0,225.0,0.164,0.286,0.13,0.277,0.573,0.471
SURFACE_CLEANING_WIPE,1576.0,164.0,1762.0,225.0,0.13,0.101,0.13,0.106,1.284,1.228
AUTO_ACCESSORY,3067.0,201.0,3270.0,224.0,0.159,0.197,0.13,0.197,0.808,0.659
BOTTLE,4058.0,199.0,4289.0,223.0,0.158,0.261,0.129,0.258,0.605,0.5
LIP_BALM,2417.0,153.0,2667.0,221.0,0.121,0.155,0.128,0.161,0.781,0.797
HAT,5299.0,211.0,5445.0,221.0,0.167,0.34,0.128,0.328,0.491,0.39
PAINT,3202.0,201.0,3527.0,212.0,0.159,0.206,0.123,0.212,0.774,0.578
CADDY,3817.0,170.0,4047.0,209.0,0.135,0.245,0.121,0.244,0.549,0.497
SWEATSHIRT,3826.0,182.0,3890.0,205.0,0.144,0.246,0.119,0.234,0.587,0.507
SKIN_TREATMENT_MASK,3605.0,163.0,3776.0,194.0,0.129,0.232,0.112,0.227,0.558,0.494
PROFESSIONAL_HEALTHCARE,1574.0,147.0,1698.0,193.0,0.116,0.101,0.112,0.102,1.152,1.093
COMPUTER_DRIVE_OR_STORAGE,2594.0,171.0,2718.0,192.0,0.135,0.167,0.111,0.164,0.813,0.679
POTABLE_WATER_FILTER,2936.0,177.0,3067.0,187.0,0.14,0.189,0.108,0.185,0.744,0.586
RUG,2764.0,142.0,2896.0,184.0,0.113,0.178,0.107,0.174,0.634,0.611
CHAIR,1993.0,129.0,2152.0,184.0,0.102,0.128,0.107,0.13,0.798,0.822
UTILITY_SPONGE,1960.0,156.0,2032.0,182.0,0.124,0.126,0.105,0.122,0.982,0.862
GIFT_WRAP,1582.0,129.0,1705.0,181.0,0.102,0.102,0.105,0.103,1.006,1.021
PHYSICAL_TV_SERIES,1502.0,165.0,1518.0,181.0,0.131,0.096,0.105,0.091,1.355,1.147
STORAGE_HOOK,2901.0,139.0,3158.0,180.0,0.11,0.186,0.104,0.19,0.591,0.548
FLASH_MEMORY,3142.0,153.0,3516.0,178.0,0.121,0.202,0.103,0.212,0.601,0.487
AREA_DEODORIZER,2719.0,128.0,3030.0,177.0,0.101,0.175,0.102,0.182,0.581,0.562
CANDLE,2448.0,146.0,2632.0,173.0,0.116,0.157,0.1,0.158,0.736,0.632
SKIN_CARE_AGENT,550.0,71.0,578.0,173.0,0.056,0.035,0.1,0.035,1.592,2.879
DIGITAL_DEVICE_4,1512.0,113.0,1620.0,173.0,0.09,0.097,0.1,0.098,0.922,1.027
CONSUMER_ELECTRONICS,1711.0,164.0,1747.0,172.0,0.13,0.11,0.1,0.105,1.182,0.947
BOARD_GAME,2477.0,171.0,2494.0,172.0,0.135,0.159,0.1,0.15,0.852,0.663
ART_SUPPLIES,2818.0,156.0,2932.0,171.0,0.124,0.181,0.099,0.176,0.683,0.561
BACKPACK,2667.0,161.0,2709.0,170.0,0.128,0.171,0.098,0.163,0.745,0.604
SYRUP,1578.0,164.0,1708.0,170.0,0.13,0.101,0.098,0.103,1.282,0.957
KEYBOARDS,2023.0,163.0,2044.0,168.0,0.129,0.13,0.097,0.123,0.994,0.791
GREETING_CARD,2326.0,155.0,2475.0,168.0,0.123,0.149,0.097,0.149,0.822,0.653
PESTICIDE,1684.0,133.0,1845.0,166.0,0.105,0.108,0.096,0.111,0.974,0.865
CLEANING_BRUSH,2543.0,153.0,2649.0,165.0,0.121,0.163,0.096,0.159,0.742,0.599
SUGAR,557.0,102.0,802.0,164.0,0.081,0.036,0.095,0.048,2.259,1.967
AUTO_PART,1509.0,134.0,1619.0,163.0,0.106,0.097,0.094,0.097,1.095,0.968
PUZZLES,3148.0,156.0,3202.0,162.0,0.124,0.202,0.094,0.193,0.611,0.487
PET_PEST_CONTROL,1782.0,123.0,1953.0,162.0,0.097,0.114,0.094,0.118,0.851,0.798
ELECTRIC_FAN,1982.0,143.0,2173.0,161.0,0.113,0.127,0.093,0.131,0.89,0.713
MASSAGER,2993.0,149.0,3057.0,159.0,0.118,0.192,0.092,0.184,0.614,0.5
STORAGE_BOX,1589.0,127.0,1738.0,159.0,0.101,0.102,0.092,0.105,0.986,0.88
HVAC_AIR_FILTER,2673.0,149.0,2793.0,158.0,0.118,0.172,0.091,0.168,0.688,0.544
SHELF,2630.0,130.0,2889.0,157.0,0.103,0.169,0.091,0.174,0.61,0.523
CLINICAL_DIAGNOSTIC_TESTING_KIT,309.0,37.0,580.0,157.0,0.029,0.02,0.091,0.035,1.477,2.604
BLANK_BOOK,2316.0,114.0,2406.0,154.0,0.09,0.149,0.089,0.145,0.607,0.616
HAND_SANITIZER,309.0,55.0,340.0,153.0,0.044,0.02,0.089,0.02,2.196,4.329
FLOUR,1096.0,121.0,1169.0,151.0,0.096,0.07,0.087,0.07,1.362,1.243
BODY_LUBRICANT,1559.0,131.0,1615.0,150.0,0.104,0.1,0.087,0.097,1.036,0.893
DISHWARE_PLATE,1206.0,135.0,1314.0,150.0,0.107,0.077,0.087,0.079,1.381,1.098
FACIAL_TISSUE,979.0,117.0,1047.0,150.0,0.093,0.063,0.087,0.063,1.474,1.378
PICKLE,334.0,133.0,406.0,150.0,0.105,0.021,0.087,0.024,4.912,3.554
BODY_POSITIONER,2417.0,142.0,2473.0,148.0,0.113,0.155,0.086,0.149,0.725,0.576
LIGHT_FIXTURE,2346.0,113.0,2747.0,146.0,0.09,0.151,0.085,0.165,0.594,0.511
BUILDING_MATERIAL,1167.0,104.0,1380.0,146.0,0.082,0.075,0.085,0.083,1.099,1.018
RESPIRATOR,1321.0,126.0,1480.0,145.0,0.1,0.085,0.084,0.089,1.177,0.942
SPEAKERS,2107.0,133.0,2186.0,144.0,0.105,0.135,0.083,0.132,0.779,0.634
HARDWARE_HANDLE,1681.0,102.0,2235.0,143.0,0.081,0.108,0.083,0.135,0.748,0.615
DISHWASHER_DETERGENT,1956.0,128.0,2055.0,143.0,0.101,0.126,0.083,0.124,0.807,0.669
ARTIFICIAL_PLANT,1395.0,96.0,1584.0,142.0,0.076,0.09,0.082,0.095,0.849,0.862
WOUND_DRESSING,1845.0,118.0,2063.0,142.0,0.094,0.119,0.082,0.124,0.789,0.662
HAIR_BRUSH,2439.0,137.0,2496.0,141.0,0.109,0.157,0.082,0.15,0.693,0.543
BAKING_CHOCOLATE,460.0,118.0,512.0,140.0,0.094,0.03,0.081,0.031,3.164,2.63
DENTAL_FLOSS,1451.0,110.0,1632.0,140.0,0.087,0.093,0.081,0.098,0.935,0.825
SUNSCREEN,2327.0,102.0,2616.0,139.0,0.081,0.149,0.08,0.157,0.541,0.511
BOOT,2922.0,138.0,2935.0,139.0,0.109,0.188,0.08,0.177,0.583,0.456
FABRIC,699.0,77.0,898.0,139.0,0.061,0.045,0.08,0.054,1.359,1.489
NON_DAIRY_CREAM,731.0,111.0,783.0,139.0,0.088,0.047,0.08,0.047,1.873,1.708
PICTURE_FRAME,2512.0,96.0,2847.0,135.0,0.076,0.161,0.078,0.171,0.471,0.456
HARDWARE,1294.0,99.0,1517.0,134.0,0.078,0.083,0.078,0.091,0.944,0.85
DISHWARE_BOWL,1397.0,122.0,1459.0,134.0,0.097,0.09,0.078,0.088,1.077,0.883
HAIR_COLORING_AGENT,3188.0,108.0,3548.0,134.0,0.086,0.205,0.078,0.214,0.418,0.363
PERSONAL_FRAGRANCE,1663.0,105.0,1712.0,133.0,0.083,0.107,0.077,0.103,0.779,0.747
PORTABLE_ELECTRONIC_DEVICE_STAND,1988.0,115.0,2043.0,132.0,0.091,0.128,0.076,0.123,0.714,0.622
SWEATER,3208.0,129.0,3234.0,132.0,0.102,0.206,0.076,0.195,0.496,0.393
FLASH_DRIVE,1212.0,113.0,1356.0,131.0,0.09,0.078,0.076,0.082,1.15,0.929
CARRIER_BAG_CASE,1816.0,80.0,1891.0,131.0,0.063,0.117,0.076,0.114,0.543,0.666
INSECT_REPELLENT,1007.0,93.0,1090.0,131.0,0.074,0.065,0.076,0.066,1.139,1.156
MATTRESS_COVER,1937.0,116.0,2055.0,131.0,0.092,0.124,0.076,0.124,0.739,0.613
FABRIC_SOFTENER,1264.0,120.0,1342.0,131.0,0.095,0.081,0.076,0.081,1.171,0.939
HARDWARE_TUBING,1499.0,115.0,1633.0,131.0,0.091,0.096,0.076,0.098,0.946,0.772
ELECTRONIC_SWITCH,1359.0,101.0,1531.0,130.0,0.08,0.087,0.075,0.092,0.917,0.817
VINEGAR,374.0,107.0,401.0,129.0,0.085,0.024,0.075,0.024,3.529,3.094
STORAGE_BAG,2160.0,115.0,2299.0,128.0,0.091,0.139,0.074,0.138,0.657,0.536
STANDALONE_STREAMING_MEDIA_PLAYER,978.0,77.0,1037.0,124.0,0.061,0.063,0.072,0.062,0.971,1.15
WATCH_BAND,3390.0,124.0,3411.0,124.0,0.098,0.218,0.072,0.205,0.451,0.35
POWER_CORD,1426.0,90.0,1554.0,123.0,0.071,0.092,0.071,0.094,0.779,0.761
SKIN_EXFOLIANT,2152.0,105.0,2284.0,123.0,0.083,0.138,0.071,0.137,0.602,0.518
COLLECTIBLE_CARD,917.0,82.0,1062.0,121.0,0.065,0.059,0.07,0.064,1.103,1.096
PANTRY,262.0,72.0,327.0,120.0,0.057,0.017,0.069,0.02,3.39,3.53
WEIGH_SCALE,2378.0,119.0,2385.0,120.0,0.094,0.153,0.069,0.144,0.617,0.484
CULINARY_SALT,793.0,102.0,835.0,120.0,0.081,0.051,0.069,0.05,1.587,1.382
COFFEE_MAKER,1644.0,115.0,1653.0,118.0,0.091,0.106,0.068,0.1,0.863,0.687
SHELLFISH,383.0,97.0,434.0,117.0,0.077,0.025,0.068,0.026,3.124,2.593
SANDAL,3460.0,116.0,3473.0,117.0,0.092,0.222,0.068,0.209,0.414,0.324
PORTABLE_ELECTRONIC_DEVICE_MOUNT,2410.0,111.0,2509.0,117.0,0.088,0.155,0.068,0.151,0.568,0.449
NECKLACE,3334.0,112.0,3432.0,116.0,0.089,0.214,0.067,0.207,0.414,0.325
ANIMAL_COLLAR,1579.0,94.0,1667.0,116.0,0.074,0.101,0.067,0.1,0.734,0.669
PILLOW,2357.0,102.0,2537.0,116.0,0.081,0.151,0.067,0.153,0.534,0.44
SHOE_INSERT,1652.0,101.0,1744.0,116.0,0.08,0.106,0.067,0.105,0.754,0.64
OUTDOOR_RECREATION_PRODUCT,2029.0,98.0,2171.0,116.0,0.078,0.13,0.067,0.131,0.596,0.514
EARRING,2902.0,108.0,2951.0,114.0,0.086,0.186,0.066,0.178,0.459,0.372
CRAFT_BEAD,1011.0,104.0,1088.0,114.0,0.082,0.065,0.066,0.065,1.269,1.008
PET_BED_MAT,1485.0,92.0,1579.0,114.0,0.073,0.095,0.066,0.095,0.764,0.694
BAKING_PAN,1580.0,110.0,1700.0,113.0,0.087,0.101,0.065,0.102,0.859,0.639
FLAT_SHEET,152.0,14.0,158.0,113.0,0.011,0.01,0.065,0.01,1.136,6.88
APPAREL_BELT,1711.0,106.0,1735.0,112.0,0.084,0.11,0.065,0.104,0.764,0.621
VACUUM_CLEANER,1670.0,103.0,1684.0,112.0,0.082,0.107,0.065,0.101,0.761,0.64
SLIPPER,2550.0,107.0,2589.0,110.0,0.085,0.164,0.064,0.156,0.518,0.409
MEAL_HOLDER,1498.0,76.0,1552.0,110.0,0.06,0.096,0.064,0.093,0.626,0.682
PET_APPAREL,1300.0,102.0,1329.0,110.0,0.081,0.084,0.064,0.08,0.968,0.796
APPAREL,2290.0,107.0,2397.0,110.0,0.085,0.147,0.064,0.144,0.576,0.441
TAMPON,679.0,80.0,729.0,110.0,0.063,0.044,0.064,0.044,1.453,1.451
ELECTRONIC_COMPONENT_FAN,1326.0,82.0,1547.0,109.0,0.065,0.085,0.063,0.093,0.763,0.678
PLUMBING_FIXTURE,1279.0,93.0,1348.0,109.0,0.074,0.082,0.063,0.081,0.897,0.778
REMOTE_CONTROL,1800.0,103.0,1871.0,108.0,0.082,0.116,0.063,0.113,0.706,0.555
THERMOMETER,2262.0,104.0,2350.0,108.0,0.082,0.145,0.063,0.141,0.567,0.442
WATCH,1141.0,69.0,1158.0,108.0,0.055,0.073,0.063,0.07,0.746,0.897
WALLET,2262.0,106.0,2296.0,108.0,0.084,0.145,0.063,0.138,0.578,0.452
MANUAL_SHAVING_RAZOR,1962.0,104.0,2033.0,106.0,0.082,0.126,0.061,0.122,0.654,0.502
NETWORK_INTERFACE_CONTROLLER_ADAPTER,1358.0,101.0,1410.0,105.0,0.08,0.087,0.061,0.085,0.917,0.716
STORAGE_RACK,1775.0,87.0,1898.0,105.0,0.069,0.114,0.061,0.114,0.605,0.532
PET_FEEDER,1694.0,85.0,1872.0,104.0,0.067,0.109,0.06,0.113,0.619,0.534
YARN,1263.0,67.0,1501.0,103.0,0.053,0.081,0.06,0.09,0.654,0.66
CLOTHES_HANGER,1376.0,83.0,1476.0,102.0,0.066,0.088,0.059,0.089,0.744,0.665
PLANTER,1995.0,86.0,2147.0,102.0,0.068,0.128,0.059,0.129,0.532,0.457
ESSENTIAL_OIL,2256.0,98.0,2313.0,102.0,0.078,0.145,0.059,0.139,0.536,0.424
RECREATION_BALL,1793.0,92.0,1933.0,100.0,0.073,0.115,0.058,0.116,0.633,0.498
WEARABLE_COMPUTER,1095.0,90.0,1103.0,100.0,0.071,0.07,0.058,0.066,1.014,0.872
VIDEO_GAME_CONTROLLER,1669.0,90.0,1726.0,98.0,0.071,0.107,0.057,0.104,0.665,0.546
COAT,2766.0,96.0,2815.0,98.0,0.076,0.178,0.057,0.169,0.428,0.335
INPUT_PEN,1226.0,79.0,1244.0,98.0,0.063,0.079,0.057,0.075,0.795,0.758
LOCK,1430.0,79.0,1588.0,97.0,0.063,0.092,0.056,0.096,0.681,0.588
ASTRINGENT_SUBSTANCE,1368.0,63.0,1452.0,96.0,0.05,0.088,0.056,0.087,0.568,0.636
MEASURING_CUP,1004.0,85.0,1032.0,95.0,0.067,0.064,0.055,0.062,1.044,0.885
FERTILIZER,1531.0,67.0,1638.0,95.0,0.053,0.098,0.055,0.099,0.54,0.558
SCISSORS,1531.0,90.0,1595.0,94.0,0.071,0.098,0.054,0.096,0.725,0.567
MICROPHONE,1214.0,79.0,1246.0,94.0,0.063,0.078,0.054,0.075,0.803,0.726
MOUSE_PAD,1427.0,90.0,1471.0,93.0,0.071,0.092,0.054,0.089,0.778,0.608
MULTIPORT_HUB,994.0,87.0,1014.0,93.0,0.069,0.064,0.054,0.061,1.08,0.882
PILLOWCASE,1357.0,65.0,1450.0,93.0,0.052,0.087,0.054,0.087,0.591,0.617
WIRELESS_ACCESSORY,1581.0,92.0,1625.0,92.0,0.073,0.102,0.053,0.098,0.718,0.545
HAIR_TRIMMER,1187.0,85.0,1191.0,91.0,0.067,0.076,0.053,0.072,0.883,0.735
PAJAMAS,2262.0,88.0,2292.0,90.0,0.07,0.145,0.052,0.138,0.48,0.378
VIDEO_GAME_CONSOLE,744.0,87.0,766.0,90.0,0.069,0.048,0.052,0.046,1.442,1.13
NAIL_POLISH,2632.0,86.0,2693.0,89.0,0.068,0.169,0.052,0.162,0.403,0.318
SEXUAL_STIMULATION_DEVICE,1382.0,78.0,1394.0,89.0,0.062,0.089,0.052,0.084,0.696,0.614
NON_RIDING_TOY_VEHICLE,2269.0,85.0,2325.0,88.0,0.067,0.146,0.051,0.14,0.462,0.364
CLOCK,965.0,79.0,990.0,88.0,0.063,0.062,0.051,0.06,1.01,0.855
THICKENING_AGENT,821.0,71.0,904.0,88.0,0.056,0.053,0.051,0.054,1.067,0.936
HANDBAG,2278.0,83.0,2302.0,87.0,0.066,0.146,0.05,0.139,0.449,0.364
HOME_LIGHTING_ACCESSORY,1017.0,67.0,1143.0,87.0,0.053,0.065,0.05,0.069,0.813,0.732
PRINTER,874.0,70.0,881.0,87.0,0.055,0.056,0.05,0.053,0.988,0.95
FILE_FOLDER,894.0,66.0,1012.0,87.0,0.052,0.057,0.05,0.061,0.911,0.827
TRASH_CAN,1334.0,78.0,1426.0,87.0,0.062,0.086,0.05,0.086,0.721,0.587
TOFU,78.0,29.0,92.0,86.0,0.023,0.005,0.05,0.006,4.586,8.992
PERSONAL_PILL_DISPENSER,1073.0,77.0,1140.0,86.0,0.061,0.069,0.05,0.069,0.885,0.726
CARD_DOCUMENT_SLEEVE,997.0,69.0,1138.0,86.0,0.055,0.064,0.05,0.069,0.854,0.727
VIDEO_GAME_ACCESSORIES,1193.0,74.0,1231.0,86.0,0.059,0.077,0.05,0.074,0.765,0.672
GAS_SMOKE_FIRE_ALARM,580.0,66.0,736.0,85.0,0.052,0.037,0.049,0.044,1.404,1.111
SUNGLASSES,2221.0,77.0,2246.0,83.0,0.061,0.143,0.048,0.135,0.428,0.355
KNIFE,950.0,72.0,988.0,83.0,0.057,0.061,0.048,0.059,0.935,0.808
BRACELET,1883.0,75.0,1990.0,82.0,0.059,0.121,0.047,0.12,0.491,0.396
ELECTRIC_SHAVER,1220.0,81.0,1242.0,82.0,0.064,0.078,0.047,0.075,0.819,0.635
COSTUME_OUTFIT,2596.0,80.0,2621.0,81.0,0.063,0.167,0.047,0.158,0.38,0.297
LASER_PRINTER_TONER,441.0,56.0,453.0,81.0,0.044,0.028,0.047,0.027,1.566,1.72
SELF_STICK_NOTE,613.0,49.0,653.0,81.0,0.039,0.039,0.047,0.039,0.986,1.193
MACHINE_LUBRICANT,909.0,74.0,1003.0,81.0,0.059,0.058,0.047,0.06,1.004,0.777
FLASHLIGHT,1090.0,65.0,1134.0,81.0,0.052,0.07,0.047,0.068,0.736,0.687
TABLET_COMPUTER,599.0,76.0,614.0,81.0,0.06,0.038,0.047,0.037,1.565,1.269
KITCHEN_KNIFE,1228.0,72.0,1262.0,80.0,0.057,0.079,0.046,0.076,0.723,0.61
WIG,1765.0,79.0,1789.0,80.0,0.063,0.113,0.046,0.108,0.552,0.43
CONCENTRATED_FLAVORING_SUBSTANCE,453.0,64.0,488.0,80.0,0.051,0.029,0.046,0.029,1.743,1.577
APPAREL_HEAD_NECK_COVERING,1329.0,76.0,1374.0,79.0,0.06,0.085,0.046,0.083,0.705,0.553
EARPLUG,1027.0,70.0,1071.0,79.0,0.055,0.066,0.046,0.064,0.841,0.71
WATER_PURIFICATION_UNIT,912.0,64.0,957.0,79.0,0.051,0.059,0.046,0.058,0.866,0.794
NIGHTGOWN_NIGHTSHIRT,1145.0,79.0,1159.0,79.0,0.063,0.074,0.046,0.07,0.851,0.656
POWER_BANK,1390.0,68.0,1440.0,78.0,0.054,0.089,0.045,0.087,0.603,0.521
TOPICAL_HAIR_REGROWTH_TREATMENT,809.0,72.0,826.0,77.0,0.057,0.052,0.045,0.05,1.098,0.897
CELLULAR_PHONE,961.0,70.0,1008.0,77.0,0.055,0.062,0.045,0.061,0.898,0.735
ART_MEDIA_PAPER,959.0,53.0,1019.0,77.0,0.042,0.062,0.045,0.061,0.682,0.727
HONEY,496.0,61.0,527.0,77.0,0.048,0.032,0.045,0.032,1.517,1.405
COFFEE_FILTER,1148.0,75.0,1183.0,77.0,0.059,0.074,0.045,0.071,0.806,0.626
BATHWATER_ADDITIVE,1640.0,74.0,1723.0,77.0,0.059,0.105,0.045,0.104,0.557,0.43
TRAY,660.0,61.0,706.0,77.0,0.048,0.042,0.045,0.042,1.14,1.049
WALL_PLATE,545.0,48.0,861.0,76.0,0.038,0.035,0.044,0.052,1.086,0.849
FOOD_WRAP,467.0,68.0,499.0,76.0,0.054,0.03,0.044,0.03,1.796,1.465
ORAL_IRRIGATOR,561.0,68.0,589.0,75.0,0.054,0.036,0.043,0.035,1.495,1.225
RAZOR_BLADE_CARTRIDGE,1255.0,68.0,1279.0,75.0,0.054,0.081,0.043,0.077,0.668,0.564
FLATWARE,663.0,62.0,705.0,75.0,0.049,0.043,0.043,0.042,1.154,1.023
ANIMAL_FUR_CLEANER_CONDITIONER,654.0,43.0,675.0,75.0,0.034,0.042,0.043,0.041,0.811,1.069
PET_ACTIVITY_STRUCTURE,1527.0,75.0,1656.0,75.0,0.059,0.098,0.043,0.1,0.606,0.436
LAB_SUPPLY,771.0,55.0,814.0,74.0,0.044,0.05,0.043,0.049,0.88,0.874
UMBRELLA,821.0,55.0,901.0,74.0,0.044,0.053,0.043,0.054,0.826,0.79
PLANNER,1285.0,68.0,1319.0,74.0,0.054,0.083,0.043,0.079,0.653,0.54
RING,2216.0,69.0,2249.0,73.0,0.055,0.142,0.042,0.135,0.384,0.312
COSMETIC_CASE,1373.0,67.0,1418.0,73.0,0.053,0.088,0.042,0.085,0.602,0.495
WIRE,274.0,29.0,282.0,73.0,0.023,0.018,0.042,0.017,1.306,2.49
CAMCORDER,1043.0,69.0,1062.0,72.0,0.055,0.067,0.042,0.064,0.816,0.652
TABLE,1182.0,68.0,1275.0,71.0,0.054,0.076,0.041,0.077,0.71,0.536
HOME_BED_AND_BATH,997.0,66.0,1043.0,71.0,0.052,0.064,0.041,0.063,0.817,0.655
ANIMAL_HARNESS,1339.0,66.0,1374.0,70.0,0.052,0.086,0.041,0.083,0.608,0.49
EXERCISE_BAND,1045.0,68.0,1062.0,70.0,0.054,0.067,0.041,0.064,0.803,0.634
HAIR_TIE,1597.0,68.0,1642.0,70.0,0.054,0.103,0.041,0.099,0.525,0.41
SPRAY_BOTTLE,1082.0,57.0,1138.0,70.0,0.045,0.07,0.041,0.069,0.65,0.592
FASTENER_DRIVE_BIT,581.0,64.0,600.0,69.0,0.051,0.037,0.04,0.036,1.359,1.106
CUTTING_BOARD,901.0,53.0,927.0,69.0,0.042,0.058,0.04,0.056,0.726,0.716
SECURITY_CAMERA,1037.0,54.0,1126.0,69.0,0.043,0.067,0.04,0.068,0.642,0.589
VDO_DEVICES,1005.0,64.0,1078.0,68.0,0.051,0.065,0.039,0.065,0.786,0.607
TOOTHBRUSH_HEAD,1155.0,67.0,1183.0,68.0,0.053,0.074,0.039,0.071,0.716,0.553
LEASH,936.0,48.0,971.0,68.0,0.038,0.06,0.039,0.058,0.633,0.674
SPORT_ACTIVITY_GLOVE,1179.0,67.0,1203.0,68.0,0.053,0.076,0.039,0.072,0.701,0.544
SCIENCE_FUNDAMENTALS_KIT,792.0,61.0,819.0,68.0,0.048,0.051,0.039,0.049,0.95,0.799
CANDY,435.0,55.0,464.0,68.0,0.044,0.028,0.039,0.028,1.56,1.41
APRON,548.0,18.0,590.0,67.0,0.014,0.035,0.039,0.036,0.405,1.092
HAIR_CLEANER_CONDITIONER,1417.0,59.0,1450.0,67.0,0.047,0.091,0.039,0.087,0.514,0.444
ART_AND_CRAFT_SUPPLY,831.0,58.0,899.0,67.0,0.046,0.053,0.039,0.054,0.861,0.717
SCREWDRIVER,803.0,61.0,822.0,67.0,0.048,0.052,0.039,0.049,0.937,0.784
HANGING_ROD,847.0,53.0,976.0,67.0,0.042,0.054,0.039,0.059,0.772,0.66
WRITING_BOARD,1036.0,53.0,1112.0,67.0,0.042,0.067,0.039,0.067,0.631,0.58
MAJOR_HOME_APPLIANCES,1057.0,67.0,1108.0,67.0,0.053,0.068,0.039,0.067,0.782,0.582
DISPOSABLE_INCONTINENCE_SURFACE_PROTECTOR,409.0,64.0,434.0,67.0,0.051,0.026,0.039,0.026,1.93,1.485
AMAZON_BOOK_READER,369.0,46.0,377.0,66.0,0.036,0.024,0.038,0.023,1.538,1.684
LIGHT_SOURCE,94.0,10.0,102.0,66.0,0.008,0.006,0.038,0.006,1.312,6.224
SAFETY_GLASSES,1142.0,51.0,1213.0,66.0,0.04,0.073,0.038,0.073,0.551,0.523
STORAGE_BINDER,559.0,48.0,622.0,64.0,0.038,0.036,0.037,0.037,1.059,0.99
BLOOD_OXYGEN_MONITOR,374.0,34.0,383.0,64.0,0.027,0.024,0.037,0.023,1.121,1.607
DRAIN_OPENER_SUBSTANCE,632.0,55.0,664.0,64.0,0.044,0.041,0.037,0.04,1.073,0.927
SKIN_FOUNDATION_CONCEALER,2048.0,61.0,2109.0,64.0,0.048,0.132,0.037,0.127,0.367,0.292
BANNER,1864.0,61.0,1927.0,64.0,0.048,0.12,0.037,0.116,0.404,0.319
KEYCHAIN,1385.0,54.0,1464.0,64.0,0.043,0.089,0.037,0.088,0.481,0.421
BASKET,820.0,48.0,922.0,63.0,0.038,0.053,0.036,0.056,0.722,0.657
WIPER_BLADE,839.0,59.0,891.0,62.0,0.047,0.054,0.036,0.054,0.867,0.669
CONTACT_LENS_CLEANER,669.0,55.0,714.0,62.0,0.044,0.043,0.036,0.043,1.014,0.835
FOOD_SLICER,716.0,58.0,723.0,62.0,0.046,0.046,0.036,0.044,0.999,0.825
BED_FRAME,1009.0,58.0,1042.0,62.0,0.046,0.065,0.036,0.063,0.709,0.572
NETWORKING_ROUTER,899.0,60.0,908.0,61.0,0.048,0.058,0.035,0.055,0.823,0.646
AIR_PURIFIER,877.0,54.0,926.0,61.0,0.043,0.056,0.035,0.056,0.76,0.634
SAUTE_FRY_PAN,1074.0,61.0,1086.0,61.0,0.048,0.069,0.035,0.065,0.701,0.54
BAKING_PAPER,592.0,54.0,619.0,61.0,0.043,0.038,0.035,0.037,1.125,0.948
CAN_OPENER,543.0,47.0,550.0,61.0,0.037,0.035,0.035,0.033,1.068,1.067
MONITOR,826.0,57.0,864.0,61.0,0.045,0.053,0.035,0.052,0.851,0.679
VALVE,925.0,60.0,997.0,61.0,0.048,0.059,0.035,0.06,0.8,0.589
INTERNAL_MEMORY,920.0,57.0,976.0,61.0,0.045,0.059,0.035,0.059,0.764,0.601
CARD_STOCK,485.0,44.0,528.0,60.0,0.035,0.031,0.035,0.032,1.119,1.093
SKIN_SERUM,1736.0,56.0,1779.0,60.0,0.044,0.112,0.035,0.107,0.398,0.324
CALENDAR,1186.0,59.0,1217.0,60.0,0.047,0.076,0.035,0.073,0.614,0.474
MECHANICAL_LIGHTER,1025.0,53.0,1084.0,59.0,0.042,0.066,0.034,0.065,0.638,0.524
HAIR_CLIP,1696.0,56.0,1728.0,59.0,0.044,0.109,0.034,0.104,0.407,0.328
HAIR_COMB,1074.0,55.0,1093.0,59.0,0.044,0.069,0.034,0.066,0.632,0.519
SIGNAGE,697.0,49.0,763.0,59.0,0.039,0.045,0.034,0.046,0.867,0.744
DRYING_RACK,857.0,57.0,875.0,59.0,0.045,0.055,0.034,0.053,0.82,0.649
ITEM_STAND,742.0,49.0,786.0,59.0,0.039,0.048,0.034,0.047,0.815,0.722
FOOD_BLENDER,756.0,56.0,762.0,59.0,0.044,0.049,0.034,0.046,0.914,0.745
SKIN_CLEANING_BRUSH,663.0,58.0,675.0,59.0,0.046,0.043,0.034,0.041,1.079,0.841
THERAPEUTIC_THERMAL_COMPRESS,844.0,55.0,880.0,58.0,0.044,0.054,0.034,0.053,0.804,0.634
ABIS_DVD,883.0,58.0,887.0,58.0,0.046,0.057,0.034,0.053,0.81,0.629
HOSE_PIPE_FITTING,724.0,45.0,860.0,58.0,0.036,0.047,0.034,0.052,0.767,0.649
FOOD_SPATULA,912.0,53.0,928.0,58.0,0.042,0.059,0.034,0.056,0.717,0.601
WRENCH,749.0,47.0,762.0,58.0,0.037,0.048,0.034,0.046,0.774,0.732
FLAT_SCREEN_DISPLAY_MOUNT,1185.0,52.0,1245.0,58.0,0.041,0.076,0.034,0.075,0.541,0.448
EYELID_COLOR,2100.0,51.0,2184.0,57.0,0.04,0.135,0.033,0.131,0.3,0.251
FOOD_STRAINER,672.0,55.0,698.0,57.0,0.044,0.043,0.033,0.042,1.01,0.786
WEIGHT_PLATE,92.0,15.0,142.0,57.0,0.012,0.006,0.033,0.009,2.011,3.861
SHAVING_AGENT,787.0,36.0,826.0,57.0,0.029,0.051,0.033,0.05,0.564,0.664
SIM_CARD,274.0,36.0,306.0,57.0,0.029,0.018,0.033,0.018,1.621,1.792
BALLOON,1142.0,45.0,1190.0,56.0,0.036,0.073,0.032,0.072,0.486,0.453
FALSE_NAIL,1138.0,52.0,1185.0,56.0,0.041,0.073,0.032,0.071,0.564,0.455
NAIL_CLIPPER,689.0,53.0,719.0,56.0,0.042,0.044,0.032,0.043,0.949,0.749
BATHING_SPONGE,704.0,53.0,726.0,56.0,0.042,0.045,0.032,0.044,0.929,0.742
WILDLIFE_FEEDER,694.0,51.0,722.0,56.0,0.04,0.045,0.032,0.043,0.906,0.746
TABLECLOTH,852.0,47.0,1038.0,56.0,0.037,0.055,0.032,0.062,0.68,0.519
MEDICAL_TEST_STRIP,1289.0,45.0,1327.0,55.0,0.036,0.083,0.032,0.08,0.431,0.399
ABIS_DOWNLOADABLE_SOFTWARE,588.0,55.0,593.0,55.0,0.044,0.038,0.032,0.036,1.154,0.892
COSMETIC_BRUSH,1436.0,49.0,1490.0,55.0,0.039,0.092,0.032,0.09,0.421,0.355
JEWELRY_STORAGE,1345.0,49.0,1400.0,55.0,0.039,0.086,0.032,0.084,0.449,0.378
THREAD_CORD,746.0,45.0,794.0,54.0,0.036,0.048,0.031,0.048,0.744,0.654
THERMOS,1415.0,49.0,1441.0,54.0,0.039,0.091,0.031,0.087,0.427,0.36
FOOD_PREPARATION_MOLD,599.0,51.0,612.0,54.0,0.04,0.038,0.031,0.037,1.05,0.849
HOME_MIRROR,926.0,51.0,954.0,54.0,0.04,0.059,0.031,0.057,0.679,0.544
ANIMAL_WATER_DISPENSER,1103.0,51.0,1172.0,53.0,0.04,0.071,0.031,0.071,0.57,0.435
DUFFEL_BAG,558.0,28.0,571.0,53.0,0.022,0.036,0.031,0.034,0.619,0.893
SLEEP_MASK,1001.0,50.0,1033.0,53.0,0.04,0.064,0.031,0.062,0.616,0.494
LAB_CHEMICAL,447.0,39.0,495.0,53.0,0.031,0.029,0.031,0.03,1.076,1.03
CABLE_TIE,597.0,43.0,620.0,53.0,0.034,0.038,0.031,0.037,0.888,0.822
BATTERY_CHARGER,885.0,52.0,904.0,53.0,0.041,0.057,0.031,0.054,0.725,0.564
PUMP_DISPENSER,742.0,43.0,811.0,53.0,0.034,0.048,0.031,0.049,0.715,0.629
HAIRBAND,1357.0,50.0,1383.0,52.0,0.04,0.087,0.03,0.083,0.454,0.362
FURNITURE_LINER,426.0,36.0,534.0,52.0,0.029,0.027,0.03,0.032,1.042,0.937
PAINT_BRUSH,958.0,49.0,1012.0,52.0,0.039,0.062,0.03,0.061,0.631,0.494
TEXTILE_DEODORIZER,743.0,44.0,785.0,52.0,0.035,0.048,0.03,0.047,0.73,0.637
POOL_SPA_WATER_TREATMENT,582.0,37.0,614.0,52.0,0.029,0.037,0.03,0.037,0.784,0.815
DRINKING_STRAW,1187.0,52.0,1238.0,52.0,0.041,0.076,0.03,0.075,0.54,0.404
SPOON,582.0,51.0,603.0,52.0,0.04,0.037,0.03,0.036,1.081,0.83
MEAT_ALTERNATIVE,140.0,37.0,173.0,52.0,0.029,0.009,0.03,0.01,3.26,2.891
ELECTRONIC_DEVICE_DOCKING_STATION,184.0,28.0,190.0,52.0,0.022,0.012,0.03,0.011,1.877,2.633
TIMER,559.0,44.0,598.0,52.0,0.035,0.036,0.03,0.036,0.971,0.836
CONTAINER_LID,974.0,46.0,1028.0,51.0,0.036,0.063,0.03,0.062,0.583,0.477
PACKING_MATERIAL,465.0,37.0,514.0,51.0,0.029,0.03,0.03,0.031,0.981,0.954
SEALANT,500.0,36.0,549.0,51.0,0.029,0.032,0.03,0.033,0.888,0.894
LITTER_BOX,1020.0,41.0,1141.0,51.0,0.032,0.066,0.03,0.069,0.496,0.43
CORRECTIVE_EYEGLASSES,729.0,50.0,747.0,51.0,0.04,0.047,0.03,0.045,0.846,0.657
PRIME,214.0,50.0,214.0,50.0,0.04,0.014,0.029,0.013,2.882,2.247
VACUUM_FILTER,771.0,46.0,798.0,50.0,0.036,0.05,0.029,0.048,0.736,0.603
SCREWS,604.0,45.0,646.0,50.0,0.036,0.039,0.029,0.039,0.919,0.745
DUMBBELL,450.0,42.0,503.0,49.0,0.033,0.029,0.028,0.03,1.151,0.937
DECORATIVE_PILLOW_COVER,1209.0,47.0,1293.0,49.0,0.037,0.078,0.028,0.078,0.48,0.365
ELECTRICAL_OUTLET,192.0,18.0,241.0,49.0,0.014,0.012,0.028,0.015,1.156,1.956
VEHICLE_BRAKE_PAD,391.0,44.0,400.0,49.0,0.035,0.025,0.028,0.024,1.388,1.178
COMPUTER_COMPONENT,636.0,41.0,666.0,49.0,0.032,0.041,0.028,0.04,0.795,0.708
CONDOM,698.0,48.0,751.0,49.0,0.038,0.045,0.028,0.045,0.848,0.628
UTILITY_KNIFE,585.0,38.0,610.0,49.0,0.03,0.038,0.028,0.037,0.801,0.773
BIOMETRIC_MONITOR,307.0,40.0,312.0,49.0,0.032,0.02,0.028,0.019,1.607,1.511
ITEM_CONTAINER,816.0,40.0,916.0,49.0,0.032,0.052,0.028,0.055,0.605,0.515
INSTRUMENT_PARTS_AND_ACCESSORIES,1514.0,48.0,1579.0,49.0,0.038,0.097,0.028,0.095,0.391,0.299
CAMERA_OTHER_ACCESSORIES,635.0,45.0,656.0,48.0,0.036,0.041,0.028,0.039,0.874,0.704
SHEET_PAN,373.0,43.0,396.0,48.0,0.034,0.024,0.028,0.024,1.422,1.166
TUNIC,1569.0,48.0,1581.0,48.0,0.038,0.101,0.028,0.095,0.377,0.292
SKIRT,1688.0,48.0,1710.0,48.0,0.038,0.108,0.028,0.103,0.351,0.27
Video Game,0.0,48.0,0.0,48.0,0.038,0.0,0.028,0.0,,
WATER_FLOTATION_DEVICE,652.0,48.0,681.0,48.0,0.038,0.042,0.028,0.041,0.908,0.678
EYEBROW_COLOR,965.0,41.0,1020.0,48.0,0.032,0.062,0.028,0.061,0.524,0.453
LINT_REMOVER,1115.0,47.0,1138.0,48.0,0.037,0.072,0.028,0.069,0.52,0.406
KITCHEN_TOOLS,655.0,44.0,673.0,47.0,0.035,0.042,0.027,0.041,0.829,0.672
HELMET,49.0,9.0,64.0,47.0,0.007,0.003,0.027,0.004,2.266,7.064
ENGINE_AIR_FILTER,700.0,42.0,734.0,47.0,0.033,0.045,0.027,0.044,0.74,0.616
SHOELACE,813.0,47.0,859.0,47.0,0.037,0.052,0.027,0.052,0.713,0.526
RUBBER_STAMP,437.0,41.0,454.0,47.0,0.032,0.028,0.027,0.027,1.157,0.996
SHOWERHEAD,683.0,41.0,708.0,47.0,0.032,0.044,0.027,0.043,0.74,0.639
EXERCISE_MAT,736.0,45.0,759.0,47.0,0.036,0.047,0.027,0.046,0.754,0.596
ICE_CUBE_TRAY,721.0,40.0,747.0,47.0,0.032,0.046,0.027,0.045,0.684,0.605
FAUCET,628.0,40.0,673.0,46.0,0.032,0.04,0.027,0.041,0.786,0.657
TOY_FIGURE_PLAYSET,1199.0,46.0,1219.0,46.0,0.036,0.077,0.027,0.073,0.473,0.363
LAUNDRY_HAMPER,851.0,43.0,890.0,45.0,0.034,0.055,0.026,0.054,0.623,0.486
FITTED_SHEET,782.0,43.0,817.0,45.0,0.034,0.05,0.026,0.049,0.678,0.53
ROBE,870.0,40.0,900.0,45.0,0.032,0.056,0.026,0.054,0.567,0.481
COTTON_PAD,592.0,38.0,621.0,44.0,0.03,0.038,0.025,0.037,0.792,0.682
BINDER_DIVIDER,265.0,29.0,344.0,44.0,0.023,0.017,0.025,0.021,1.35,1.23
INCENSE,703.0,43.0,719.0,44.0,0.034,0.045,0.025,0.043,0.754,0.589
CRAFT_WOOD,516.0,34.0,584.0,44.0,0.027,0.033,0.025,0.035,0.813,0.725
CURTAIN_FASTENER,497.0,37.0,550.0,44.0,0.029,0.032,0.025,0.033,0.918,0.77
KEYBOARD_MOUSE_SET,552.0,41.0,571.0,44.0,0.032,0.035,0.025,0.034,0.916,0.741
AIMING_SCOPE_SIGHT,249.0,41.0,251.0,44.0,0.032,0.016,0.025,0.015,2.031,1.686
BADGE_HOLDER,661.0,39.0,719.0,44.0,0.031,0.042,0.025,0.043,0.728,0.589
LIP_COLOR,1589.0,38.0,1660.0,44.0,0.03,0.102,0.025,0.1,0.295,0.255
CELL_PHONE_HOLSTER,462.0,44.0,474.0,44.0,0.035,0.03,0.025,0.029,1.175,0.893
KNIFE_SHARPENER,627.0,43.0,634.0,43.0,0.034,0.04,0.025,0.038,0.846,0.652
DISPLAY_ALBUM,742.0,33.0,794.0,43.0,0.026,0.048,0.025,0.048,0.549,0.521
ERASER,478.0,33.0,511.0,43.0,0.026,0.031,0.025,0.031,0.852,0.809
AQUARIUM_POND_WATER_TREATMENT,720.0,22.0,805.0,43.0,0.017,0.046,0.025,0.048,0.377,0.514
AROMA_DIFFUSER,904.0,42.0,985.0,43.0,0.033,0.058,0.025,0.059,0.573,0.42
TELEVISION,536.0,43.0,540.0,43.0,0.034,0.034,0.025,0.033,0.99,0.766
MULTITOOL,620.0,31.0,655.0,42.0,0.025,0.04,0.024,0.039,0.617,0.617
DESK,883.0,41.0,911.0,42.0,0.032,0.057,0.024,0.055,0.573,0.443
DEHUMIDIFIER,460.0,39.0,514.0,42.0,0.031,0.03,0.024,0.031,1.046,0.786
VEHICLE_LIGHT_BULB,737.0,42.0,781.0,42.0,0.033,0.047,0.024,0.047,0.703,0.517
FURNITURE_COVER,1054.0,33.0,1181.0,42.0,0.026,0.068,0.024,0.071,0.386,0.342
OLIVE,47.0,29.0,58.0,41.0,0.023,0.003,0.024,0.003,7.611,6.8
HARD_DRIVE_ENCLOSURE,276.0,34.0,285.0,41.0,0.027,0.018,0.024,0.017,1.52,1.384
PAPER_CLIP_CLAMP,441.0,34.0,466.0,41.0,0.027,0.028,0.024,0.028,0.951,0.846
MASCARA,1605.0,35.0,1688.0,41.0,0.028,0.103,0.024,0.102,0.269,0.234
MATTRESS,1049.0,37.0,1106.0,41.0,0.029,0.067,0.024,0.067,0.435,0.357
FORK,307.0,33.0,321.0,41.0,0.026,0.02,0.024,0.019,1.326,1.229
TOILET_SEAT,669.0,39.0,708.0,41.0,0.031,0.043,0.024,0.043,0.719,0.557
FOOT_SCRAPER,809.0,40.0,825.0,40.0,0.032,0.052,0.023,0.05,0.61,0.466
COSTUME_HEADWEAR,1000.0,33.0,1059.0,40.0,0.026,0.064,0.023,0.064,0.407,0.363
AMAZON_TABLET_ACCESSORY,429.0,39.0,445.0,40.0,0.031,0.028,0.023,0.027,1.121,0.865
BEDDING_SET,880.0,40.0,893.0,40.0,0.032,0.057,0.023,0.054,0.561,0.431
PRESSURE_COOKER,566.0,40.0,577.0,40.0,0.032,0.036,0.023,0.035,0.872,0.667
SLEEPWEAR,568.0,39.0,584.0,40.0,0.031,0.036,0.023,0.035,0.847,0.659
NOTEBOOK_COMPUTER,531.0,36.0,541.0,39.0,0.029,0.034,0.023,0.033,0.836,0.693
JAR,367.0,29.0,398.0,39.0,0.023,0.024,0.023,0.024,0.975,0.943
SPACE_HEATER,568.0,36.0,597.0,39.0,0.029,0.036,0.023,0.036,0.782,0.628
APPAREL_GLOVES,1063.0,37.0,1115.0,39.0,0.029,0.068,0.023,0.067,0.429,0.336
INK_OR_TONER,212.0,29.0,227.0,39.0,0.023,0.014,0.023,0.014,1.687,1.653
CE_ACCESSORY,380.0,34.0,399.0,39.0,0.027,0.024,0.023,0.024,1.104,0.94
FOOD_PROCESSOR,263.0,31.0,263.0,39.0,0.025,0.017,0.023,0.016,1.454,1.426
WAIST_PACK,830.0,24.0,851.0,39.0,0.019,0.053,0.023,0.051,0.357,0.441
HOME_FURNITURE_AND_DECOR,538.0,39.0,562.0,39.0,0.031,0.035,0.023,0.034,0.894,0.668
TOTE_BAG,684.0,35.0,697.0,39.0,0.028,0.044,0.023,0.042,0.631,0.538
TOOTH_WHITENER,963.0,37.0,991.0,39.0,0.029,0.062,0.023,0.06,0.474,0.379
PERSONAL_CARE_APPLIANCE,487.0,35.0,506.0,38.0,0.028,0.031,0.022,0.03,0.887,0.722
BODY_STRAP,838.0,31.0,866.0,38.0,0.025,0.054,0.022,0.052,0.456,0.422
DECORATIVE_MAGNET,921.0,37.0,961.0,38.0,0.029,0.059,0.022,0.058,0.496,0.38
WINDOW_FILM,505.0,25.0,578.0,38.0,0.02,0.032,0.022,0.035,0.611,0.632
POT_HOLDER,636.0,35.0,664.0,38.0,0.028,0.041,0.022,0.04,0.679,0.55
WINE,184.0,29.0,255.0,38.0,0.023,0.012,0.022,0.015,1.944,1.433
HUMIDIFIER,885.0,37.0,923.0,38.0,0.029,0.057,0.022,0.056,0.516,0.396
Ecard Gift Certificate,0.0,38.0,0.0,38.0,0.03,0.0,0.022,0.0,,
VACUUM_CLEANER_BAG,396.0,26.0,409.0,37.0,0.021,0.025,0.021,0.025,0.81,0.87
HARDWARE_CLAMP_VISE,524.0,31.0,600.0,37.0,0.025,0.034,0.021,0.036,0.73,0.593
THERMOPLASTIC_FILAMENT,1390.0,31.0,1515.0,37.0,0.025,0.089,0.021,0.091,0.275,0.235
HAIR_REMOVAL_AGENT,922.0,30.0,937.0,37.0,0.024,0.059,0.021,0.056,0.401,0.38
FACE_SHIELD,200.0,18.0,210.0,37.0,0.014,0.013,0.021,0.013,1.11,1.695
HEADPHONE_EARPAD,613.0,37.0,619.0,37.0,0.029,0.039,0.021,0.037,0.745,0.575
CAKE_TOPPER,490.0,34.0,511.0,37.0,0.027,0.031,0.021,0.031,0.856,0.696
TIGHTS,1346.0,35.0,1410.0,37.0,0.028,0.086,0.021,0.085,0.321,0.252
SOIL,714.0,30.0,811.0,37.0,0.024,0.046,0.021,0.049,0.518,0.439
DRAIN_STRAINER,447.0,24.0,465.0,37.0,0.019,0.029,0.021,0.028,0.662,0.765
PITCHER,617.0,33.0,652.0,36.0,0.026,0.04,0.021,0.039,0.66,0.531
CABINET,472.0,33.0,532.0,36.0,0.026,0.03,0.021,0.032,0.862,0.651
DRILL_BITS,474.0,34.0,488.0,36.0,0.027,0.03,0.021,0.029,0.885,0.71
CLOTHES_RACK,637.0,35.0,668.0,36.0,0.028,0.041,0.021,0.04,0.678,0.518
ELECTRIC_WATER_BOILER,497.0,35.0,497.0,36.0,0.028,0.032,0.021,0.03,0.869,0.697
CULINARY_MUSHROOM,157.0,27.0,179.0,35.0,0.021,0.01,0.02,0.011,2.121,1.881
CARGO_STRAP,374.0,24.0,398.0,35.0,0.019,0.024,0.02,0.024,0.792,0.846
VEHICLE_SEAT_COVER,550.0,29.0,575.0,35.0,0.023,0.035,0.02,0.035,0.65,0.586
BACKDROP,502.0,31.0,528.0,35.0,0.025,0.032,0.02,0.032,0.762,0.638
MECHANICAL_COMPONENTS,605.0,33.0,651.0,35.0,0.026,0.039,0.02,0.039,0.673,0.517
EARMUFF,417.0,25.0,431.0,35.0,0.02,0.027,0.02,0.026,0.74,0.781
CALCULATOR,403.0,29.0,425.0,35.0,0.023,0.026,0.02,0.026,0.888,0.792
CABLE_OR_ADAPTER,380.0,29.0,401.0,34.0,0.023,0.024,0.02,0.024,0.941,0.816
CHARM,843.0,30.0,884.0,34.0,0.024,0.054,0.02,0.053,0.439,0.37
CORD_MANAGEMENT_COVER,708.0,31.0,753.0,34.0,0.025,0.045,0.02,0.045,0.54,0.434
COOKIE_CUTTER,559.0,33.0,566.0,34.0,0.026,0.036,0.02,0.034,0.728,0.578
MEDICAL_COMPRESSION_GARMENT,237.0,27.0,259.0,34.0,0.021,0.015,0.02,0.016,1.405,1.263
COMPUTER_INPUT_DEVICE,355.0,32.0,373.0,34.0,0.025,0.023,0.02,0.022,1.112,0.877
COMPUTER_ADD_ON,414.0,31.0,441.0,34.0,0.025,0.027,0.02,0.027,0.924,0.742
WALKING_STICK,254.0,28.0,265.0,34.0,0.022,0.016,0.02,0.016,1.36,1.234
SAFETY_SUPPLY,134.0,11.0,150.0,34.0,0.009,0.009,0.02,0.009,1.013,2.18
DECORATIVE_SIGNAGE,1085.0,33.0,1110.0,34.0,0.026,0.07,0.02,0.067,0.375,0.295
DISPOSABLE_NAPKIN,253.0,31.0,297.0,34.0,0.025,0.016,0.02,0.018,1.511,1.101
FUSE,223.0,20.0,244.0,34.0,0.016,0.014,0.02,0.015,1.106,1.34
LUXURY_BEAUTY,526.0,27.0,543.0,34.0,0.021,0.034,0.02,0.033,0.633,0.602
DOORSTOP,353.0,21.0,379.0,34.0,0.017,0.023,0.02,0.023,0.734,0.863
ANTENNA,626.0,32.0,651.0,33.0,0.025,0.04,0.019,0.039,0.631,0.488
DECORATIVE_RIBBON_TRIM,444.0,26.0,486.0,33.0,0.021,0.029,0.019,0.029,0.722,0.653
COSMETIC_POWDER,634.0,25.0,663.0,33.0,0.02,0.041,0.019,0.04,0.486,0.479
BEVERAGE,277.0,29.0,347.0,33.0,0.023,0.018,0.019,0.021,1.291,0.915
HAIR_DRYER,828.0,32.0,833.0,33.0,0.025,0.053,0.019,0.05,0.477,0.381
GRAPHIC_TABLET,549.0,33.0,567.0,33.0,0.026,0.035,0.019,0.034,0.741,0.56
BARBELL,187.0,20.0,192.0,33.0,0.016,0.012,0.019,0.012,1.319,1.653
POWER_CONVERTER,483.0,29.0,514.0,33.0,0.023,0.031,0.019,0.031,0.741,0.618
MOP,297.0,28.0,308.0,33.0,0.022,0.019,0.019,0.019,1.163,1.031
SYRINGE,428.0,33.0,439.0,33.0,0.026,0.027,0.019,0.026,0.951,0.723
FIDGET_TOY,1065.0,33.0,1128.0,33.0,0.026,0.068,0.019,0.068,0.382,0.281
MAGAZINES,653.0,33.0,653.0,33.0,0.026,0.042,0.019,0.039,0.623,0.486
SCULPTING_MATERIAL,799.0,31.0,843.0,33.0,0.025,0.051,0.019,0.051,0.479,0.377
COOKING_POT,373.0,28.0,376.0,32.0,0.022,0.024,0.019,0.023,0.926,0.819
MECHANICAL_BELT,366.0,30.0,385.0,32.0,0.024,0.024,0.019,0.023,1.011,0.8
JEWELRY_FINDING,794.0,27.0,840.0,32.0,0.021,0.051,0.019,0.051,0.419,0.366
TARGET_TOSSING_GAME,194.0,20.0,199.0,32.0,0.016,0.012,0.019,0.012,1.272,1.547
WATER_PUMP,492.0,31.0,505.0,32.0,0.025,0.032,0.019,0.03,0.777,0.61
AIR_MATTRESS,485.0,28.0,517.0,32.0,0.022,0.031,0.019,0.031,0.712,0.595
MAGNIFIER,327.0,32.0,337.0,32.0,0.025,0.021,0.019,0.02,1.207,0.913
VIDEO_CARD,381.0,28.0,394.0,32.0,0.022,0.024,0.019,0.024,0.907,0.781
ACCESSORY,756.0,28.0,780.0,32.0,0.022,0.049,0.019,0.047,0.457,0.395
WEED_MOSS_CONTROL_AGENT,481.0,26.0,533.0,31.0,0.021,0.031,0.018,0.032,0.667,0.559
FIRST_AID_KIT,387.0,18.0,446.0,31.0,0.014,0.025,0.018,0.027,0.574,0.669
COUNTERTOP_GRIDDLE_APPLIANCE,633.0,31.0,636.0,31.0,0.025,0.041,0.018,0.038,0.604,0.469
PIERCING_JEWELRY,1951.0,29.0,1981.0,31.0,0.023,0.125,0.018,0.119,0.183,0.151
CASSEROLES,212.0,21.0,222.0,31.0,0.017,0.014,0.018,0.013,1.222,1.343
LEOTARD,1600.0,31.0,1616.0,31.0,0.025,0.103,0.018,0.097,0.239,0.185
ELECTRONIC_FINDER,401.0,25.0,429.0,31.0,0.02,0.026,0.018,0.026,0.769,0.695
VEHICLE_INTERIOR_SHADE,498.0,30.0,516.0,31.0,0.024,0.032,0.018,0.031,0.743,0.578
WINDOW_SHADE,341.0,22.0,444.0,31.0,0.017,0.022,0.018,0.027,0.796,0.672
PICTURE_HANGER,394.0,26.0,437.0,31.0,0.021,0.025,0.018,0.026,0.814,0.682
PAPER_TOWEL_HOLDER,410.0,26.0,427.0,31.0,0.021,0.026,0.018,0.026,0.782,0.698
BLUE_LIGHT_BLOCKING_EYEGLASSES,637.0,31.0,647.0,31.0,0.025,0.041,0.018,0.039,0.6,0.461
PHOTOGRAPHIC_FILM,520.0,26.0,646.0,30.0,0.021,0.033,0.017,0.039,0.617,0.447
BOOK_DOCUMENT_STAND,201.0,15.0,210.0,30.0,0.012,0.013,0.017,0.013,0.921,1.374
SPORT_HELMET,608.0,30.0,619.0,30.0,0.024,0.039,0.017,0.037,0.609,0.466
FOOD_GLITTER_SPRINKLE,229.0,30.0,245.0,30.0,0.024,0.015,0.017,0.015,1.616,1.178
MEMORY_CARD_READER,363.0,30.0,377.0,30.0,0.024,0.023,0.017,0.023,1.019,0.765
SHARP_PIN,554.0,29.0,574.0,30.0,0.023,0.036,0.017,0.035,0.646,0.503
COMPUTER,426.0,26.0,440.0,30.0,0.021,0.027,0.017,0.026,0.753,0.656
AUTO_OIL,479.0,25.0,560.0,30.0,0.02,0.031,0.017,0.034,0.644,0.515
ELECTRIC_CIRCUIT_TESTING_DEVICE,471.0,30.0,478.0,30.0,0.024,0.03,0.017,0.029,0.786,0.604
DUST_REMOVAL_TOOL,421.0,26.0,444.0,30.0,0.021,0.027,0.017,0.027,0.762,0.65
TOY_GUN,656.0,29.0,741.0,29.0,0.023,0.042,0.017,0.045,0.545,0.376
PARTY_SUPPLIES,283.0,16.0,310.0,29.0,0.013,0.018,0.017,0.019,0.697,0.9
TAPE_MEASURE,483.0,29.0,503.0,29.0,0.023,0.031,0.017,0.03,0.741,0.555
MOUTH_GUARD,413.0,27.0,432.0,29.0,0.021,0.027,0.017,0.026,0.806,0.646
DIGITAL_DEVICE_7,28.0,9.0,28.0,29.0,0.007,0.002,0.017,0.002,3.965,9.963
DISHWARE_PLACE_SETTING,288.0,20.0,333.0,29.0,0.016,0.019,0.017,0.02,0.857,0.838
SAW,378.0,26.0,388.0,28.0,0.021,0.024,0.016,0.023,0.848,0.694
GUN_CLEANING_KIT,208.0,16.0,223.0,28.0,0.013,0.013,0.016,0.013,0.949,1.208
COORDINATED_OUTFIT,971.0,27.0,972.0,28.0,0.021,0.062,0.016,0.059,0.343,0.277
VEHICLE_LIGHT_ASSEMBLY,385.0,24.0,408.0,28.0,0.019,0.025,0.016,0.025,0.769,0.66
SOAP_DISH,324.0,24.0,331.0,28.0,0.019,0.021,0.016,0.02,0.914,0.814
FOOD_SCOOP,304.0,26.0,307.0,28.0,0.021,0.02,0.016,0.018,1.055,0.877
TOWEL_HOLDER,349.0,22.0,396.0,28.0,0.017,0.022,0.016,0.024,0.778,0.68
BABY_BOTTLE,570.0,27.0,603.0,28.0,0.021,0.037,0.016,0.036,0.584,0.447
SKIN_PROTECTANT,620.0,25.0,678.0,28.0,0.02,0.04,0.016,0.041,0.497,0.397
OFFICE_ELECTRONICS,91.0,8.0,94.0,28.0,0.006,0.006,0.016,0.006,1.084,2.865
TWEEZER,610.0,18.0,633.0,28.0,0.014,0.039,0.016,0.038,0.364,0.425
NUTS,198.0,24.0,219.0,28.0,0.019,0.013,0.016,0.013,1.495,1.23
HAIR_IRON,843.0,27.0,844.0,28.0,0.021,0.054,0.016,0.051,0.395,0.319
NECKTIE,528.0,26.0,592.0,28.0,0.021,0.034,0.016,0.036,0.607,0.455
STEP_STOOL,411.0,28.0,419.0,28.0,0.022,0.026,0.016,0.025,0.84,0.643
ANIMAL_SHELTER,324.0,24.0,351.0,28.0,0.019,0.021,0.016,0.021,0.914,0.767
CANDLE_HOLDER,258.0,15.0,287.0,28.0,0.012,0.017,0.016,0.017,0.717,0.938
FURNITURE_FLOOR_PROTECTOR,551.0,26.0,595.0,27.0,0.021,0.035,0.016,0.036,0.582,0.436
INFANT_TODDLER_CAR_SEAT,432.0,21.0,468.0,27.0,0.017,0.028,0.016,0.028,0.6,0.555
UTILITY_CART_WAGON,401.0,24.0,409.0,27.0,0.019,0.026,0.016,0.025,0.738,0.635
KNEE_PAD,330.0,26.0,338.0,27.0,0.021,0.021,0.016,0.02,0.972,0.768
TOILET_PAPER_HOLDER,390.0,24.0,431.0,27.0,0.019,0.025,0.016,0.026,0.759,0.603
ROBOTIC_VACUUM_CLEANER,517.0,27.0,526.0,27.0,0.021,0.033,0.016,0.032,0.644,0.494
NAIL_TREATMENT,516.0,27.0,532.0,27.0,0.021,0.033,0.016,0.032,0.645,0.488
LAP_DESK,438.0,26.0,450.0,27.0,0.021,0.028,0.016,0.027,0.732,0.577
FOOD_COLORING,179.0,27.0,183.0,27.0,0.021,0.011,0.016,0.011,1.861,1.419
FABRIC_APPLIQUE_PATCH,544.0,16.0,584.0,27.0,0.013,0.035,0.016,0.035,0.363,0.445
CARABINER,205.0,12.0,232.0,27.0,0.01,0.013,0.016,0.014,0.722,1.119
SYSTEM_POWER_DEVICE,531.0,26.0,546.0,27.0,0.021,0.034,0.016,0.033,0.604,0.476
PLIERS,383.0,26.0,398.0,26.0,0.021,0.025,0.015,0.024,0.837,0.628
COMPUTER_CHASSIS,424.0,24.0,430.0,26.0,0.019,0.027,0.015,0.026,0.698,0.582
SUITCASE,408.0,26.0,416.0,26.0,0.021,0.026,0.015,0.025,0.786,0.601
PAPER_PRODUCT,165.0,16.0,172.0,26.0,0.013,0.011,0.015,0.01,1.196,1.454
CAPACITOR,104.0,20.0,110.0,26.0,0.016,0.007,0.015,0.007,2.372,2.274
SEASONING_MILL,302.0,22.0,313.0,26.0,0.017,0.019,0.015,0.019,0.899,0.799
UNDERWEAR,434.0,25.0,452.0,26.0,0.02,0.028,0.015,0.027,0.711,0.553
SELF_DEFENSE_SPRAY,336.0,23.0,375.0,26.0,0.018,0.022,0.015,0.023,0.844,0.667
PENCIL_SHARPENER,481.0,24.0,498.0,26.0,0.019,0.031,0.015,0.03,0.615,0.502
BREAST_PETAL,301.0,17.0,304.0,26.0,0.013,0.019,0.015,0.018,0.697,0.823
SHIPPING_BOX,276.0,20.0,290.0,26.0,0.016,0.018,0.015,0.017,0.894,0.862
SPARK_PLUG,234.0,18.0,380.0,26.0,0.014,0.015,0.015,0.023,0.949,0.658
COSTUME_MASK,494.0,24.0,503.0,25.0,0.019,0.032,0.014,0.03,0.599,0.478
BAKING_CUP,318.0,19.0,327.0,25.0,0.015,0.02,0.014,0.02,0.737,0.735
SAFE,371.0,25.0,392.0,25.0,0.02,0.024,0.014,0.024,0.831,0.613
BABY_FORMULA,357.0,21.0,428.0,25.0,0.017,0.023,0.014,0.026,0.726,0.562
LADDER,177.0,25.0,185.0,25.0,0.02,0.011,0.014,0.011,1.742,1.3
HOOK_LOOP_FASTENER,331.0,21.0,367.0,25.0,0.017,0.021,0.014,0.022,0.783,0.655
VEST,250.0,14.0,284.0,25.0,0.011,0.016,0.014,0.017,0.691,0.847
TARP,270.0,22.0,316.0,25.0,0.017,0.017,0.014,0.019,1.005,0.761
ELECTRICAL_PLUG,225.0,19.0,257.0,25.0,0.015,0.014,0.014,0.015,1.042,0.936
LANDLINE_PHONE,262.0,20.0,273.0,25.0,0.016,0.017,0.014,0.016,0.942,0.881
SOCKSHOSIERY,350.0,24.0,367.0,25.0,0.019,0.022,0.014,0.022,0.846,0.655
AIR_PUMP,650.0,25.0,668.0,25.0,0.02,0.042,0.014,0.04,0.474,0.36
WAIST_CINCHER,400.0,24.0,405.0,25.0,0.019,0.026,0.014,0.024,0.74,0.594
TEMPORARY_TATTOO,572.0,24.0,586.0,25.0,0.019,0.037,0.014,0.035,0.518,0.41
MOUNT_BRACKET,354.0,25.0,407.0,25.0,0.02,0.023,0.014,0.025,0.871,0.591
PLUG_STOPPER,360.0,23.0,377.0,25.0,0.018,0.023,0.014,0.023,0.788,0.638
GAMES,254.0,20.0,260.0,24.0,0.016,0.016,0.014,0.016,0.971,0.888
SCARF,599.0,24.0,626.0,24.0,0.019,0.038,0.014,0.038,0.494,0.369
INPUT_OUTPUT_CARD,129.0,19.0,135.0,24.0,0.015,0.008,0.014,0.008,1.817,1.71
DOOR,325.0,21.0,368.0,24.0,0.017,0.021,0.014,0.022,0.797,0.627
FISHING_NET,103.0,6.0,115.0,24.0,0.005,0.007,0.014,0.007,0.719,2.007
FACE_SHAPING_MAKEUP,470.0,23.0,475.0,24.0,0.018,0.03,0.014,0.029,0.604,0.486
ARTIFICIAL_TREE,331.0,23.0,349.0,24.0,0.018,0.021,0.014,0.021,0.857,0.661
PRETEND_PLAY_TOY,808.0,24.0,824.0,24.0,0.019,0.052,0.014,0.05,0.366,0.28
MUSICAL_INSTRUMENT_STRING,596.0,17.0,650.0,24.0,0.013,0.038,0.014,0.039,0.352,0.355
ABRASIVES,335.0,19.0,340.0,24.0,0.015,0.022,0.014,0.02,0.7,0.679
TONG_UTENSIL,288.0,23.0,294.0,24.0,0.018,0.019,0.014,0.018,0.985,0.785
OIL_FILTER,450.0,19.0,495.0,23.0,0.015,0.029,0.013,0.03,0.521,0.447
AIR_FRYER,395.0,22.0,401.0,23.0,0.017,0.025,0.013,0.024,0.687,0.552
BAKING_MAT,377.0,22.0,385.0,23.0,0.017,0.024,0.013,0.023,0.72,0.575
WIRELESS_SIGNAL_REPEATER,369.0,21.0,373.0,23.0,0.017,0.024,0.013,0.022,0.702,0.593
PET_PLACEMAT,339.0,22.0,370.0,23.0,0.017,0.022,0.013,0.022,0.801,0.598
PACIFIER,802.0,23.0,832.0,23.0,0.018,0.052,0.013,0.05,0.354,0.266
FURNITURE,588.0,23.0,604.0,23.0,0.018,0.038,0.013,0.036,0.482,0.366
APPENDAGE_WARMER,480.0,19.0,550.0,23.0,0.015,0.031,0.013,0.033,0.488,0.402
CANNED_AIR,332.0,23.0,336.0,23.0,0.018,0.021,0.013,0.02,0.855,0.658
UNMANNED_AERIAL_VEHICLE,206.0,21.0,226.0,23.0,0.017,0.013,0.013,0.014,1.257,0.979
TOY_SLIME,361.0,21.0,383.0,23.0,0.017,0.023,0.013,0.023,0.718,0.578
CAMERA_TRIPOD,585.0,23.0,597.0,23.0,0.018,0.038,0.013,0.036,0.485,0.371
ANIMAL_INCONTINENCE_PROTECTOR,488.0,18.0,568.0,23.0,0.014,0.031,0.013,0.034,0.455,0.39
WALLPAPER,467.0,17.0,639.0,23.0,0.013,0.03,0.013,0.038,0.449,0.346
ANIMAL_CARRIER,556.0,20.0,576.0,23.0,0.016,0.036,0.013,0.035,0.444,0.384
MINIATURE_TOY_FURNISHING,125.0,21.0,129.0,23.0,0.017,0.008,0.013,0.008,2.072,1.715
DYE,543.0,17.0,569.0,23.0,0.013,0.035,0.013,0.034,0.386,0.389
PERSONAL_COMPUTER,372.0,23.0,382.0,23.0,0.018,0.024,0.013,0.023,0.763,0.579
ANTI_FATIGUE_FLOOR_MAT,261.0,20.0,301.0,23.0,0.016,0.017,0.013,0.018,0.945,0.735
JANITORIAL_SUPPLY,132.0,16.0,148.0,23.0,0.013,0.008,0.013,0.009,1.495,1.495
VEHICLE_TIRE,158.0,17.0,287.0,23.0,0.013,0.01,0.013,0.017,1.327,0.771
PORTABLE_TOOL_BOX,243.0,18.0,267.0,22.0,0.014,0.016,0.013,0.016,0.914,0.793
UTILITY_MAGNET,276.0,20.0,294.0,22.0,0.016,0.018,0.013,0.018,0.894,0.72
NAIL_FILE,514.0,21.0,527.0,22.0,0.017,0.033,0.013,0.032,0.504,0.402
FUNNEL,360.0,21.0,363.0,22.0,0.017,0.023,0.013,0.022,0.72,0.583
ELECTROMECHANICAL_GAUGE,366.0,22.0,384.0,22.0,0.017,0.024,0.013,0.023,0.741,0.551
STAPLER,270.0,21.0,277.0,22.0,0.017,0.017,0.013,0.017,0.959,0.764
STATIONARY_BICYCLE,305.0,22.0,306.0,22.0,0.017,0.02,0.013,0.018,0.89,0.692
BLADED_FOOD_PEELER,280.0,18.0,283.0,22.0,0.014,0.018,0.013,0.017,0.793,0.748
NOISE_MACHINE,420.0,20.0,441.0,22.0,0.016,0.027,0.013,0.027,0.587,0.48
ABRASIVE_SHEETS,290.0,22.0,302.0,22.0,0.017,0.019,0.013,0.018,0.936,0.701
AIR_COMPRESSOR,318.0,22.0,323.0,22.0,0.017,0.02,0.013,0.019,0.853,0.655
CONSOLE_VIDEO_GAMES,645.0,18.0,652.0,22.0,0.014,0.041,0.013,0.039,0.344,0.325
CAMERA_CONTINUOUS_LIGHT,510.0,22.0,522.0,22.0,0.017,0.033,0.013,0.031,0.532,0.405
CROCHET_HOOK,273.0,22.0,275.0,22.0,0.017,0.018,0.013,0.017,0.994,0.77
TWO_WAY_RADIO,315.0,20.0,325.0,22.0,0.016,0.02,0.013,0.02,0.783,0.651
ICE_CHEST,423.0,16.0,450.0,22.0,0.013,0.027,0.013,0.027,0.467,0.47
BUCKET,223.0,20.0,237.0,22.0,0.016,0.014,0.013,0.014,1.106,0.893
VASE,175.0,18.0,179.0,22.0,0.014,0.011,0.013,0.011,1.269,1.182
PRINTED_PRODUCT,6.0,7.0,12.0,22.0,0.006,0.0,0.013,0.001,14.391,17.635
WIRELESS_AUDIO_ADAPTER,382.0,22.0,391.0,22.0,0.017,0.025,0.013,0.024,0.71,0.541
BLEACH,129.0,21.0,141.0,21.0,0.017,0.008,0.012,0.008,2.008,1.433
HAMMOCK,370.0,16.0,379.0,21.0,0.013,0.024,0.012,0.023,0.533,0.533
BROOM,409.0,21.0,414.0,21.0,0.017,0.026,0.012,0.025,0.633,0.488
ARM_SLEEVE,195.0,20.0,198.0,21.0,0.016,0.013,0.012,0.012,1.265,1.02
POPCORN_POPPER,272.0,21.0,277.0,21.0,0.017,0.017,0.012,0.017,0.952,0.729
CYCLING_TIRE_TUBE,235.0,16.0,281.0,21.0,0.013,0.015,0.012,0.017,0.84,0.719
SUSPENSION_LIFT_SUPPORT,107.0,12.0,114.0,21.0,0.01,0.007,0.012,0.007,1.383,1.772
WRIST_REST,241.0,21.0,242.0,21.0,0.017,0.015,0.012,0.015,1.075,0.835
ANIMAL_CAGE,376.0,19.0,392.0,21.0,0.015,0.024,0.012,0.024,0.623,0.515
TAPE_LABEL_DISPENSER,205.0,21.0,212.0,21.0,0.017,0.013,0.012,0.013,1.264,0.953
ELECTRIC_LIGHT,583.0,19.0,612.0,21.0,0.015,0.037,0.012,0.037,0.402,0.33
SLOW_COOKER,348.0,21.0,389.0,21.0,0.017,0.022,0.012,0.023,0.744,0.519
TOASTER,318.0,20.0,318.0,21.0,0.016,0.02,0.012,0.019,0.776,0.635
SOLID_FIRE_FUEL,326.0,19.0,359.0,21.0,0.015,0.021,0.012,0.022,0.719,0.563
CELL_PHONE_GRIP,837.0,19.0,848.0,20.0,0.015,0.054,0.012,0.051,0.28,0.227
STORAGE_DRAWER,294.0,18.0,325.0,20.0,0.014,0.019,0.012,0.02,0.755,0.592
VEHICLE_MIRROR,450.0,17.0,464.0,20.0,0.013,0.029,0.012,0.028,0.466,0.415
SWEATBAND,488.0,20.0,507.0,20.0,0.016,0.031,0.012,0.031,0.506,0.379
SOUND_AND_RECORDING_EQUIPMENT,403.0,18.0,426.0,20.0,0.014,0.026,0.012,0.026,0.551,0.452
AMAZON_DEVICE,203.0,10.0,214.0,20.0,0.008,0.013,0.012,0.013,0.608,0.899
BLOOD_PRESSURE_MONITOR,438.0,20.0,452.0,20.0,0.016,0.028,0.012,0.027,0.563,0.426
TOOTHBRUSH_HOLDER,382.0,19.0,400.0,20.0,0.015,0.025,0.012,0.024,0.614,0.481
GUILD_HOME,619.0,20.0,637.0,20.0,0.016,0.04,0.012,0.038,0.399,0.302
MILK_FROTHER,427.0,18.0,434.0,20.0,0.014,0.027,0.012,0.026,0.52,0.443
NAIL_POLISH_REMOVER,399.0,17.0,408.0,20.0,0.013,0.026,0.012,0.025,0.526,0.472
RICE_COOKERS,298.0,19.0,302.0,20.0,0.015,0.019,0.012,0.018,0.786,0.637
BRASS_AND_WOODWIND_INSTRUMENTS,343.0,14.0,357.0,20.0,0.011,0.022,0.012,0.021,0.503,0.539
COMPUTER_PROCESSOR,413.0,19.0,420.0,20.0,0.015,0.027,0.012,0.025,0.567,0.458
LOCATION_TRACKER,35.0,2.0,35.0,20.0,0.002,0.002,0.012,0.002,0.705,5.497
FOOD_GRATER,284.0,19.0,285.0,20.0,0.015,0.018,0.012,0.017,0.825,0.675
FOOD_MIXER,294.0,20.0,294.0,20.0,0.016,0.019,0.012,0.018,0.839,0.654
TEETHER,796.0,19.0,808.0,20.0,0.015,0.051,0.012,0.049,0.294,0.238
BOTTLE_OPENER,452.0,19.0,474.0,20.0,0.015,0.029,0.012,0.029,0.519,0.406
COMPUTER_COOLING_DEVICE,178.0,18.0,188.0,20.0,0.014,0.011,0.012,0.011,1.247,1.023
CYCLING_TIRE,103.0,16.0,139.0,20.0,0.013,0.007,0.012,0.008,1.916,1.384
BOTTLE_NIPPLE,362.0,16.0,438.0,20.0,0.013,0.023,0.012,0.026,0.545,0.439
SAW_BLADE,332.0,19.0,342.0,20.0,0.015,0.021,0.012,0.021,0.706,0.563
BARBECUE_GRILL,226.0,20.0,229.0,20.0,0.016,0.015,0.012,0.014,1.092,0.84
AIR_CONDITIONER,276.0,18.0,289.0,19.0,0.014,0.018,0.011,0.017,0.804,0.632
UNDERGARMENT_SLIP,234.0,16.0,237.0,19.0,0.013,0.015,0.011,0.014,0.843,0.771
VEHICLE_COVER,186.0,18.0,207.0,19.0,0.014,0.012,0.011,0.012,1.194,0.883
PIPING_TIP,280.0,18.0,293.0,19.0,0.014,0.018,0.011,0.018,0.793,0.624
CAMERA_LENSES,369.0,19.0,376.0,19.0,0.015,0.024,0.011,0.023,0.635,0.486
ELECTRIC_LANTERN,326.0,16.0,369.0,19.0,0.013,0.021,0.011,0.022,0.605,0.495
ANCHOR_STAKE,419.0,19.0,443.0,19.0,0.015,0.027,0.011,0.027,0.559,0.413
ADVENT_CALENDAR,387.0,15.0,409.0,19.0,0.012,0.025,0.011,0.025,0.478,0.447
ELECTRIC_HEATING_PAD,356.0,19.0,362.0,19.0,0.015,0.023,0.011,0.022,0.658,0.505
SAFETY_MASK_STRAP_EXTENDER,229.0,15.0,242.0,19.0,0.012,0.015,0.011,0.015,0.808,0.755
SEWING_TOOL_SET,196.0,18.0,198.0,19.0,0.014,0.013,0.011,0.012,1.133,0.923
SCULPTURE,438.0,18.0,455.0,19.0,0.014,0.028,0.011,0.027,0.507,0.402
HARDWARE_STAPLE,270.0,15.0,281.0,19.0,0.012,0.017,0.011,0.017,0.685,0.65
TOY_VEHICLE_SET,541.0,19.0,544.0,19.0,0.015,0.035,0.011,0.033,0.433,0.336
GAME_DICE,566.0,18.0,575.0,19.0,0.014,0.036,0.011,0.035,0.392,0.318
HOLE_PUNCH,355.0,19.0,357.0,19.0,0.015,0.023,0.011,0.021,0.66,0.512
MOTHERBOARD,447.0,19.0,450.0,19.0,0.015,0.029,0.011,0.027,0.524,0.406
ROLLING_PAPER,626.0,18.0,643.0,19.0,0.014,0.04,0.011,0.039,0.355,0.284
MICROPHONE_STAND,243.0,11.0,255.0,19.0,0.009,0.016,0.011,0.015,0.558,0.717
WRITING_PAPER,206.0,17.0,213.0,19.0,0.013,0.013,0.011,0.013,1.018,0.858
CORD_ROPE,275.0,19.0,298.0,19.0,0.015,0.018,0.011,0.018,0.852,0.613
UTILITY_HOLSTER_POUCH,390.0,14.0,451.0,19.0,0.011,0.025,0.011,0.027,0.443,0.405
HOME_LIGHTING_AND_LAMPS,270.0,14.0,292.0,18.0,0.011,0.017,0.01,0.018,0.64,0.593
ELECTRONIC_SENSOR,292.0,18.0,328.0,18.0,0.014,0.019,0.01,0.02,0.76,0.528
CHAIR_MAT,175.0,17.0,184.0,18.0,0.013,0.011,0.01,0.011,1.198,0.941
PILLOW_PROTECTOR,149.0,10.0,164.0,18.0,0.008,0.01,0.01,0.01,0.828,1.056
FRESH_CUT_FLOWERS_PLANTS,83.0,16.0,84.0,18.0,0.013,0.005,0.01,0.005,2.378,2.061
ELECTRONIC_COMPONENT_TERMINAL,291.0,15.0,301.0,18.0,0.012,0.019,0.01,0.018,0.636,0.575
HVAC_CONTROL_THERMOSTAT,219.0,15.0,242.0,18.0,0.012,0.014,0.01,0.015,0.845,0.715
OUTERWEAR,286.0,18.0,286.0,18.0,0.014,0.018,0.01,0.017,0.776,0.605
HARDWARE_BEARING,158.0,15.0,171.0,18.0,0.012,0.01,0.01,0.01,1.171,1.013
VIRTUAL_REALITY_HEADSET,372.0,18.0,383.0,18.0,0.014,0.024,0.01,0.023,0.597,0.452
CHOPSTICK,326.0,18.0,332.0,18.0,0.014,0.021,0.01,0.02,0.681,0.522
HARDWARE_HINGE,258.0,15.0,330.0,18.0,0.012,0.017,0.01,0.02,0.717,0.525
MEDIA_STORAGE,60.0,17.0,76.0,18.0,0.013,0.004,0.01,0.005,3.495,2.278
DIGITAL_DEVICE_3_ACCESSORY,601.0,18.0,628.0,18.0,0.014,0.039,0.01,0.038,0.369,0.276
ELECTRIC_FOOD_MILL_GRINDER,287.0,18.0,287.0,18.0,0.014,0.018,0.01,0.017,0.774,0.603
STOOL_SEATING,270.0,14.0,303.0,18.0,0.011,0.017,0.01,0.018,0.64,0.571
FENCE_PANEL,59.0,10.0,66.0,18.0,0.008,0.004,0.01,0.004,2.091,2.623
SPORT_RACKET,167.0,17.0,180.0,18.0,0.013,0.011,0.01,0.011,1.256,0.962
JUMP_ROPE,336.0,18.0,344.0,18.0,0.014,0.022,0.01,0.021,0.661,0.503
EYEGLASS_CASE,227.0,17.0,229.0,18.0,0.013,0.015,0.01,0.014,0.924,0.756
WHISK_UTENSIL,257.0,15.0,259.0,18.0,0.012,0.017,0.01,0.016,0.72,0.669
WEATHER_STRIPPING,329.0,16.0,352.0,18.0,0.013,0.021,0.01,0.021,0.6,0.492
ONE_PIECE_OUTFIT,777.0,17.0,780.0,17.0,0.013,0.05,0.01,0.047,0.27,0.21
REFRIGERATOR,246.0,17.0,249.0,17.0,0.013,0.016,0.01,0.015,0.852,0.657
BATH_TOY,435.0,17.0,440.0,17.0,0.013,0.028,0.01,0.026,0.482,0.372
MUSICAL_INSTRUMENTS,521.0,17.0,543.0,17.0,0.013,0.033,0.01,0.033,0.402,0.301
ABRASIVE_WHEELS,147.0,15.0,156.0,17.0,0.012,0.009,0.01,0.009,1.259,1.048
SQUEEZE_TOY,368.0,16.0,381.0,17.0,0.013,0.024,0.01,0.023,0.536,0.429
POWERSPORTS_VEHICLE_PART,168.0,10.0,173.0,17.0,0.008,0.011,0.01,0.01,0.734,0.945
VIVARIUM,451.0,16.0,499.0,17.0,0.013,0.029,0.01,0.03,0.438,0.328
BINOCULAR,267.0,13.0,281.0,17.0,0.01,0.017,0.01,0.017,0.601,0.582
FLASH_CARD,291.0,17.0,295.0,17.0,0.013,0.019,0.01,0.018,0.721,0.554
SURVEILANCE_SYSTEMS,116.0,12.0,129.0,17.0,0.01,0.007,0.01,0.008,1.276,1.268
CAMERA_SUPPORT,267.0,17.0,271.0,17.0,0.013,0.017,0.01,0.016,0.785,0.603
DRINK_COASTER,550.0,12.0,563.0,17.0,0.01,0.035,0.01,0.034,0.269,0.29
PHONE_ACCESSORY,341.0,15.0,352.0,16.0,0.012,0.022,0.009,0.021,0.543,0.437
PASTA_MAKER,174.0,16.0,175.0,16.0,0.013,0.011,0.009,0.011,1.134,0.879
HOBBIES,232.0,16.0,246.0,16.0,0.013,0.015,0.009,0.015,0.851,0.626
SURFACE_PROTECTION_WAX,268.0,15.0,272.0,16.0,0.012,0.017,0.009,0.016,0.69,0.566
LICENSE_PLATE_ATTACHMENT,462.0,15.0,485.0,16.0,0.012,0.03,0.009,0.029,0.4,0.317
SEEDS_AND_PLANTS,140.0,12.0,155.0,16.0,0.01,0.009,0.009,0.009,1.057,0.993
NON_DAIRY_CHEESE,37.0,11.0,39.0,16.0,0.009,0.002,0.009,0.002,3.667,3.946
SHOWER_CAP,285.0,15.0,291.0,16.0,0.012,0.018,0.009,0.018,0.649,0.529
CAULKS,275.0,13.0,332.0,16.0,0.01,0.018,0.009,0.02,0.583,0.464
JEWELRY,279.0,5.0,294.0,16.0,0.004,0.018,0.009,0.018,0.221,0.523
SKIN_BLEMISH_REMOVAL_TOOL,428.0,16.0,435.0,16.0,0.013,0.027,0.009,0.026,0.461,0.354
FALSE_EYELASH,932.0,13.0,972.0,16.0,0.01,0.06,0.009,0.059,0.172,0.158
PLECTRUM,314.0,14.0,328.0,16.0,0.011,0.02,0.009,0.02,0.55,0.469
TEMPORARY_GATE,352.0,13.0,382.0,16.0,0.01,0.023,0.009,0.023,0.456,0.403
SLEEPING_BAG,269.0,16.0,299.0,16.0,0.013,0.017,0.009,0.018,0.734,0.515
ELECTRONIC_WIRE,292.0,16.0,297.0,16.0,0.013,0.019,0.009,0.018,0.676,0.518
ELECTRONIC_DEVICE_COOLING_PAD,170.0,16.0,173.0,16.0,0.013,0.011,0.009,0.01,1.161,0.89
SINGLE_BOARD_COMPUTER,270.0,16.0,299.0,16.0,0.013,0.017,0.009,0.018,0.731,0.515
MECHANICAL_FASTENERS,178.0,14.0,184.0,15.0,0.011,0.011,0.009,0.011,0.97,0.784
MATERIAL_HANDLING_TRUCK,102.0,13.0,110.0,15.0,0.01,0.007,0.009,0.007,1.572,1.312
AV_SIGNAL_SWITCH,268.0,15.0,278.0,15.0,0.012,0.017,0.009,0.017,0.69,0.519
RAW_MATERIALS,179.0,14.0,236.0,15.0,0.011,0.011,0.009,0.014,0.965,0.611
PRELOADED_ELECTRONIC_GAME,270.0,15.0,277.0,15.0,0.012,0.017,0.009,0.017,0.685,0.521
HOME_ORGANIZERS_AND_STORAGE,82.0,14.0,88.0,15.0,0.011,0.005,0.009,0.005,2.106,1.64
BREAST_PUMP,507.0,15.0,533.0,15.0,0.012,0.033,0.009,0.032,0.365,0.271
AIR_GUN_PROJECTILE,191.0,13.0,217.0,15.0,0.01,0.012,0.009,0.013,0.84,0.665
PORTABLE_FREESTANDING_SHELTER,123.0,11.0,126.0,15.0,0.009,0.008,0.009,0.008,1.103,1.145
BLANK_STORAGE_MEDIA,208.0,11.0,218.0,15.0,0.009,0.013,0.009,0.013,0.652,0.662
RUG_PAD,354.0,14.0,384.0,15.0,0.011,0.023,0.009,0.023,0.488,0.376
RULER,339.0,12.0,355.0,15.0,0.01,0.022,0.009,0.021,0.437,0.406
INSULATION,117.0,14.0,134.0,15.0,0.011,0.008,0.009,0.008,1.476,1.077
JUMP_STARTER,148.0,13.0,157.0,15.0,0.01,0.01,0.009,0.009,1.083,0.919
TREE_SKIRT,176.0,8.0,178.0,15.0,0.006,0.011,0.009,0.011,0.561,0.811
SPORTS_DRINK,5.0,6.0,5.0,15.0,0.005,0.0,0.009,0.0,14.802,28.857
COMPOST_BIN,221.0,15.0,226.0,15.0,0.012,0.014,0.009,0.014,0.837,0.638
TEA_INFUSER,361.0,12.0,364.0,15.0,0.01,0.023,0.009,0.022,0.41,0.396
EXERCISE_BLOCK,153.0,13.0,155.0,15.0,0.01,0.01,0.009,0.009,1.048,0.931
COSMETIC_SPONGE,436.0,14.0,449.0,15.0,0.011,0.028,0.009,0.027,0.396,0.321
GASKETS,248.0,15.0,257.0,15.0,0.012,0.016,0.009,0.015,0.746,0.561
DECORATIVE_POM_POM,114.0,11.0,122.0,15.0,0.009,0.007,0.009,0.007,1.19,1.183
HAND_STRENGTHENER,274.0,14.0,281.0,15.0,0.011,0.018,0.009,0.017,0.63,0.513
COOKWARE_SET,214.0,15.0,214.0,15.0,0.012,0.014,0.009,0.013,0.865,0.674
ELASTIC_BAND,169.0,15.0,175.0,15.0,0.012,0.011,0.009,0.011,1.095,0.824
ELECTRONIC_COMPONENT_AMPLIFIER,83.0,8.0,85.0,14.0,0.006,0.005,0.008,0.005,1.189,1.584
TASK_TRAY,201.0,10.0,205.0,14.0,0.008,0.013,0.008,0.012,0.614,0.657
COUNTERTOP_OVEN,203.0,14.0,204.0,14.0,0.011,0.013,0.008,0.012,0.851,0.66
TEMPLATE_STENCIL,422.0,11.0,431.0,14.0,0.009,0.027,0.008,0.026,0.322,0.312
SAFETY_MASK_REPLACEMENT_FILTER,196.0,10.0,216.0,14.0,0.008,0.013,0.008,0.013,0.629,0.623
GUN_GRIP,19.0,7.0,19.0,14.0,0.006,0.001,0.008,0.001,4.544,7.088
DECORATIVE_CUTOUT,118.0,13.0,127.0,14.0,0.01,0.008,0.008,0.008,1.359,1.06
WALKER,102.0,14.0,104.0,14.0,0.011,0.007,0.008,0.006,1.693,1.295
BABY_SEAT,400.0,14.0,406.0,14.0,0.011,0.026,0.008,0.024,0.432,0.332
WEARABLE_WEIGHT,193.0,14.0,197.0,14.0,0.011,0.012,0.008,0.012,0.895,0.684
STEAM_CLEANER,256.0,14.0,256.0,14.0,0.011,0.016,0.008,0.015,0.675,0.526
TURNTABLE,232.0,14.0,234.0,14.0,0.011,0.015,0.008,0.014,0.744,0.576
GARLIC_PRESS,200.0,14.0,204.0,14.0,0.011,0.013,0.008,0.012,0.863,0.66
VEHICLE_SCAN_TOOL,297.0,14.0,300.0,14.0,0.011,0.019,0.008,0.018,0.581,0.449
FOOD_SERVICE_SUPPLY,149.0,13.0,158.0,14.0,0.01,0.01,0.008,0.01,1.076,0.852
CLOTHES_PIN,230.0,10.0,239.0,14.0,0.008,0.015,0.008,0.014,0.536,0.563
OPTICAL_DISC_DRIVE,260.0,14.0,264.0,14.0,0.011,0.017,0.008,0.016,0.664,0.51
UNINTERRUPTIBLE_POWER_SUPPLY,92.0,9.0,98.0,14.0,0.007,0.006,0.008,0.006,1.207,1.374
UTILITY_JACK,175.0,11.0,188.0,14.0,0.009,0.011,0.008,0.011,0.775,0.716
HEAT_SINK,118.0,8.0,127.0,14.0,0.006,0.008,0.008,0.008,0.836,1.06
MICROSCOPES,185.0,14.0,189.0,14.0,0.011,0.012,0.008,0.011,0.933,0.713
IRRIGATION_SPRINKLER,246.0,9.0,322.0,14.0,0.007,0.016,0.008,0.019,0.451,0.418
KNIFE_BLOCK_SET,197.0,13.0,197.0,14.0,0.01,0.013,0.008,0.012,0.814,0.684
DIGITAL_DEVICE_4_ACCESSORY,161.0,14.0,168.0,14.0,0.011,0.01,0.008,0.01,1.073,0.802
SECURITY_ELECTRONICS,145.0,11.0,163.0,14.0,0.009,0.009,0.008,0.01,0.936,0.826
DRILL,237.0,13.0,242.0,14.0,0.01,0.015,0.008,0.015,0.677,0.556
SHOVEL_SPADE,289.0,14.0,301.0,14.0,0.011,0.019,0.008,0.018,0.598,0.447
ENEMA_DOUCHE,144.0,13.0,151.0,14.0,0.01,0.009,0.008,0.009,1.114,0.892
HAIR_EXTENSION,660.0,13.0,700.0,14.0,0.01,0.042,0.008,0.042,0.243,0.192
CAMERA_DIGITAL,335.0,14.0,344.0,14.0,0.011,0.022,0.008,0.021,0.515,0.391
CUP_HOLDER,384.0,12.0,413.0,14.0,0.01,0.025,0.008,0.025,0.385,0.326
ANIMAL_MEDICATION,117.0,11.0,130.0,13.0,0.009,0.008,0.008,0.008,1.16,0.962
BED_RAIL,128.0,13.0,141.0,13.0,0.01,0.008,0.008,0.008,1.253,0.887
TRANSPORT_RACK,224.0,12.0,231.0,13.0,0.01,0.014,0.008,0.014,0.661,0.541
CRAFT_HOOP_FRAME,114.0,10.0,118.0,13.0,0.008,0.007,0.008,0.007,1.082,1.06
PLACEMAT,328.0,12.0,355.0,13.0,0.01,0.021,0.008,0.021,0.451,0.352
NON_DAIRY_ICE_CREAM,52.0,13.0,52.0,13.0,0.01,0.003,0.008,0.003,3.084,2.405
GRILL_SMOKER_COVER,234.0,13.0,236.0,13.0,0.01,0.015,0.008,0.014,0.685,0.53
GLITTER,381.0,13.0,389.0,13.0,0.01,0.024,0.008,0.023,0.421,0.321
ROASTING_PAN,91.0,13.0,93.0,13.0,0.01,0.006,0.008,0.006,1.762,1.345
ALARM,165.0,11.0,186.0,13.0,0.009,0.011,0.008,0.011,0.822,0.672
STROLLER,172.0,12.0,172.0,13.0,0.01,0.011,0.008,0.01,0.861,0.727
STORAGE_COVER,219.0,13.0,230.0,13.0,0.01,0.014,0.008,0.014,0.732,0.544
BATHTUB_SHOWER_TRIM_KIT,69.0,13.0,70.0,13.0,0.01,0.004,0.008,0.004,2.324,1.786
PAPER_SHREDDER,214.0,13.0,217.0,13.0,0.01,0.014,0.008,0.013,0.749,0.576
SOLDERING_IRON,172.0,13.0,173.0,13.0,0.01,0.011,0.008,0.01,0.932,0.723
HUMIDITY_METER,182.0,12.0,188.0,13.0,0.01,0.012,0.008,0.011,0.813,0.665
SNOW_PANT,261.0,13.0,262.0,13.0,0.01,0.017,0.008,0.016,0.614,0.477
HANDRAIL,94.0,10.0,108.0,13.0,0.008,0.006,0.008,0.007,1.312,1.158
MAKEUP_PRIMER,575.0,13.0,593.0,13.0,0.01,0.037,0.008,0.036,0.279,0.211
INCENSE_HOLDER,192.0,13.0,197.0,13.0,0.01,0.012,0.008,0.012,0.835,0.635
COUNTERTOP_FOOD_STEAMER,184.0,13.0,185.0,13.0,0.01,0.012,0.008,0.011,0.871,0.676
MUSICAL_INSTRUMENT_TOY,300.0,10.0,314.0,13.0,0.008,0.019,0.008,0.019,0.411,0.398
ANIMAL_PERCH,208.0,9.0,230.0,13.0,0.007,0.013,0.008,0.014,0.534,0.544
BATHTUB_SHOWER_MAT,308.0,13.0,317.0,13.0,0.01,0.02,0.008,0.019,0.521,0.394
HAMMER_MALLET,160.0,12.0,163.0,13.0,0.01,0.01,0.008,0.01,0.925,0.767
BODY_PAINT,268.0,8.0,275.0,13.0,0.006,0.017,0.008,0.017,0.368,0.455
NETWORKING_DEVICE,149.0,13.0,157.0,13.0,0.01,0.01,0.008,0.009,1.076,0.796
MODEM,191.0,12.0,191.0,12.0,0.01,0.012,0.007,0.011,0.775,0.604
ELECTRONIC_DEVICE_SKIN,284.0,12.0,286.0,12.0,0.01,0.018,0.007,0.017,0.521,0.404
MOISTURIZING_SOCK_GLOVE,202.0,11.0,207.0,12.0,0.009,0.013,0.007,0.012,0.672,0.558
POWER_SUPPLIES_OR_PROTECTION,152.0,11.0,166.0,12.0,0.009,0.01,0.007,0.01,0.893,0.695
CURTAIN_SWAG_HOLDER,138.0,9.0,167.0,12.0,0.007,0.009,0.007,0.01,0.804,0.691
COOKING_CONTAINER,168.0,12.0,173.0,12.0,0.01,0.011,0.007,0.01,0.881,0.667
RELAY,106.0,12.0,116.0,12.0,0.01,0.007,0.007,0.007,1.396,0.995
GLUCOSE_METER,157.0,12.0,165.0,12.0,0.01,0.01,0.007,0.01,0.943,0.7
CRAFT_MOLD,414.0,11.0,418.0,12.0,0.009,0.027,0.007,0.025,0.328,0.276
MUSCLE_ROLLER,194.0,12.0,200.0,12.0,0.01,0.012,0.007,0.012,0.763,0.577
GARLAND,222.0,7.0,256.0,12.0,0.006,0.014,0.007,0.015,0.389,0.451
DISPLAY_ENCLOSURE,150.0,11.0,159.0,12.0,0.009,0.01,0.007,0.01,0.905,0.726
GAMING_EQUIPMENT_ENCLOSURE,325.0,12.0,330.0,12.0,0.01,0.021,0.007,0.02,0.455,0.35
FOOD_SHAKER,254.0,12.0,261.0,12.0,0.01,0.016,0.007,0.016,0.583,0.442
ENGINE_COMPONENT_CAP,196.0,12.0,198.0,12.0,0.01,0.013,0.007,0.012,0.755,0.583
LIGHT_BULB_SOCKET,174.0,10.0,201.0,12.0,0.008,0.011,0.007,0.012,0.709,0.574
ONBOARD_CAMERA,232.0,12.0,238.0,12.0,0.01,0.015,0.007,0.014,0.638,0.485
PLAYARD,168.0,11.0,170.0,12.0,0.009,0.011,0.007,0.01,0.808,0.679
FOOD_BIB,348.0,12.0,359.0,12.0,0.01,0.022,0.007,0.022,0.425,0.322
STOVETOP_KETTLE,117.0,12.0,117.0,12.0,0.01,0.008,0.007,0.007,1.265,0.987
CARPET_UPHOLSTERY_CLEANING_MACHINE,228.0,10.0,228.0,12.0,0.008,0.015,0.007,0.014,0.541,0.506
BRAKE_ROTOR,86.0,9.0,129.0,12.0,0.007,0.006,0.007,0.008,1.291,0.895
HOUSEHOLD_VARNISH,73.0,11.0,82.0,12.0,0.009,0.005,0.007,0.005,1.859,1.408
PEN_MARKER_INK_CARTRIDGE_REFILL,303.0,12.0,336.0,12.0,0.01,0.019,0.007,0.02,0.489,0.344
SUSPENDER,273.0,12.0,286.0,12.0,0.01,0.018,0.007,0.017,0.542,0.404
PAW_HOOF_PROTECTOR,167.0,12.0,173.0,12.0,0.01,0.011,0.007,0.01,0.886,0.667
HAND_SEWING_NEEDLE,240.0,12.0,254.0,12.0,0.01,0.015,0.007,0.015,0.617,0.454
DESK_PAD,147.0,9.0,151.0,12.0,0.007,0.009,0.007,0.009,0.755,0.764
INDUSTRIAL_CASTERS,164.0,9.0,203.0,12.0,0.007,0.011,0.007,0.012,0.677,0.569
ACCESSORY_OR_PART_OR_SUPPLY,184.0,12.0,191.0,12.0,0.01,0.012,0.007,0.011,0.804,0.604
GPS_OR_NAVIGATION_SYSTEM,143.0,12.0,149.0,12.0,0.01,0.009,0.007,0.009,1.035,0.775
JEWELRY_SET,191.0,12.0,192.0,12.0,0.01,0.012,0.007,0.012,0.775,0.601
BISS,195.0,11.0,205.0,12.0,0.009,0.013,0.007,0.012,0.696,0.563
MISC_OTHER,111.0,11.0,131.0,12.0,0.009,0.007,0.007,0.008,1.222,0.881
ORCA_SHIRT,323.0,12.0,326.0,12.0,0.01,0.021,0.007,0.02,0.458,0.354
CAR_ELECTRONICS,112.0,6.0,120.0,11.0,0.005,0.007,0.006,0.007,0.661,0.882
TEAPOT,147.0,9.0,148.0,11.0,0.007,0.009,0.006,0.009,0.755,0.715
NETTING_COVER,192.0,8.0,214.0,11.0,0.006,0.012,0.006,0.013,0.514,0.494
STEERING_WHEEL_COVER,267.0,11.0,268.0,11.0,0.009,0.017,0.006,0.016,0.508,0.395
FURNITURE_LEG,141.0,8.0,177.0,11.0,0.006,0.009,0.006,0.011,0.7,0.598
ANIMAL_STAIR,122.0,9.0,123.0,11.0,0.007,0.008,0.006,0.007,0.91,0.86
EXERCISE_STRAP,134.0,11.0,136.0,11.0,0.009,0.009,0.006,0.008,1.013,0.778
FOUNTAIN,314.0,11.0,318.0,11.0,0.009,0.02,0.006,0.019,0.432,0.333
NAIL_DRILL,196.0,11.0,198.0,11.0,0.009,0.013,0.006,0.012,0.692,0.534
COLLAPSIBLE_PLAY_STRUCTURE,275.0,11.0,283.0,11.0,0.009,0.018,0.006,0.017,0.493,0.374
TOGGLE_SWITCH,86.0,8.0,104.0,11.0,0.006,0.006,0.006,0.006,1.147,1.017
MAPS,190.0,11.0,211.0,11.0,0.009,0.012,0.006,0.013,0.714,0.501
VACUUM_SEALER_MACHINE,320.0,11.0,336.0,11.0,0.009,0.021,0.006,0.02,0.424,0.315
BEVERAGE_INSULATOR,255.0,10.0,264.0,11.0,0.008,0.016,0.006,0.016,0.484,0.401
DIETARY_SUPPLEMENTS,237.0,10.0,256.0,11.0,0.008,0.015,0.006,0.015,0.52,0.413
BABY_CARRIER,182.0,11.0,184.0,11.0,0.009,0.012,0.006,0.011,0.746,0.575
COMPUTER_INPUT_DEVICE_ACCESSORY,72.0,11.0,75.0,11.0,0.009,0.005,0.006,0.005,1.885,1.411
FAUCET_WATER_AERATOR,138.0,11.0,141.0,11.0,0.009,0.009,0.006,0.008,0.983,0.75
DRAFT_STOPPER,175.0,10.0,201.0,11.0,0.008,0.011,0.006,0.012,0.705,0.526
AUTO_KEY_SHELL,188.0,9.0,197.0,11.0,0.007,0.012,0.006,0.012,0.591,0.537
BICYCLE_PEDAL,126.0,11.0,131.0,11.0,0.009,0.008,0.006,0.008,1.077,0.808
MICROWAVE_OVEN,180.0,11.0,180.0,11.0,0.009,0.012,0.006,0.011,0.754,0.588
AIR_COOLER,97.0,11.0,100.0,11.0,0.009,0.006,0.006,0.006,1.399,1.058
WHEEL_CUTTER,248.0,10.0,250.0,11.0,0.008,0.016,0.006,0.015,0.497,0.423
CRAFT_WRAPPING_TISSUE_PAPER,198.0,10.0,212.0,11.0,0.008,0.013,0.006,0.013,0.623,0.499
JUICER,220.0,11.0,224.0,11.0,0.009,0.014,0.006,0.013,0.617,0.472
PINBOARD,208.0,11.0,227.0,11.0,0.009,0.013,0.006,0.014,0.652,0.466
ELECTRONIC_COMPONENT,141.0,11.0,147.0,11.0,0.009,0.009,0.006,0.009,0.962,0.72
KEYBOARD_INSTRUMENTS,202.0,11.0,204.0,11.0,0.009,0.013,0.006,0.012,0.672,0.519
TECHNICAL_SPORT_SHOE,112.0,11.0,112.0,11.0,0.009,0.007,0.006,0.007,1.211,0.945
LIGHT_BOX,132.0,7.0,137.0,11.0,0.006,0.008,0.006,0.008,0.654,0.772
PUMP_SPRAYER,277.0,11.0,283.0,11.0,0.009,0.018,0.006,0.017,0.49,0.374
LAMINATOR,187.0,11.0,195.0,11.0,0.009,0.012,0.006,0.012,0.726,0.543
TRADING_CARDS_CARDS_SETS,5.0,11.0,5.0,11.0,0.009,0.0,0.006,0.0,27.137,21.162
BED_SKIRT,236.0,11.0,241.0,11.0,0.009,0.015,0.006,0.015,0.575,0.439
RADIO,318.0,11.0,335.0,11.0,0.009,0.02,0.006,0.02,0.427,0.316
HAIR_CARE_AGENT,267.0,11.0,280.0,11.0,0.009,0.017,0.006,0.017,0.508,0.378
CONFETTI,87.0,9.0,105.0,10.0,0.007,0.006,0.006,0.006,1.276,0.916
TILE,142.0,3.0,279.0,10.0,0.002,0.009,0.006,0.017,0.261,0.345
WASHERS,154.0,10.0,160.0,10.0,0.008,0.01,0.006,0.01,0.801,0.601
APPAREL_PIN,480.0,9.0,510.0,10.0,0.007,0.031,0.006,0.031,0.231,0.189
DRY_SHAMPOO,483.0,10.0,508.0,10.0,0.008,0.031,0.006,0.031,0.255,0.189
BICYCLE,161.0,10.0,164.0,10.0,0.008,0.01,0.006,0.01,0.766,0.587
KNITTING_NEEDLE,239.0,10.0,248.0,10.0,0.008,0.015,0.006,0.015,0.516,0.388
ROTATING_TRAY,148.0,9.0,172.0,10.0,0.007,0.01,0.006,0.01,0.75,0.559
WEIGHTLIFTING_BELT,82.0,6.0,84.0,10.0,0.005,0.005,0.006,0.005,0.903,1.145
PHYSICAL_SOFTWARE,154.0,10.0,155.0,10.0,0.008,0.01,0.006,0.009,0.801,0.621
PORTABLE_ELECTRONIC_DEVICE_ARMBAND,199.0,8.0,201.0,10.0,0.006,0.013,0.006,0.012,0.496,0.479
TEXTILE_IRON,154.0,10.0,154.0,10.0,0.008,0.01,0.006,0.009,0.801,0.625
SPORT_MITT,136.0,10.0,137.0,10.0,0.008,0.009,0.006,0.008,0.907,0.702
SPORT_EQUIPMENT_BAG_CASE,238.0,10.0,252.0,10.0,0.008,0.015,0.006,0.015,0.518,0.382
FISHING_EQUIPMENT,154.0,9.0,172.0,10.0,0.007,0.01,0.006,0.01,0.721,0.559
SHOE_ACCESSORY,219.0,10.0,223.0,10.0,0.008,0.014,0.006,0.013,0.563,0.431
DIGITAL_PICTURE_FRAME,144.0,7.0,151.0,10.0,0.006,0.009,0.006,0.009,0.6,0.637
GARMENT_STEAMER,267.0,10.0,270.0,10.0,0.008,0.017,0.006,0.016,0.462,0.356
FITNESS_BENCH,129.0,9.0,129.0,10.0,0.007,0.008,0.006,0.008,0.861,0.746
DOOR_CLOSER,63.0,5.0,68.0,10.0,0.004,0.004,0.006,0.004,0.979,1.415
PET_PLAYPEN,198.0,8.0,202.0,10.0,0.006,0.013,0.006,0.012,0.498,0.476
ROLLING_PIN,198.0,10.0,200.0,10.0,0.008,0.013,0.006,0.012,0.623,0.481
DUTCH_OVENS,163.0,10.0,164.0,10.0,0.008,0.01,0.006,0.01,0.757,0.587
BOOKMARK,303.0,10.0,312.0,10.0,0.008,0.019,0.006,0.019,0.407,0.308
FUEL_PUMP,89.0,10.0,93.0,10.0,0.008,0.006,0.006,0.006,1.386,1.034
FURNITURE_EDGE_BUMPER,190.0,9.0,200.0,10.0,0.007,0.012,0.006,0.012,0.584,0.481
NASAL_ASPIRATOR,183.0,10.0,184.0,10.0,0.008,0.012,0.006,0.011,0.674,0.523
KEYCAP,225.0,10.0,229.0,10.0,0.008,0.014,0.006,0.014,0.548,0.42
TRIVET,130.0,9.0,138.0,10.0,0.007,0.008,0.006,0.008,0.854,0.697
O_RINGS,102.0,8.0,111.0,10.0,0.006,0.007,0.006,0.007,0.967,0.867
SMALL_HOME_APPLIANCES,162.0,10.0,167.0,10.0,0.008,0.01,0.006,0.01,0.761,0.576
VEHICLE_MAT,307.0,10.0,310.0,10.0,0.008,0.02,0.006,0.019,0.402,0.31
NON_DAIRY_YOGURT,51.0,6.0,135.0,10.0,0.005,0.003,0.006,0.008,1.451,0.713
IGNITION_COIL,112.0,8.0,124.0,10.0,0.006,0.007,0.006,0.007,0.881,0.776
TRACK_SUIT,284.0,10.0,284.0,10.0,0.008,0.018,0.006,0.017,0.434,0.339
SQUEEGEE,285.0,10.0,303.0,10.0,0.008,0.018,0.006,0.018,0.433,0.317
VOICE_RECORDER,108.0,8.0,111.0,10.0,0.006,0.007,0.006,0.007,0.914,0.867
VIDEO_PROJECTOR,173.0,10.0,177.0,10.0,0.008,0.011,0.006,0.011,0.713,0.543
STRINGED_INSTRUMENTS,296.0,10.0,301.0,10.0,0.008,0.019,0.006,0.018,0.417,0.32
DUVET_COVER,74.0,3.0,76.0,10.0,0.002,0.005,0.006,0.005,0.5,1.266
BABY_RATTLE,187.0,8.0,190.0,10.0,0.006,0.012,0.006,0.011,0.528,0.506
CAMERA_STAGE_LIGHTING_MODIFIER,176.0,10.0,177.0,10.0,0.008,0.011,0.006,0.011,0.701,0.543
ANIMAL_RECOVERY_COLLAR_CONE,282.0,10.0,285.0,10.0,0.008,0.018,0.006,0.017,0.437,0.338
BALANCE_BOARD,158.0,9.0,161.0,10.0,0.007,0.01,0.006,0.01,0.703,0.597
WEATHER_STATION,112.0,8.0,118.0,9.0,0.006,0.007,0.005,0.007,0.881,0.734
TEACHING_EQUIPMENT,142.0,8.0,153.0,9.0,0.006,0.009,0.005,0.009,0.695,0.566
NETWORK_SWITCH,263.0,9.0,274.0,9.0,0.007,0.017,0.005,0.016,0.422,0.316
SPORT_TARGET,157.0,9.0,166.0,9.0,0.007,0.01,0.005,0.01,0.707,0.522
FIRE_PIT,135.0,9.0,140.0,9.0,0.007,0.009,0.005,0.008,0.822,0.618
TABLE_RUNNER,197.0,9.0,260.0,9.0,0.007,0.013,0.005,0.016,0.564,0.333
COSMETIC_NAIL_SET,464.0,9.0,466.0,9.0,0.007,0.03,0.005,0.028,0.239,0.186
TERMINAL_BLOCK,81.0,9.0,88.0,9.0,0.007,0.005,0.005,0.005,1.371,0.984
ELECTRONIC_LEARNING_TOY,209.0,9.0,210.0,9.0,0.007,0.013,0.005,0.013,0.531,0.412
TENT,210.0,9.0,214.0,9.0,0.007,0.013,0.005,0.013,0.529,0.405
PARTY_FAVOR,261.0,8.0,277.0,9.0,0.006,0.017,0.005,0.017,0.378,0.313
COOKWARE,163.0,9.0,178.0,9.0,0.007,0.01,0.005,0.011,0.681,0.486
BUBBLE_MAKER,280.0,9.0,309.0,9.0,0.007,0.018,0.005,0.019,0.396,0.28
PRESSER_FOOT,84.0,8.0,84.0,9.0,0.006,0.005,0.005,0.005,1.175,1.031
SEWING_MACHINE,156.0,9.0,158.0,9.0,0.007,0.01,0.005,0.01,0.712,0.548
CAMERA_FILM,206.0,9.0,214.0,9.0,0.007,0.013,0.005,0.013,0.539,0.405
TOILET,98.0,9.0,102.0,9.0,0.007,0.006,0.005,0.006,1.133,0.849
LIQUID_INK,325.0,9.0,343.0,9.0,0.007,0.021,0.005,0.021,0.342,0.252
SANDER,145.0,9.0,146.0,9.0,0.007,0.009,0.005,0.009,0.766,0.593
CISTERN,47.0,8.0,60.0,9.0,0.006,0.003,0.005,0.004,2.1,1.443
BATH_SAFETY_SEATING,122.0,9.0,122.0,9.0,0.007,0.008,0.005,0.007,0.91,0.71
CIGARETTE_CASE,77.0,9.0,79.0,9.0,0.007,0.005,0.005,0.005,1.442,1.096
MATERIAL_HANDLING,82.0,7.0,89.0,9.0,0.006,0.005,0.005,0.005,1.053,0.973
GARDEN_SHEAR_SCISSORS,269.0,9.0,276.0,9.0,0.007,0.017,0.005,0.017,0.413,0.314
BED_CURTAIN,47.0,9.0,48.0,9.0,0.007,0.003,0.005,0.003,2.362,1.804
LAWN_MOWER,147.0,9.0,148.0,9.0,0.007,0.009,0.005,0.009,0.755,0.585
ICE_MAKER,132.0,8.0,134.0,9.0,0.006,0.008,0.005,0.008,0.748,0.646
CHANGING_PAD_COVER,125.0,6.0,129.0,9.0,0.005,0.008,0.005,0.008,0.592,0.671
BOLTS,124.0,9.0,142.0,9.0,0.007,0.008,0.005,0.009,0.895,0.61
BARBECUE_TOOL_SET,109.0,9.0,111.0,9.0,0.007,0.007,0.005,0.007,1.018,0.78
MENSTRUAL_CUP,307.0,9.0,310.0,9.0,0.007,0.02,0.005,0.019,0.362,0.279
ROTARY_TOOL,154.0,9.0,155.0,9.0,0.007,0.01,0.005,0.009,0.721,0.559
GUITARS,218.0,9.0,224.0,9.0,0.007,0.014,0.005,0.013,0.509,0.386
BLOWTORCH,208.0,9.0,209.0,9.0,0.007,0.013,0.005,0.013,0.534,0.414
SHADE_SAIL,98.0,9.0,105.0,9.0,0.007,0.006,0.005,0.006,1.133,0.824
TREADMILL,160.0,9.0,161.0,9.0,0.007,0.01,0.005,0.01,0.694,0.538
BICYCLE_LIGHT,340.0,9.0,360.0,9.0,0.007,0.022,0.005,0.022,0.327,0.24
SEWING_MACHINE_NEEDLE,101.0,8.0,109.0,8.0,0.006,0.006,0.005,0.007,0.977,0.706
Personal Computers,0.0,8.0,0.0,8.0,0.006,0.0,0.005,0.0,,
BAR_CODE_READER,55.0,7.0,81.0,8.0,0.006,0.004,0.005,0.005,1.57,0.95
BAR_TOOL_SET,217.0,8.0,225.0,8.0,0.006,0.014,0.005,0.014,0.455,0.342
SERVEWARE,78.0,7.0,79.0,8.0,0.006,0.005,0.005,0.005,1.107,0.974
GREENHOUSE,45.0,7.0,46.0,8.0,0.006,0.003,0.005,0.003,1.919,1.673
PUNCHING_BAG,129.0,7.0,135.0,8.0,0.006,0.008,0.005,0.008,0.669,0.57
VEHICLE_BUMPER,59.0,4.0,65.0,8.0,0.003,0.004,0.005,0.004,0.836,1.184
CHAINSAW,89.0,8.0,90.0,8.0,0.006,0.006,0.005,0.005,1.109,0.855
VEHICLE_ACCENT_LIGHT,136.0,7.0,141.0,8.0,0.006,0.009,0.005,0.008,0.635,0.546
ELECTROSHOCK_WEAPON,77.0,7.0,84.0,8.0,0.006,0.005,0.005,0.005,1.121,0.916
WEIGHT_RACK,91.0,7.0,98.0,8.0,0.006,0.006,0.005,0.006,0.949,0.785
RAMP,71.0,6.0,71.0,8.0,0.005,0.005,0.005,0.004,1.042,1.084
PARTY_DECORATION_PACK,416.0,8.0,423.0,8.0,0.006,0.027,0.005,0.025,0.237,0.182
KNIFE_BLOCK,138.0,7.0,139.0,8.0,0.006,0.009,0.005,0.008,0.626,0.554
VIDEO_DVD,87.0,8.0,87.0,8.0,0.006,0.006,0.005,0.005,1.134,0.885
VIDEO_DISC_PLAYER,139.0,8.0,142.0,8.0,0.006,0.009,0.005,0.009,0.71,0.542
LAMPSHADE,102.0,8.0,125.0,8.0,0.006,0.007,0.005,0.008,0.967,0.616
SELF_TANNER,610.0,8.0,627.0,8.0,0.006,0.039,0.005,0.038,0.162,0.123
HAIR_TRIMMING_KIT,152.0,8.0,154.0,8.0,0.006,0.01,0.005,0.009,0.649,0.5
SEWING_BUTTON,206.0,7.0,216.0,8.0,0.006,0.013,0.005,0.013,0.419,0.356
DISH_DRYING_MAT,112.0,7.0,119.0,8.0,0.006,0.007,0.005,0.007,0.771,0.647
FREESTANDING_SHELTER,108.0,7.0,112.0,8.0,0.006,0.007,0.005,0.007,0.799,0.687
AIR_GUN,107.0,8.0,112.0,8.0,0.006,0.007,0.005,0.007,0.922,0.687
BOXING_GLOVE,152.0,8.0,153.0,8.0,0.006,0.01,0.005,0.009,0.649,0.503
MONEY_BANK,204.0,8.0,207.0,8.0,0.006,0.013,0.005,0.012,0.484,0.372
WIRE_STRIPPER,106.0,8.0,107.0,8.0,0.006,0.007,0.005,0.006,0.931,0.719
METAL_DETECTOR,71.0,7.0,72.0,8.0,0.006,0.005,0.005,0.004,1.216,1.069
PRECISION_MEASURING,135.0,7.0,143.0,8.0,0.006,0.009,0.005,0.009,0.64,0.538
Software Download,0.0,7.0,0.0,8.0,0.006,0.0,0.005,0.0,,
SOUND_CARD,100.0,8.0,103.0,8.0,0.006,0.006,0.005,0.006,0.987,0.747
FLAME_WICK,104.0,8.0,107.0,8.0,0.006,0.007,0.005,0.006,0.949,0.719
ABDOMINAL_EXERCISER,163.0,7.0,163.0,8.0,0.006,0.01,0.005,0.01,0.53,0.472
FIDGET_TOY_SPINNER,132.0,8.0,137.0,8.0,0.006,0.008,0.005,0.008,0.748,0.562
MP3_PLAYER,182.0,8.0,191.0,8.0,0.006,0.012,0.005,0.011,0.542,0.403
AV_RECEIVER,138.0,8.0,146.0,8.0,0.006,0.009,0.005,0.009,0.715,0.527
SWIM_FIN,59.0,8.0,61.0,8.0,0.006,0.004,0.005,0.004,1.673,1.262
TIRE_VALVE_STEM_CAP,189.0,8.0,192.0,8.0,0.006,0.012,0.005,0.012,0.522,0.401
CAMERA,83.0,7.0,84.0,8.0,0.006,0.005,0.005,0.005,1.04,0.916
SPORT_TABLE_GAME,107.0,8.0,109.0,8.0,0.006,0.007,0.005,0.007,0.922,0.706
CAMERA_CLEANER,271.0,8.0,279.0,8.0,0.006,0.017,0.005,0.017,0.364,0.276
MAILBOX,83.0,6.0,87.0,8.0,0.005,0.005,0.005,0.005,0.892,0.885
ANIMAL_VITAMIN,288.0,7.0,302.0,8.0,0.006,0.019,0.005,0.018,0.3,0.255
FACIAL_STEAMER,73.0,8.0,74.0,8.0,0.006,0.005,0.005,0.004,1.352,1.04
MAKE_UP,374.0,8.0,379.0,8.0,0.006,0.024,0.005,0.023,0.264,0.203
WINDING_REEL,92.0,5.0,103.0,8.0,0.004,0.006,0.005,0.006,0.67,0.747
BOTTLE_STOPPER,206.0,8.0,210.0,8.0,0.006,0.013,0.005,0.013,0.479,0.366
POWER_INVERTER,151.0,8.0,151.0,8.0,0.006,0.01,0.005,0.009,0.654,0.51
AUDIO_MIDI_INTERFACE,120.0,8.0,123.0,8.0,0.006,0.008,0.005,0.007,0.822,0.626
COLLECTIBLE_COINS,86.0,8.0,87.0,8.0,0.006,0.006,0.005,0.005,1.147,0.885
HARDWARE_PIN,77.0,8.0,86.0,8.0,0.006,0.005,0.005,0.005,1.282,0.895
MASSAGE_STICK,123.0,8.0,126.0,8.0,0.006,0.008,0.005,0.008,0.802,0.611
DAIRY_BASED_PUDDING,23.0,5.0,30.0,7.0,0.004,0.001,0.004,0.002,2.682,2.244
DONUT,10.0,6.0,11.0,7.0,0.005,0.001,0.004,0.001,7.401,6.121
SWORD,78.0,7.0,84.0,7.0,0.006,0.005,0.004,0.005,1.107,0.802
IRONING_BOARD,96.0,7.0,98.0,7.0,0.006,0.006,0.004,0.006,0.899,0.687
BUNGEE_CORD,113.0,7.0,119.0,7.0,0.006,0.007,0.004,0.007,0.764,0.566
HEARING_AMPLIFIER,46.0,7.0,49.0,7.0,0.006,0.003,0.004,0.003,1.877,1.374
PASTRY_BASTING_BRUSH,114.0,7.0,115.0,7.0,0.006,0.007,0.004,0.007,0.757,0.586
WREATH,164.0,6.0,181.0,7.0,0.005,0.011,0.004,0.011,0.451,0.372
HAIR_ROLLER,341.0,7.0,363.0,7.0,0.006,0.022,0.004,0.022,0.253,0.185
DIMENSIONAL_MEASUREMENT_CALIPER,73.0,7.0,73.0,7.0,0.006,0.005,0.004,0.004,1.183,0.922
HEADBOARD,94.0,6.0,104.0,7.0,0.005,0.006,0.004,0.006,0.787,0.647
DIE_CUT_MACHINE,174.0,7.0,180.0,7.0,0.006,0.011,0.004,0.011,0.496,0.374
CALISTHENICS_STAND,81.0,4.0,81.0,7.0,0.003,0.005,0.004,0.005,0.609,0.831
SCANNER,85.0,7.0,86.0,7.0,0.006,0.005,0.004,0.005,1.016,0.783
ICE_CREAM_MAKER,101.0,7.0,102.0,7.0,0.006,0.006,0.004,0.006,0.855,0.66
ROOM_DIVIDER,44.0,6.0,50.0,7.0,0.005,0.003,0.004,0.003,1.682,1.347
WIND_CHIME,232.0,7.0,245.0,7.0,0.006,0.015,0.004,0.015,0.372,0.275
MINIATURE_TOY_BUILDING,139.0,7.0,139.0,7.0,0.006,0.009,0.004,0.008,0.621,0.484
COUNTERTOP_BURNER,132.0,7.0,133.0,7.0,0.006,0.008,0.004,0.008,0.654,0.506
BABY_JUMPER_WALKER,100.0,7.0,101.0,7.0,0.006,0.006,0.004,0.006,0.863,0.667
FUEL_FILTER,87.0,4.0,96.0,7.0,0.003,0.006,0.004,0.006,0.567,0.701
COCKTAIL_SHAKER,163.0,6.0,165.0,7.0,0.005,0.01,0.004,0.01,0.454,0.408
EYELASH_CURLER,185.0,7.0,185.0,7.0,0.006,0.012,0.004,0.011,0.467,0.364
FISHING_HOOK,484.0,7.0,537.0,7.0,0.006,0.031,0.004,0.032,0.178,0.125
SNACK_FOOD,1.0,5.0,1.0,7.0,0.004,0.0,0.004,0.0,61.675,67.334
POOL_COVER,134.0,7.0,135.0,7.0,0.006,0.009,0.004,0.008,0.644,0.499
COSTUME_EYEWEAR,171.0,7.0,186.0,7.0,0.006,0.011,0.004,0.011,0.505,0.362
TEMPORARY_HANGER_HOOK,149.0,5.0,165.0,7.0,0.004,0.01,0.004,0.01,0.414,0.408
FOOD_SMOKER,133.0,6.0,135.0,7.0,0.005,0.009,0.004,0.008,0.556,0.499
SPORT_NET,91.0,7.0,102.0,7.0,0.006,0.006,0.004,0.006,0.949,0.66
SOFA,172.0,7.0,174.0,7.0,0.006,0.011,0.004,0.01,0.502,0.387
PRESSURE_WASHER,127.0,7.0,127.0,7.0,0.006,0.008,0.004,0.008,0.68,0.53
AV_FURNITURE,72.0,7.0,79.0,7.0,0.006,0.005,0.004,0.005,1.199,0.852
FITNESS_HOOP,112.0,7.0,113.0,7.0,0.006,0.007,0.004,0.007,0.771,0.596
CLIMBING_PLANT_SUPPORT_STRUCTURE,93.0,7.0,100.0,7.0,0.006,0.006,0.004,0.006,0.928,0.673
BATHTUB,43.0,7.0,43.0,7.0,0.006,0.003,0.004,0.003,2.008,1.566
CHEMICAL_TEST_STRIP,212.0,7.0,212.0,7.0,0.006,0.014,0.004,0.013,0.407,0.318
TELESCOPE,159.0,7.0,159.0,7.0,0.006,0.01,0.004,0.01,0.543,0.423
WATERING_CAN,192.0,7.0,192.0,7.0,0.006,0.012,0.004,0.012,0.45,0.351
OTTOMAN,220.0,7.0,226.0,7.0,0.006,0.014,0.004,0.014,0.392,0.298
BICYCLE_SEAT,213.0,7.0,220.0,7.0,0.006,0.014,0.004,0.013,0.405,0.306
STREAMING_MUSIC_SUBSCRIPTION,132.0,7.0,132.0,7.0,0.006,0.008,0.004,0.008,0.654,0.51
AUDIO_MIDI_CONTROLLER,72.0,7.0,72.0,7.0,0.006,0.005,0.004,0.004,1.199,0.935
SOUS_VIDE_MACHINE,73.0,6.0,74.0,7.0,0.005,0.005,0.004,0.004,1.014,0.91
CUTTING_TOOLS,156.0,7.0,165.0,7.0,0.006,0.01,0.004,0.01,0.553,0.408
AUTO_BATTERY,142.0,7.0,157.0,7.0,0.006,0.009,0.004,0.009,0.608,0.429
GOLF_CLUB,81.0,6.0,83.0,7.0,0.005,0.005,0.004,0.005,0.914,0.811
VEHICLE_WIND_DEFLECTOR,107.0,7.0,108.0,7.0,0.006,0.007,0.004,0.007,0.807,0.623
AUDIO_MIXING_CONSOLE,35.0,6.0,35.0,7.0,0.005,0.002,0.004,0.002,2.115,1.924
END_MILLS,4.0,7.0,4.0,7.0,0.006,0.0,0.004,0.0,21.586,16.833
ASHTRAY,153.0,6.0,156.0,7.0,0.005,0.01,0.004,0.009,0.484,0.432
PORTABLE_VIDEO_DISC_PLAYER,19.0,6.0,20.0,6.0,0.005,0.001,0.003,0.001,3.895,2.886
SWING,234.0,6.0,241.0,6.0,0.005,0.015,0.003,0.015,0.316,0.239
PHYSICAL_GIFT_CARD,72.0,5.0,83.0,6.0,0.004,0.005,0.003,0.005,0.857,0.695
SPLASH_POOL,144.0,6.0,147.0,6.0,0.005,0.009,0.003,0.009,0.514,0.393
WATER_DISPENSER,104.0,6.0,105.0,6.0,0.005,0.007,0.003,0.006,0.712,0.55
STRING_TRIMMER,211.0,6.0,214.0,6.0,0.005,0.014,0.003,0.013,0.351,0.27
SPORT_BAT,91.0,5.0,93.0,6.0,0.004,0.006,0.003,0.006,0.678,0.621
SURVIVAL_KIT,153.0,6.0,162.0,6.0,0.005,0.01,0.003,0.01,0.484,0.356
VEHICLE_EMBLEM,64.0,5.0,65.0,6.0,0.004,0.004,0.003,0.004,0.964,0.888
PROJECTION_SCREEN,98.0,6.0,99.0,6.0,0.005,0.006,0.003,0.006,0.755,0.583
SUIT,174.0,6.0,174.0,6.0,0.005,0.011,0.003,0.01,0.425,0.332
SKATEBOARD,124.0,6.0,125.0,6.0,0.005,0.008,0.003,0.008,0.597,0.462
SINK,95.0,6.0,97.0,6.0,0.005,0.006,0.003,0.006,0.779,0.595
VEHICLE_SAFETY_CAMERA,97.0,6.0,98.0,6.0,0.005,0.006,0.003,0.006,0.763,0.589
ROLLER_CHAIN,85.0,6.0,86.0,6.0,0.005,0.005,0.003,0.005,0.871,0.671
SHIN_GUARD,91.0,6.0,93.0,6.0,0.005,0.006,0.003,0.006,0.813,0.621
SKEWER,135.0,6.0,141.0,6.0,0.005,0.009,0.003,0.008,0.548,0.409
ZIPPER_FASTENER,133.0,6.0,141.0,6.0,0.005,0.009,0.003,0.008,0.556,0.409
FOOTREST,193.0,6.0,198.0,6.0,0.005,0.012,0.003,0.012,0.383,0.291
ELECTRICAL_HOUSING,94.0,6.0,130.0,6.0,0.005,0.006,0.003,0.008,0.787,0.444
MESS_KIT,51.0,6.0,52.0,6.0,0.005,0.003,0.003,0.003,1.451,1.11
FOOD_MASHER,121.0,6.0,124.0,6.0,0.005,0.008,0.003,0.007,0.612,0.465
FURNITURE_SLIDER,46.0,5.0,53.0,6.0,0.004,0.003,0.003,0.003,1.341,1.089
EYEGLASS_FRAME,173.0,6.0,175.0,6.0,0.005,0.011,0.003,0.011,0.428,0.33
CLIPBOARD,146.0,4.0,164.0,6.0,0.003,0.009,0.003,0.01,0.338,0.352
FURNITURE_CART,152.0,6.0,152.0,6.0,0.005,0.01,0.003,0.009,0.487,0.38
HIP_FLASK,140.0,5.0,168.0,6.0,0.004,0.009,0.003,0.01,0.441,0.344
ADHESIVES_AND_SEALANTS,83.0,6.0,86.0,6.0,0.005,0.005,0.003,0.005,0.892,0.671
ELECTRIC_MOTOR,206.0,6.0,224.0,6.0,0.005,0.013,0.003,0.013,0.359,0.258
LEVEL,98.0,6.0,99.0,6.0,0.005,0.006,0.003,0.006,0.755,0.583
FOOD_DEHYDRATOR,112.0,6.0,113.0,6.0,0.005,0.007,0.003,0.007,0.661,0.511
CAMERA_LENS_FILTERS,250.0,5.0,259.0,6.0,0.004,0.016,0.003,0.016,0.247,0.223
ELLIPTICAL_TRAINER,52.0,6.0,53.0,6.0,0.005,0.003,0.003,0.003,1.423,1.089
ELECTRONIC_SIGNAL_CONVERTER,93.0,6.0,94.0,6.0,0.005,0.006,0.003,0.006,0.796,0.614
CABLE_ASSEMBLY,165.0,5.0,174.0,6.0,0.004,0.011,0.003,0.01,0.374,0.332
AUDIO_OR_VIDEO,76.0,6.0,87.0,6.0,0.005,0.005,0.003,0.005,0.974,0.663
KICK_SCOOTER,175.0,6.0,178.0,6.0,0.005,0.011,0.003,0.011,0.423,0.324
PALETTE_PUTTY_KNIFE,135.0,6.0,137.0,6.0,0.005,0.009,0.003,0.008,0.548,0.421
CHAINSAW_CHAIN,56.0,5.0,61.0,6.0,0.004,0.004,0.003,0.004,1.101,0.946
AWNING,32.0,6.0,37.0,6.0,0.005,0.002,0.003,0.002,2.313,1.56
MODEL,17.0,6.0,17.0,6.0,0.005,0.001,0.003,0.001,4.354,3.395
PET_DOOR,163.0,6.0,173.0,6.0,0.005,0.01,0.003,0.01,0.454,0.334
LIQUID_FUEL_CONTAINER,81.0,6.0,85.0,6.0,0.005,0.005,0.003,0.005,0.914,0.679
DEEP_FRYER,107.0,6.0,107.0,6.0,0.005,0.007,0.003,0.006,0.692,0.539
GLOBE,46.0,6.0,53.0,6.0,0.005,0.003,0.003,0.003,1.609,1.089
KETTLEBELL,128.0,4.0,138.0,6.0,0.003,0.008,0.003,0.008,0.385,0.418
DRAWER_SLIDE,66.0,5.0,82.0,5.0,0.004,0.004,0.003,0.005,0.934,0.587
DISC_GRINDER_TOOL,33.0,5.0,33.0,5.0,0.004,0.002,0.003,0.002,1.869,1.457
BOOKEND,167.0,5.0,189.0,5.0,0.004,0.011,0.003,0.011,0.369,0.254
FOOD_OR_BEVERAGE_WARMER,166.0,5.0,178.0,5.0,0.004,0.011,0.003,0.011,0.372,0.27
PREPARED_DOUGH,25.0,3.0,27.0,5.0,0.002,0.002,0.003,0.002,1.48,1.781
MOP_BUCKET_SET,157.0,5.0,158.0,5.0,0.004,0.01,0.003,0.01,0.393,0.304
PROJECTILE_BOW,85.0,5.0,89.0,5.0,0.004,0.005,0.003,0.005,0.726,0.54
LUGGAGE,118.0,4.0,120.0,5.0,0.003,0.008,0.003,0.007,0.418,0.401
BREAD_MAKING_MACHINE,53.0,5.0,53.0,5.0,0.004,0.003,0.003,0.003,1.164,0.907
BOOK_COVER,101.0,4.0,106.0,5.0,0.003,0.006,0.003,0.006,0.489,0.454
SNOW_GLOBE,56.0,5.0,61.0,5.0,0.004,0.004,0.003,0.004,1.101,0.788
HARDWARE_NAIL,17.0,5.0,17.0,5.0,0.004,0.001,0.003,0.001,3.628,2.829
VIDEO_GAME_PERIPHERAL_SET,92.0,5.0,98.0,5.0,0.004,0.006,0.003,0.006,0.67,0.491
SNAP_FASTENER,76.0,5.0,80.0,5.0,0.004,0.005,0.003,0.005,0.812,0.601
TOY_MODEL_VEHICLE_TRACK,116.0,5.0,137.0,5.0,0.004,0.007,0.003,0.008,0.532,0.351
AMAZON_TABLET,28.0,3.0,28.0,5.0,0.002,0.002,0.003,0.002,1.322,1.718
RIDE_ON_TOY,238.0,5.0,241.0,5.0,0.004,0.015,0.003,0.015,0.259,0.2
SPIRITS,71.0,5.0,80.0,5.0,0.004,0.005,0.003,0.005,0.869,0.601
WASHER,94.0,5.0,95.0,5.0,0.004,0.006,0.003,0.006,0.656,0.506
INTEGRATED_STEREO_SYSTEM,76.0,5.0,76.0,5.0,0.004,0.005,0.003,0.005,0.812,0.633
SPEAKER_AMPLIFIER_STAND,77.0,5.0,78.0,5.0,0.004,0.005,0.003,0.005,0.801,0.617
Apparel,0.0,5.0,0.0,5.0,0.004,0.0,0.003,0.0,,
FISHING_ROD,41.0,5.0,43.0,5.0,0.004,0.003,0.003,0.003,1.504,1.119
ROLLER_SKATE,188.0,5.0,194.0,5.0,0.004,0.012,0.003,0.012,0.328,0.248
HOUSEHOLD_STAIN,113.0,4.0,119.0,5.0,0.003,0.007,0.003,0.007,0.437,0.404
BAKEWARE_SET,73.0,5.0,73.0,5.0,0.004,0.005,0.003,0.004,0.845,0.659
HOT_GLUE_GUN,140.0,5.0,140.0,5.0,0.004,0.009,0.003,0.008,0.441,0.344
BODY_CARE_PRODUCT,75.0,4.0,83.0,5.0,0.003,0.005,0.003,0.005,0.658,0.579
Electronics,1.0,5.0,1.0,5.0,0.004,0.0,0.003,0.0,61.675,48.096
REINFORCED_ART_SURFACE,255.0,5.0,274.0,5.0,0.004,0.016,0.003,0.016,0.242,0.176
VEHICLE_BAG,157.0,5.0,163.0,5.0,0.004,0.01,0.003,0.01,0.393,0.295
ART_EASEL,126.0,5.0,129.0,5.0,0.004,0.008,0.003,0.008,0.489,0.373
BASE_LAYER_APPAREL_SET,183.0,5.0,191.0,5.0,0.004,0.012,0.003,0.011,0.337,0.252
BASKETBALL_HOOP,90.0,5.0,91.0,5.0,0.004,0.006,0.003,0.005,0.685,0.529
STETHOSCOPE,62.0,5.0,63.0,5.0,0.004,0.004,0.003,0.004,0.995,0.763
GUN_SUPPORT,21.0,5.0,22.0,5.0,0.004,0.001,0.003,0.001,2.937,2.186
Paperback,2.0,5.0,2.0,5.0,0.004,0.0,0.003,0.0,30.838,24.048
ART,73.0,4.0,73.0,5.0,0.003,0.005,0.003,0.004,0.676,0.659
BEAN_BAG_CHAIR,138.0,5.0,146.0,5.0,0.004,0.009,0.003,0.009,0.447,0.329
WIND_SPINNER,53.0,4.0,54.0,5.0,0.003,0.003,0.003,0.003,0.931,0.891
NAIL_POLISH_BRUSH,179.0,5.0,179.0,5.0,0.004,0.011,0.003,0.011,0.345,0.269
CAMERA_ENCLOSURE,40.0,5.0,40.0,5.0,0.004,0.003,0.003,0.002,1.542,1.202
GUN_HOLSTER,236.0,5.0,251.0,5.0,0.004,0.015,0.003,0.015,0.261,0.192
TRANSFORMER,58.0,5.0,62.0,5.0,0.004,0.004,0.003,0.004,1.063,0.776
CUTLERY,38.0,4.0,40.0,5.0,0.003,0.002,0.003,0.002,1.298,1.202
CYCLING_COMPUTER,28.0,5.0,29.0,5.0,0.004,0.002,0.003,0.002,2.203,1.658
OVERALLS,246.0,5.0,251.0,5.0,0.004,0.016,0.003,0.015,0.251,0.192
CIRCUIT_BREAKER,58.0,5.0,82.0,5.0,0.004,0.004,0.003,0.005,1.063,0.587
CRIB,60.0,4.0,60.0,5.0,0.003,0.004,0.003,0.004,0.822,0.802
CHILDRENS_COSTUME,23.0,4.0,23.0,5.0,0.003,0.001,0.003,0.001,2.145,2.091
MOTOR_STARTER,53.0,5.0,53.0,5.0,0.004,0.003,0.003,0.003,1.164,0.907
BENCH,191.0,5.0,198.0,5.0,0.004,0.012,0.003,0.012,0.323,0.243
GUILD_ACCESSORIES,77.0,5.0,77.0,5.0,0.004,0.005,0.003,0.005,0.801,0.625
POTPOURRI_SACHET,134.0,4.0,146.0,5.0,0.003,0.009,0.003,0.009,0.368,0.329
PORTABLE_STOVE,183.0,5.0,194.0,5.0,0.004,0.012,0.003,0.012,0.337,0.248
CAPO,137.0,5.0,138.0,5.0,0.004,0.009,0.003,0.008,0.45,0.349
TV_TUNER_CARD,150.0,5.0,156.0,5.0,0.004,0.01,0.003,0.009,0.411,0.308
PERSONAL_FLOTATION_DEVICE,115.0,5.0,126.0,5.0,0.004,0.007,0.003,0.008,0.536,0.382
TOW_HITCH,131.0,3.0,131.0,5.0,0.002,0.008,0.003,0.008,0.282,0.367
VEHICLE_WRAP,101.0,5.0,107.0,5.0,0.004,0.006,0.003,0.006,0.611,0.449
CONTROLLER,123.0,5.0,134.0,5.0,0.004,0.008,0.003,0.008,0.501,0.359
PLAY_WORKSTATION,144.0,5.0,144.0,5.0,0.004,0.009,0.003,0.009,0.428,0.334
BATHROOM_CONTAINER_SET,74.0,4.0,79.0,4.0,0.003,0.005,0.002,0.005,0.667,0.487
NON_DAIRY_PUDDING,9.0,2.0,13.0,4.0,0.002,0.001,0.002,0.001,2.741,2.96
CARBURETOR,194.0,4.0,199.0,4.0,0.003,0.012,0.002,0.012,0.254,0.193
SOLAR_PANEL,89.0,4.0,114.0,4.0,0.003,0.006,0.002,0.007,0.554,0.338
NICOTINE_REPLACEMENT,63.0,1.0,65.0,4.0,0.001,0.004,0.002,0.004,0.196,0.592
GUILD_JEWELRY,329.0,4.0,337.0,4.0,0.003,0.021,0.002,0.02,0.15,0.114
WATER_HEATER,51.0,4.0,51.0,4.0,0.003,0.003,0.002,0.003,0.967,0.754
OTC_MEDICATION,84.0,3.0,85.0,4.0,0.002,0.005,0.002,0.005,0.441,0.453
RECEIVER_OR_AMPLIFIER,18.0,4.0,19.0,4.0,0.003,0.001,0.002,0.001,2.741,2.025
SOLDERING_STATION,69.0,4.0,73.0,4.0,0.003,0.004,0.002,0.004,0.715,0.527
GARDEN_TOOL_SET,101.0,4.0,103.0,4.0,0.003,0.006,0.002,0.006,0.489,0.374
HUBCAP_WHEEL_COVER,60.0,4.0,68.0,4.0,0.003,0.004,0.002,0.004,0.822,0.566
Health and Beauty,32.0,4.0,33.0,4.0,0.003,0.002,0.002,0.002,1.542,1.166
PET_HEALTH_CARE,290.0,4.0,303.0,4.0,0.003,0.019,0.002,0.018,0.17,0.127
CARRYING_CASE_OR_BAG,57.0,4.0,57.0,4.0,0.003,0.004,0.002,0.003,0.866,0.675
GPS_OR_NAVIGATION_ACCESSORY,17.0,4.0,18.0,4.0,0.003,0.001,0.002,0.001,2.902,2.138
VEHICLE_CARGO_CARRIER,56.0,4.0,56.0,4.0,0.003,0.004,0.002,0.003,0.881,0.687
IRON_ON_TRANSFER_DESIGN,109.0,3.0,125.0,4.0,0.002,0.007,0.002,0.008,0.339,0.308
3D_PRINTER,191.0,4.0,203.0,4.0,0.003,0.012,0.002,0.012,0.258,0.19
SPORT_WETSUIT,50.0,4.0,50.0,4.0,0.003,0.003,0.002,0.003,0.987,0.77
GRAVITY_BEVERAGE_DISPENSER,45.0,4.0,50.0,4.0,0.003,0.003,0.002,0.003,1.096,0.77
GRIDDLE_PLATE,105.0,4.0,107.0,4.0,0.003,0.007,0.002,0.006,0.47,0.36
TRADING_CARDS_MISC_TRADING_CARDS,22.0,4.0,23.0,4.0,0.003,0.001,0.002,0.001,2.243,1.673
RICE_WINE,20.0,4.0,20.0,4.0,0.003,0.001,0.002,0.001,2.467,1.924
SODA_MAKER,73.0,4.0,75.0,4.0,0.003,0.005,0.002,0.005,0.676,0.513
REUSABLE_INCONTINENCE_SURFACE_PROTECTOR,96.0,4.0,107.0,4.0,0.003,0.006,0.002,0.006,0.514,0.36
BICYCLE_BELL,83.0,4.0,88.0,4.0,0.003,0.005,0.002,0.005,0.594,0.437
HEAT_PRESS,58.0,4.0,58.0,4.0,0.003,0.004,0.002,0.003,0.851,0.663
ENTERTAINMENT_MEMORABILIA,18.0,3.0,19.0,4.0,0.002,0.001,0.002,0.001,2.056,2.025
SHEET_PAPER,114.0,4.0,114.0,4.0,0.003,0.007,0.002,0.007,0.433,0.338
VIDEO_GAME_HARDWARE,73.0,4.0,73.0,4.0,0.003,0.005,0.002,0.004,0.676,0.527
DARTBOARD,75.0,4.0,76.0,4.0,0.003,0.005,0.002,0.005,0.658,0.506
SNOW_BLOWER,44.0,4.0,44.0,4.0,0.003,0.003,0.002,0.003,1.121,0.874
SEWING_PATTERN,36.0,4.0,36.0,4.0,0.003,0.002,0.002,0.002,1.371,1.069
BED_SLATS,25.0,4.0,27.0,4.0,0.003,0.002,0.002,0.002,1.974,1.425
MUFFLER,58.0,4.0,61.0,4.0,0.003,0.004,0.002,0.004,0.851,0.631
DRESSER,233.0,4.0,245.0,4.0,0.003,0.015,0.002,0.015,0.212,0.157
BOTTLE_RACK,119.0,4.0,124.0,4.0,0.003,0.008,0.002,0.007,0.415,0.31
SWIM_CAP,119.0,4.0,121.0,4.0,0.003,0.008,0.002,0.007,0.415,0.318
BRA_UNDERWEAR_SET,308.0,4.0,308.0,4.0,0.003,0.02,0.002,0.019,0.16,0.125
SYSTEM_CABINET,71.0,4.0,75.0,4.0,0.003,0.005,0.002,0.005,0.695,0.513
DISHWASHER,49.0,4.0,50.0,4.0,0.003,0.003,0.002,0.003,1.007,0.77
SMOKING_PIPE,59.0,4.0,65.0,4.0,0.003,0.004,0.002,0.004,0.836,0.592
ABIS_SPORTS,14.0,4.0,14.0,4.0,0.003,0.001,0.002,0.001,3.524,2.748
MOTION_DETECTOR_DEVICE,78.0,2.0,92.0,4.0,0.002,0.005,0.002,0.006,0.316,0.418
BUCKLE,139.0,3.0,146.0,4.0,0.002,0.009,0.002,0.009,0.266,0.264
BUTTER_DISH,157.0,4.0,160.0,4.0,0.003,0.01,0.002,0.01,0.314,0.24
SNOW_CHAIN,22.0,3.0,25.0,4.0,0.002,0.001,0.002,0.002,1.682,1.539
WHEEL,156.0,4.0,170.0,4.0,0.003,0.01,0.002,0.01,0.316,0.226
STRENGTH_TRAINING_MACHINE,31.0,4.0,31.0,4.0,0.003,0.002,0.002,0.002,1.592,1.241
CRIMPING_PLIERS,129.0,4.0,130.0,4.0,0.003,0.008,0.002,0.008,0.382,0.296
LIGHTED_OUTDOOR_DISPLAY,122.0,4.0,133.0,4.0,0.003,0.008,0.002,0.008,0.404,0.289
ABIS_HOME_IMPROVEMENT,17.0,3.0,18.0,4.0,0.002,0.001,0.002,0.001,2.177,2.138
ANIMAL_MUZZLE,160.0,4.0,165.0,4.0,0.003,0.01,0.002,0.01,0.308,0.233
CORE_PIT_REMOVER,144.0,4.0,145.0,4.0,0.003,0.009,0.002,0.009,0.343,0.265
CORSET,180.0,4.0,180.0,4.0,0.003,0.012,0.002,0.011,0.274,0.214
Misc.,16.0,4.0,18.0,4.0,0.003,0.001,0.002,0.001,3.084,2.138
SPOON_REST,158.0,4.0,160.0,4.0,0.003,0.01,0.002,0.01,0.312,0.24
HARDWARE_PLANER,31.0,4.0,31.0,4.0,0.003,0.002,0.002,0.002,1.592,1.241
AMAZON_BOOK_READER_ACCESSORY,179.0,4.0,189.0,4.0,0.003,0.011,0.002,0.011,0.276,0.204
GUITAR_EFFECT_DEVICE,160.0,4.0,161.0,4.0,0.003,0.01,0.002,0.01,0.308,0.239
ELECTRICITY_GENERATOR,116.0,4.0,117.0,4.0,0.003,0.007,0.002,0.007,0.425,0.329
SANDBOX,33.0,3.0,36.0,3.0,0.002,0.002,0.002,0.002,1.121,0.802
FISHING_LINE,192.0,3.0,204.0,3.0,0.002,0.012,0.002,0.012,0.193,0.141
BICYCLE_BRAKE_PAD,62.0,2.0,70.0,3.0,0.002,0.004,0.002,0.004,0.398,0.412
SLEEPING_MAT,41.0,3.0,41.0,3.0,0.002,0.003,0.002,0.002,0.903,0.704
SHOE_BAG,31.0,3.0,35.0,3.0,0.002,0.002,0.002,0.002,1.194,0.824
SPINNING_TOY_TOP,107.0,3.0,112.0,3.0,0.002,0.007,0.002,0.007,0.346,0.258
BICYCLE_TRAILER,32.0,3.0,32.0,3.0,0.002,0.002,0.002,0.002,1.156,0.902
VEHICLE_LIGHTING_CONVERSION_KIT,40.0,3.0,41.0,3.0,0.002,0.003,0.002,0.002,0.925,0.704
BICYCLE_CARGO_RACK,53.0,3.0,54.0,3.0,0.002,0.003,0.002,0.003,0.698,0.534
HANGING_MOBILE,53.0,3.0,53.0,3.0,0.002,0.003,0.002,0.003,0.698,0.544
BIRDBATH,4.0,3.0,4.0,3.0,0.002,0.0,0.002,0.0,9.251,7.214
BASSINET,66.0,3.0,66.0,3.0,0.002,0.004,0.002,0.004,0.561,0.437
SCREW_GUN,51.0,3.0,51.0,3.0,0.002,0.003,0.002,0.003,0.726,0.566
BED,30.0,3.0,30.0,3.0,0.002,0.002,0.002,0.002,1.234,0.962
BAKING_STONE,64.0,3.0,64.0,3.0,0.002,0.004,0.002,0.004,0.578,0.451
IMPACT_PROTECTION_GEAR,86.0,3.0,87.0,3.0,0.002,0.006,0.002,0.005,0.43,0.332
BAG,29.0,3.0,29.0,3.0,0.002,0.002,0.002,0.002,1.276,0.995
SHOE_TREE,135.0,3.0,140.0,3.0,0.002,0.009,0.002,0.008,0.274,0.206
FLASK,15.0,3.0,15.0,3.0,0.002,0.001,0.002,0.001,2.467,1.924
LEAF_BLOWER,146.0,3.0,147.0,3.0,0.002,0.009,0.002,0.009,0.253,0.196
SAFETY_HARNESS,58.0,3.0,59.0,3.0,0.002,0.004,0.002,0.004,0.638,0.489
BLOWER_INFLATED_DECORATION,167.0,3.0,172.0,3.0,0.002,0.011,0.002,0.01,0.222,0.168
PUPPET,184.0,3.0,193.0,3.0,0.002,0.012,0.002,0.012,0.201,0.15
ENGINE_WATER_PUMP,62.0,3.0,65.0,3.0,0.002,0.004,0.002,0.004,0.597,0.444
STROLLER_PROTECTION_SHIELD,33.0,3.0,33.0,3.0,0.002,0.002,0.002,0.002,1.121,0.874
MANNEQUIN_CLOTHING_FORM,43.0,3.0,43.0,3.0,0.002,0.003,0.002,0.003,0.861,0.671
ADULT_COSTUME,85.0,2.0,95.0,3.0,0.002,0.005,0.002,0.006,0.29,0.304
MANUAL_FOOD_MILL_GRINDER,107.0,3.0,107.0,3.0,0.002,0.007,0.002,0.006,0.346,0.27
EDUCATIONAL_SUPPLIES,54.0,3.0,58.0,3.0,0.002,0.003,0.002,0.003,0.685,0.498
MEDICAL_SUPPLIES,2.0,2.0,2.0,3.0,0.002,0.0,0.002,0.0,12.335,14.429
Sports,3.0,3.0,3.0,3.0,0.002,0.0,0.002,0.0,12.335,9.619
BULLION,4.0,3.0,4.0,3.0,0.002,0.0,0.002,0.0,9.251,7.214
URN,51.0,3.0,53.0,3.0,0.002,0.003,0.002,0.003,0.726,0.544
DIGITAL_DEVICE_21_ACCESSORY,19.0,3.0,19.0,3.0,0.002,0.001,0.002,0.001,1.948,1.519
UNDERGARMENT_THIGH_SLIMMER,212.0,3.0,220.0,3.0,0.002,0.014,0.002,0.013,0.175,0.131
MUSICAL_INSTRUMENT_AMPLIFIER,70.0,3.0,70.0,3.0,0.002,0.004,0.002,0.004,0.529,0.412
POOL_VACUUM,112.0,3.0,112.0,3.0,0.002,0.007,0.002,0.007,0.33,0.258
NAPKIN_RING,15.0,2.0,16.0,3.0,0.002,0.001,0.002,0.001,1.645,1.804
COIN_PURSE_POUCH,88.0,3.0,88.0,3.0,0.002,0.006,0.002,0.005,0.421,0.328
TOOL_BELT,53.0,3.0,54.0,3.0,0.002,0.003,0.002,0.003,0.698,0.534
TOOL_CHUCK,41.0,3.0,41.0,3.0,0.002,0.003,0.002,0.002,0.903,0.704
OUTBUILDING,36.0,3.0,40.0,3.0,0.002,0.002,0.002,0.002,1.028,0.721
CARGO_NET,86.0,3.0,90.0,3.0,0.002,0.006,0.002,0.005,0.43,0.321
PA_SYSTEM,29.0,3.0,29.0,3.0,0.002,0.002,0.002,0.002,1.276,0.995
TRACTION_CLEAT,101.0,3.0,105.0,3.0,0.002,0.006,0.002,0.006,0.366,0.275
Wireless Phone Accessory,0.0,3.0,0.0,3.0,0.002,0.0,0.002,0.0,,
YO_YO,73.0,3.0,76.0,3.0,0.002,0.005,0.002,0.005,0.507,0.38
PUSH_PULL_TOY,80.0,3.0,81.0,3.0,0.002,0.005,0.002,0.005,0.463,0.356
ELECTRICAL_DISTRIBUTION_BOARD,19.0,3.0,19.0,3.0,0.002,0.001,0.002,0.001,1.948,1.519
RECIPROCATING_HEDGE_TRIMMER,62.0,3.0,63.0,3.0,0.002,0.004,0.002,0.004,0.597,0.458
LAUNDRY_APPLIANCE,24.0,3.0,24.0,3.0,0.002,0.002,0.002,0.001,1.542,1.202
KARAOKE_MACHINE,56.0,3.0,56.0,3.0,0.002,0.004,0.002,0.003,0.661,0.515
BLOOD_LANCET,37.0,3.0,37.0,3.0,0.002,0.002,0.002,0.002,1.0,0.78
SPORT_BINDING,6.0,2.0,6.0,3.0,0.002,0.0,0.002,0.0,4.112,4.81
SPORT_GOAL,73.0,3.0,78.0,3.0,0.002,0.005,0.002,0.005,0.507,0.37
ROUTER_POWER_TOOL,18.0,3.0,18.0,3.0,0.002,0.001,0.002,0.001,2.056,1.603
AUTOMOTIVE_HELMET,34.0,3.0,34.0,3.0,0.002,0.002,0.002,0.002,1.088,0.849
ROWING_MACHINE,71.0,3.0,71.0,3.0,0.002,0.005,0.002,0.004,0.521,0.406
FASHIONOTHER,151.0,3.0,153.0,3.0,0.002,0.01,0.002,0.009,0.245,0.189
RANGEFINDER,66.0,1.0,66.0,3.0,0.001,0.004,0.002,0.004,0.187,0.437
SPORT_FACE_MASK,67.0,3.0,72.0,3.0,0.002,0.004,0.002,0.004,0.552,0.401
SPORTS_MEMORABILIA,34.0,3.0,35.0,3.0,0.002,0.002,0.002,0.002,1.088,0.824
EXERCISE_MACHINE,78.0,3.0,78.0,3.0,0.002,0.005,0.002,0.005,0.474,0.37
WATER_PLAY_SPRINKLER,154.0,3.0,160.0,3.0,0.002,0.01,0.002,0.01,0.24,0.18
KAYAK,46.0,3.0,51.0,3.0,0.002,0.003,0.002,0.003,0.804,0.566
CLOTH_NAPKIN,70.0,2.0,78.0,2.0,0.002,0.004,0.001,0.005,0.352,0.247
VEHICLE_EXTERIOR_GUARD,38.0,2.0,39.0,2.0,0.002,0.002,0.001,0.002,0.649,0.493
CAMPING_EQUIPMENT,35.0,2.0,38.0,2.0,0.002,0.002,0.001,0.002,0.705,0.506
SLED,55.0,2.0,70.0,2.0,0.002,0.004,0.001,0.004,0.449,0.275
EPILATOR,85.0,2.0,85.0,2.0,0.002,0.005,0.001,0.005,0.29,0.226
GARMENT_PROTECTOR_COVER,76.0,2.0,85.0,2.0,0.002,0.005,0.001,0.005,0.325,0.226
TONNEAU_COVER,38.0,2.0,38.0,2.0,0.002,0.002,0.001,0.002,0.649,0.506
FISHING_ROD_REEL_COMBO,73.0,2.0,80.0,2.0,0.002,0.005,0.001,0.005,0.338,0.24
SKIN_CARE_PRODUCT,53.0,2.0,54.0,2.0,0.002,0.003,0.001,0.003,0.465,0.356
CHISEL,74.0,2.0,74.0,2.0,0.002,0.005,0.001,0.004,0.333,0.26
VEHICLE_CONTROL_ARM,42.0,2.0,45.0,2.0,0.002,0.003,0.001,0.003,0.587,0.428
CHANGING_PAD,129.0,2.0,133.0,2.0,0.002,0.008,0.001,0.008,0.191,0.145
BLAZER,226.0,2.0,226.0,2.0,0.002,0.015,0.001,0.014,0.109,0.085
TREE_TOPPER,133.0,2.0,136.0,2.0,0.002,0.009,0.001,0.008,0.185,0.141
DIGITAL_DEVICE_12_ACCESSORY,67.0,2.0,88.0,2.0,0.002,0.004,0.001,0.005,0.368,0.219
CUFF_LINK,32.0,2.0,33.0,2.0,0.002,0.002,0.001,0.002,0.771,0.583
FITNESS_STEPPER,51.0,2.0,51.0,2.0,0.002,0.003,0.001,0.003,0.484,0.377
GOLF_CLUB_COVER,31.0,2.0,31.0,2.0,0.002,0.002,0.001,0.002,0.796,0.621
ENGINE_EXHAUST_PIPE,34.0,2.0,38.0,2.0,0.002,0.002,0.001,0.002,0.726,0.506
BOOK,35.0,2.0,35.0,2.0,0.002,0.002,0.001,0.002,0.705,0.55
SOIL_TILLER_CULTIVATOR,46.0,2.0,46.0,2.0,0.002,0.003,0.001,0.003,0.536,0.418
FIRE_SCREEN,24.0,2.0,25.0,2.0,0.002,0.002,0.001,0.002,1.028,0.77
EYEGLASS_REPAIR_KIT,21.0,2.0,21.0,2.0,0.002,0.001,0.001,0.001,1.175,0.916
EYEWEAR,67.0,2.0,68.0,2.0,0.002,0.004,0.001,0.004,0.368,0.283
DRYER,42.0,2.0,42.0,2.0,0.002,0.003,0.001,0.003,0.587,0.458
VEHICLE_MOLDING,40.0,2.0,40.0,2.0,0.002,0.003,0.001,0.002,0.617,0.481
SNORKELING_SET,141.0,2.0,151.0,2.0,0.002,0.009,0.001,0.009,0.175,0.127
DRIP_IRRIGATION_KIT,56.0,2.0,58.0,2.0,0.002,0.004,0.001,0.003,0.441,0.332
DRIED_PLANT,78.0,2.0,86.0,2.0,0.002,0.005,0.001,0.005,0.316,0.224
DOLL_CLOTHING,127.0,2.0,127.0,2.0,0.002,0.008,0.001,0.008,0.194,0.151
DINNERWARE,29.0,2.0,31.0,2.0,0.002,0.002,0.001,0.002,0.851,0.621
FINEEARRING,7.0,2.0,7.0,2.0,0.002,0.0,0.001,0.0,3.524,2.748
FLOOR_COVER,10.0,2.0,10.0,2.0,0.002,0.001,0.001,0.001,2.467,1.924
FREEZER,13.0,2.0,13.0,2.0,0.002,0.001,0.001,0.001,1.898,1.48
VENT_HOOD,31.0,2.0,32.0,2.0,0.002,0.002,0.001,0.002,0.796,0.601
PET_SEAT,48.0,2.0,48.0,2.0,0.002,0.003,0.001,0.003,0.514,0.401
PULL_UP_BAR,131.0,2.0,131.0,2.0,0.002,0.008,0.001,0.008,0.188,0.147
SEAFOOD,16.0,2.0,22.0,2.0,0.002,0.001,0.001,0.001,1.542,0.874
NAVIGATION_COMPASS,58.0,2.0,64.0,2.0,0.002,0.004,0.001,0.004,0.425,0.301
INDOOR_GROW_ENCLOSURE,36.0,2.0,37.0,2.0,0.002,0.002,0.001,0.002,0.685,0.52
HANDLEBAR_GRIP,92.0,2.0,95.0,2.0,0.002,0.006,0.001,0.006,0.268,0.203
PLAY_SLIDE,45.0,2.0,45.0,2.0,0.002,0.003,0.001,0.003,0.548,0.428
ABIS_KITCHEN,29.0,2.0,30.0,2.0,0.002,0.002,0.001,0.002,0.851,0.641
SECURITY_SYSTEM,27.0,2.0,27.0,2.0,0.002,0.002,0.001,0.002,0.914,0.713
KITE,61.0,2.0,61.0,2.0,0.002,0.004,0.001,0.004,0.404,0.315
NAIL_POWDER,169.0,2.0,170.0,2.0,0.002,0.011,0.001,0.01,0.146,0.113
WHEELCHAIR,27.0,2.0,27.0,2.0,0.002,0.002,0.001,0.002,0.914,0.713
POWER_TOOL_SET,48.0,2.0,48.0,2.0,0.002,0.003,0.001,0.003,0.514,0.401
POWER_SUPPLY,30.0,2.0,30.0,2.0,0.002,0.002,0.001,0.002,0.822,0.641
HOPPING_TOY,44.0,2.0,44.0,2.0,0.002,0.003,0.001,0.003,0.561,0.437
BEARINGS_AND_BUSHINGS,23.0,2.0,24.0,2.0,0.002,0.001,0.001,0.001,1.073,0.802
PULLEYS,1.0,2.0,1.0,2.0,0.002,0.0,0.001,0.0,24.67,19.238
PORTABLE_AUDIO,45.0,2.0,45.0,2.0,0.002,0.003,0.001,0.003,0.548,0.428
INSTALLATION_SERVICES,72.0,2.0,72.0,2.0,0.002,0.005,0.001,0.004,0.343,0.267
ABIS_VIDEO_GAMES,47.0,2.0,50.0,2.0,0.002,0.003,0.001,0.003,0.525,0.385
POWERSPORT_VEHICLE_FOOTREST,14.0,1.0,14.0,2.0,0.001,0.001,0.001,0.001,0.881,1.374
BABY_BATHTUB,53.0,2.0,53.0,2.0,0.002,0.003,0.001,0.003,0.465,0.363
HYDRATION_PACK,147.0,2.0,157.0,2.0,0.002,0.009,0.001,0.009,0.168,0.123
INDUSTRIAL_HOSE,19.0,2.0,20.0,2.0,0.002,0.001,0.001,0.001,1.298,0.962
MOTOR_ENGINE_FUEL_TANK,60.0,2.0,61.0,2.0,0.002,0.004,0.001,0.004,0.411,0.315
MORTAR_AND_PESTLE_SET,117.0,2.0,119.0,2.0,0.002,0.008,0.001,0.007,0.211,0.162
IMMERSION_HEATER,25.0,2.0,25.0,2.0,0.002,0.002,0.001,0.002,0.987,0.77
MEDICAL_SCRUB_SET,63.0,2.0,89.0,2.0,0.002,0.004,0.001,0.005,0.392,0.216
WORKBENCH,33.0,1.0,33.0,2.0,0.001,0.002,0.001,0.002,0.374,0.583
INCUBATOR,4.0,1.0,4.0,2.0,0.001,0.0,0.001,0.0,3.084,4.81
GUILD_TOYS_AND_GAMES,30.0,2.0,31.0,2.0,0.002,0.002,0.001,0.002,0.822,0.621
PROTECTED_COLLECTION,14.0,2.0,14.0,2.0,0.002,0.001,0.001,0.001,1.762,1.374
SEXUAL_WELLNESS,121.0,2.0,121.0,2.0,0.002,0.008,0.001,0.007,0.204,0.159
GUILD_BEAUTY_GROOMING,71.0,2.0,75.0,2.0,0.002,0.005,0.001,0.005,0.347,0.257
PIE,0.0,2.0,0.0,2.0,0.002,0.0,0.001,0.0,,
BELTS,4.0,2.0,6.0,2.0,0.002,0.0,0.001,0.0,6.168,3.206
GUILD_PET_SUPPLIES,22.0,2.0,23.0,2.0,0.002,0.001,0.001,0.001,1.121,0.836
OUTBOARD_MOTOR,21.0,2.0,24.0,2.0,0.002,0.001,0.001,0.001,1.175,0.802
PILL_CUTTER,2.0,2.0,2.0,2.0,0.002,0.0,0.001,0.0,12.335,9.619
MARBLE_TRACK,88.0,2.0,88.0,2.0,0.002,0.006,0.001,0.005,0.28,0.219
GROMMETS,23.0,2.0,23.0,2.0,0.002,0.001,0.001,0.001,1.073,0.836
GREASE_GUN,5.0,2.0,5.0,2.0,0.002,0.0,0.001,0.0,4.934,3.848
SHARPS_DISPOSAL_CONTAINER,56.0,2.0,58.0,2.0,0.002,0.004,0.001,0.003,0.441,0.332
APPLIANCE_ACCESSORY,19.0,2.0,20.0,2.0,0.002,0.001,0.001,0.001,1.298,0.962
HAIR_CARE_PRODUCT,39.0,2.0,40.0,2.0,0.002,0.003,0.001,0.002,0.633,0.481
WEBCAM,36.0,2.0,37.0,2.0,0.002,0.002,0.001,0.002,0.685,0.52
ELECTRONIC_DEVICE_FACEPLATE,23.0,1.0,23.0,1.0,0.001,0.001,0.001,0.001,0.536,0.418
ABRASIVE_BRUSH,78.0,1.0,78.0,1.0,0.001,0.005,0.001,0.005,0.158,0.123
STORE_FIXTURES_AND_EQUIPMENT,25.0,1.0,29.0,1.0,0.001,0.002,0.001,0.002,0.493,0.332
STREAMING_VIDEO_SUBSCRIPTION,9.0,1.0,9.0,1.0,0.001,0.001,0.001,0.001,1.371,1.069
VEGETARIAN_EGG_SUBSTITUTE,4.0,1.0,4.0,1.0,0.001,0.0,0.001,0.0,3.084,2.405
LOOSE_CUT_GEM,87.0,1.0,96.0,1.0,0.001,0.006,0.001,0.006,0.142,0.1
GOLF_PRACTICE_MAT,41.0,1.0,41.0,1.0,0.001,0.003,0.001,0.002,0.301,0.235
DIVE_MASK,56.0,1.0,59.0,1.0,0.001,0.004,0.001,0.004,0.22,0.163
DVD,0.0,1.0,0.0,1.0,0.001,0.0,0.001,0.0,,
MICROCURRENT_FACIAL_MACHINE,31.0,1.0,32.0,1.0,0.001,0.002,0.001,0.002,0.398,0.301
Lawn & Patio,0.0,1.0,0.0,1.0,0.001,0.0,0.001,0.0,,
ABRASIVE_DISCS,4.0,1.0,4.0,1.0,0.001,0.0,0.001,0.0,3.084,2.405
BRAKE_KIT,94.0,1.0,99.0,1.0,0.001,0.006,0.001,0.006,0.131,0.097
DOWNLOADABLE_TV_SEASON,20.0,1.0,22.0,1.0,0.001,0.001,0.001,0.001,0.617,0.437
MEMORY_READER,10.0,1.0,10.0,1.0,0.001,0.001,0.001,0.001,1.234,0.962
MATERIAL_CERTIFICATION,2.0,1.0,2.0,1.0,0.001,0.0,0.001,0.0,6.168,4.81
EDIBLE_OIL_ANIMAL,29.0,1.0,29.0,1.0,0.001,0.002,0.001,0.002,0.425,0.332
PREPARED_AND_PRESERVED_FOOD,10.0,1.0,12.0,1.0,0.001,0.001,0.001,0.001,1.234,0.802
DVD_PLAYER_OR_RECORDER,6.0,1.0,6.0,1.0,0.001,0.0,0.001,0.0,2.056,1.603
SURVEILLANCE_RECORDER_SYSTEM,41.0,1.0,46.0,1.0,0.001,0.003,0.001,0.003,0.301,0.209
WHISTLE,29.0,1.0,30.0,1.0,0.001,0.002,0.001,0.002,0.425,0.321
GOLF_CLUB_BAG,35.0,1.0,35.0,1.0,0.001,0.002,0.001,0.002,0.352,0.275
POWERSPORTS_VEHICLE,1.0,1.0,1.0,1.0,0.001,0.0,0.001,0.0,12.335,9.619
Blu-ray,0.0,1.0,0.0,1.0,0.001,0.0,0.001,0.0,,
TRASH_COMPACTOR,49.0,1.0,50.0,1.0,0.001,0.003,0.001,0.003,0.252,0.192
ABIS_EBOOKS,13.0,1.0,13.0,1.0,0.001,0.001,0.001,0.001,0.949,0.74
NONAPPARELMISC,0.0,1.0,0.0,1.0,0.001,0.0,0.001,0.0,,
PIPET,7.0,1.0,8.0,1.0,0.001,0.0,0.001,0.0,1.762,1.202
PINATA,53.0,1.0,53.0,1.0,0.001,0.003,0.001,0.003,0.233,0.181
TOPICALS,32.0,1.0,34.0,1.0,0.001,0.002,0.001,0.002,0.385,0.283
PADDLEBOARD,30.0,1.0,33.0,1.0,0.001,0.002,0.001,0.002,0.411,0.291
PICNIC_HOLDER,47.0,1.0,47.0,1.0,0.001,0.003,0.001,0.003,0.262,0.205
ABIS_BABY_PRODUCT,1.0,1.0,1.0,1.0,0.001,0.0,0.001,0.0,12.335,9.619
PENCIL_LEAD_REFILL,1.0,1.0,1.0,1.0,0.001,0.0,0.001,0.0,12.335,9.619
ABIS_APPAREL,2.0,1.0,2.0,1.0,0.001,0.0,0.001,0.0,6.168,4.81
CARPETING,6.0,1.0,6.0,1.0,0.001,0.0,0.001,0.0,2.056,1.603
PHOTOGRAPHIC_STUDIO_ITEMS,10.0,1.0,10.0,1.0,0.001,0.001,0.001,0.001,1.234,0.962
TOW_SPORTS_LINE,9.0,1.0,9.0,1.0,0.001,0.001,0.001,0.001,1.371,1.069
TOY_STROLLER,36.0,1.0,38.0,1.0,0.001,0.002,0.001,0.002,0.343,0.253
COMPUTER_SPEAKER,8.0,1.0,8.0,1.0,0.001,0.001,0.001,0.0,1.542,1.202
TIRES,10.0,1.0,15.0,1.0,0.001,0.001,0.001,0.001,1.234,0.641
TUNER,49.0,1.0,54.0,1.0,0.001,0.003,0.001,0.003,0.252,0.178
POOL_HEATER,0.0,1.0,0.0,1.0,0.001,0.0,0.001,0.0,,
ABIS_PC,6.0,1.0,7.0,1.0,0.001,0.0,0.001,0.0,2.056,1.374
MULTIFUNCTION_DEVICE,6.0,1.0,6.0,1.0,0.001,0.0,0.001,0.0,2.056,1.603
PORTABLE_ELECTRONICS,7.0,1.0,7.0,1.0,0.001,0.0,0.001,0.0,1.762,1.374
DAILY_LIVING_AIDS,18.0,1.0,21.0,1.0,0.001,0.001,0.001,0.001,0.685,0.458
CYCLING_EQUIPMENT,25.0,1.0,26.0,1.0,0.001,0.002,0.001,0.002,0.493,0.37
PORTABLE_AV_DEVICE,7.0,1.0,7.0,1.0,0.001,0.0,0.001,0.0,1.762,1.374
Tools & Home Improvement,2.0,1.0,3.0,1.0,0.001,0.0,0.001,0.0,6.168,3.206
COOKING_OVEN,17.0,1.0,17.0,1.0,0.001,0.001,0.001,0.001,0.726,0.566
COSTUME_FACIAL_HAIR,13.0,1.0,13.0,1.0,0.001,0.001,0.001,0.001,0.949,0.74
CAMERA_FLASH,36.0,1.0,39.0,1.0,0.001,0.002,0.001,0.002,0.343,0.247
WIRELESS_SERVICE_PLAN,2.0,1.0,2.0,1.0,0.001,0.0,0.001,0.0,6.168,4.81
CORRECTION_MATERIAL,15.0,1.0,15.0,1.0,0.001,0.001,0.001,0.001,0.822,0.641
NAIL_DRYER,38.0,1.0,38.0,1.0,0.001,0.002,0.001,0.002,0.325,0.253
COOKTOP,31.0,1.0,31.0,1.0,0.001,0.002,0.001,0.002,0.398,0.31
CUTICLE_PUSHER,9.0,1.0,9.0,1.0,0.001,0.001,0.001,0.001,1.371,1.069
VIBRATION_SENSOR,1.0,1.0,1.0,1.0,0.001,0.0,0.001,0.0,12.335,9.619
LIGHTER_FLUID,28.0,1.0,28.0,1.0,0.001,0.002,0.001,0.002,0.441,0.344
AUDIO_POWER_AMPLIFIER,0.0,1.0,0.0,1.0,0.001,0.0,0.001,0.0,,
KIMONO,4.0,1.0,4.0,1.0,0.001,0.0,0.001,0.0,3.084,2.405
FUEL_LAMP,14.0,1.0,14.0,1.0,0.001,0.001,0.001,0.001,0.881,0.687
IRRIGATION_EQUIPMENT,1.0,1.0,1.0,1.0,0.001,0.0,0.001,0.0,12.335,9.619
ROUTER_BIT,36.0,1.0,36.0,1.0,0.001,0.002,0.001,0.002,0.343,0.267
BATTERY_CHARGER_OR_TESTER,13.0,1.0,13.0,1.0,0.001,0.001,0.001,0.001,0.949,0.74
INFLATABLE_BOUNCER,20.0,1.0,20.0,1.0,0.001,0.001,0.001,0.001,0.617,0.481
BLANK_MEDIA,45.0,1.0,51.0,1.0,0.001,0.003,0.001,0.003,0.274,0.189
FISHING_REEL,97.0,1.0,106.0,1.0,0.001,0.006,0.001,0.006,0.127,0.091
BED_LINEN,14.0,1.0,15.0,1.0,0.001,0.001,0.001,0.001,0.881,0.641
AXE,100.0,1.0,106.0,1.0,0.001,0.006,0.001,0.006,0.123,0.091
FOOTWEAR_CARE_KIT,152.0,1.0,154.0,1.0,0.001,0.01,0.001,0.009,0.081,0.062
BABY_FOOD,0.0,1.0,0.0,1.0,0.001,0.0,0.001,0.0,,
FOOTWEAR,3.0,1.0,3.0,1.0,0.001,0.0,0.001,0.0,4.112,3.206
VEHICLE_GRILLE,29.0,1.0,30.0,1.0,0.001,0.002,0.001,0.002,0.425,0.321
SATELLITE_RECEIVER,3.0,1.0,3.0,1.0,0.001,0.0,0.001,0.0,4.112,3.206
VEHICLE_HORN,44.0,1.0,47.0,1.0,0.001,0.003,0.001,0.003,0.28,0.205
VEHICLE_RAIL,19.0,1.0,19.0,1.0,0.001,0.001,0.001,0.001,0.649,0.506
HOSIERY,7.0,1.0,7.0,1.0,0.001,0.0,0.001,0.0,1.762,1.374
HANDLEBAR,46.0,1.0,47.0,1.0,0.001,0.003,0.001,0.003,0.268,0.205
SEWING_MACHINE_BOBBIN,2.0,1.0,2.0,1.0,0.001,0.0,0.001,0.0,6.168,4.81
BICYCLE_DERAILLEUR,35.0,1.0,36.0,1.0,0.001,0.002,0.001,0.002,0.352,0.267
HOME_ENTERTAINMENT_SERVICES,0.0,1.0,0.0,1.0,0.001,0.0,0.001,0.0,,
SOFTWARE_GAMES,20.0,1.0,20.0,1.0,0.001,0.001,0.001,0.001,0.617,0.481
SNOWSHOE,25.0,1.0,25.0,1.0,0.001,0.002,0.001,0.002,0.493,0.385
SEALS,3.0,1.0,3.0,1.0,0.001,0.0,0.001,0.0,4.112,3.206
BATH_PILLOW,139.0,1.0,142.0,1.0,0.001,0.009,0.001,0.009,0.089,0.068
SNOWSUIT,29.0,1.0,29.0,1.0,0.001,0.002,0.001,0.002,0.425,0.332
PHONE,44.0,1.0,47.0,1.0,0.001,0.003,0.001,0.003,0.28,0.205
FIREPLACE,59.0,1.0,63.0,1.0,0.001,0.004,0.001,0.004,0.209,0.153
AUDIO_CD_PLAYER,33.0,1.0,33.0,1.0,0.001,0.002,0.001,0.002,0.374,0.291
RESISTOR,2.0,1.0,2.0,1.0,0.001,0.0,0.001,0.0,6.168,4.81
RADAR_DETECTOR,17.0,1.0,17.0,1.0,0.001,0.001,0.001,0.001,0.726,0.566
SKILL_APPLICATION,4.0,1.0,4.0,1.0,0.001,0.0,0.001,0.0,3.084,2.405
LEG_SLEEVE,127.0,1.0,128.0,1.0,0.001,0.008,0.001,0.008,0.097,0.075
ARTIFICIAL_SNOW,13.0,1.0,13.0,1.0,0.001,0.001,0.001,0.001,0.949,0.74
RANGE,32.0,1.0,33.0,1.0,0.001,0.002,0.001,0.002,0.385,0.291
EXERCISE_STEP_PLATFORM,70.0,1.0,74.0,1.0,0.001,0.004,0.001,0.004,0.176,0.13
REFRIGERATION_APPLIANCE,9.0,1.0,10.0,1.0,0.001,0.001,0.001,0.001,1.371,0.962
GOURMET_FOOD,10.0,1.0,10.0,1.0,0.001,0.001,0.001,0.001,1.234,0.962
SHOE_POLISH,16.0,1.0,16.0,1.0,0.001,0.001,0.001,0.001,0.771,0.601
CAR_AUDIO_OR_THEATER,17.0,1.0,18.0,1.0,0.001,0.001,0.001,0.001,0.726,0.534
GUILD_APPAREL,39.0,1.0,40.0,1.0,0.001,0.003,0.001,0.002,0.316,0.24
Kitchen,2.0,1.0,2.0,1.0,0.001,0.0,0.001,0.0,6.168,4.81
BICYCLE_SEATPOST,37.0,1.0,37.0,1.0,0.001,0.002,0.001,0.002,0.333,0.26
FACIAL_TISSUE_HOLDER,84.0,1.0,88.0,1.0,0.001,0.005,0.001,0.005,0.147,0.109
GARBAGE_DISPOSAL_UNIT,10.0,1.0,10.0,1.0,0.001,0.001,0.001,0.001,1.234,0.962
FASHIONRING,38.0,1.0,38.0,1.0,0.001,0.002,0.001,0.002,0.325,0.253
FASHIONNECKLACEBRACELETANKLET,87.0,1.0,90.0,1.0,0.001,0.006,0.001,0.005,0.142,0.107
KURTA,7.0,1.0,7.0,1.0,0.001,0.0,0.001,0.0,1.762,1.374
FASHIONEARRING,24.0,1.0,26.0,1.0,0.001,0.002,0.001,0.002,0.514,0.37
TRAVEL_GARMENT_BAG,3.0,0.0,3.0,0.0,0.0,0.0,0.0,0.0,0.0,0.0
CAMERA_POWER_SUPPLY,1.0,0.0,1.0,0.0,0.0,0.0,0.0,0.0,0.0,0.0
CAR_ALARM,60.0,0.0,63.0,0.0,0.0,0.004,0.0,0.004,0.0,0.0
CAMERA_PRIVACY_COVER,4.0,0.0,4.0,0.0,0.0,0.0,0.0,0.0,0.0,0.0
VEHICLE_SPOILER,11.0,0.0,11.0,0.0,0.0,0.001,0.0,0.001,0.0,0.0
ABIS_BEAUTY,5.0,0.0,5.0,0.0,0.0,0.0,0.0,0.0,0.0,0.0
CAMERA_STAGE_LIGHTING_FILTER_DIFFUSER,1.0,0.0,1.0,0.0,0.0,0.0,0.0,0.0,0.0,0.0
TRADING_CARDS_UNGRADED_INSERTS,2.0,0.0,2.0,0.0,0.0,0.0,0.0,0.0,0.0,0.0
ABIS_HOME,16.0,0.0,17.0,0.0,0.0,0.001,0.0,0.001,0.0,0.0
ZENER_DIODE,1.0,0.0,1.0,0.0,0.0,0.0,0.0,0.0,0.0,0.0
VIDEO_GAME,1.0,0.0,1.0,0.0,0.0,0.0,0.0,0.0,0.0,0.0
3D_PRINTING_PEN,6.0,0.0,6.0,0.0,0.0,0.0,0.0,0.0,0.0,0.0
BEVERAGE_DISPENSING_APPLIANCE,1.0,0.0,1.0,0.0,0.0,0.0,0.0,0.0,0.0,0.0
VEHICLE_WINDOW,7.0,0.0,7.0,0.0,0.0,0.0,0.0,0.0,0.0,0.0
ABIS_ELECTRONICS,16.0,0.0,21.0,0.0,0.0,0.001,0.0,0.001,0.0,0.0
CARD_SHUFFLER,13.0,0.0,15.0,0.0,0.0,0.001,0.0,0.001,0.0,0.0
TRAILER_HITCH_COVER,25.0,0.0,25.0,0.0,0.0,0.002,0.0,0.002,0.0,0.0
VIDEO_DEVICE,2.0,0.0,2.0,0.0,0.0,0.0,0.0,0.0,0.0,0.0
VEHICLE_SEAT,22.0,0.0,24.0,0.0,0.0,0.001,0.0,0.001,0.0,0.0
TRANSISTOR,3.0,0.0,3.0,0.0,0.0,0.0,0.0,0.0,0.0,0.0
TRAMPOLINE,134.0,0.0,134.0,0.0,0.0,0.009,0.0,0.008,0.0,0.0
BICYCLE_BASKET,52.0,0.0,52.0,0.0,0.0,0.003,0.0,0.003,0.0,0.0
ABIS_DRUGSTORE,46.0,0.0,51.0,0.0,0.0,0.003,0.0,0.003,0.0,0.0
TRADING_CARDS_FACTORY_SEALED,39.0,0.0,45.0,0.0,0.0,0.003,0.0,0.003,0.0,0.0
BAKEWARE,30.0,0.0,31.0,0.0,0.0,0.002,0.0,0.002,0.0,0.0
VIDEO_PROJECTOR_PART,1.0,0.0,1.0,0.0,0.0,0.0,0.0,0.0,0.0,0.0
VEHICLE_BODY_PANEL,43.0,0.0,45.0,0.0,0.0,0.003,0.0,0.003,0.0,0.0
WINDOW_INSULATION_KIT,8.0,0.0,12.0,0.0,0.0,0.001,0.0,0.001,0.0,0.0
ABIS_WIRELESS,14.0,0.0,15.0,0.0,0.0,0.001,0.0,0.001,0.0,0.0
AUTO_CHEMICAL,1.0,0.0,1.0,0.0,0.0,0.0,0.0,0.0,0.0,0.0
WATCHES,1.0,0.0,1.0,0.0,0.0,0.0,0.0,0.0,0.0,0.0
BOX_SPRING,10.0,0.0,11.0,0.0,0.0,0.001,0.0,0.001,0.0,0.0
ACCELERATION_SENSOR,2.0,0.0,2.0,0.0,0.0,0.0,0.0,0.0,0.0,0.0
BLOUSE,1.0,0.0,1.0,0.0,0.0,0.0,0.0,0.0,0.0,0.0
VEHICLE_BRAKE_CALIPER,2.0,0.0,2.0,0.0,0.0,0.0,0.0,0.0,0.0,0.0
WATERCRAFT_PADDLE,3.0,0.0,3.0,0.0,0.0,0.0,0.0,0.0,0.0,0.0
VIDEO_VHS,3.0,0.0,3.0,0.0,0.0,0.0,0.0,0.0,0.0,0.0
AGILITY_LADDER,5.0,0.0,5.0,0.0,0.0,0.0,0.0,0.0,0.0,0.0
AGRICULTURAL_SUPPLIES,2.0,0.0,2.0,0.0,0.0,0.0,0.0,0.0,0.0,0.0
ALCOHOLIC_BEVERAGE,11.0,0.0,12.0,0.0,0.0,0.001,0.0,0.001,0.0,0.0
BOOKS_1973_AND_LATER,34.0,0.0,34.0,0.0,0.0,0.002,0.0,0.002,0.0,0.0
VEHICLE_BALL_JOINT,3.0,0.0,6.0,0.0,0.0,0.0,0.0,0.0,0.0,0.0
BOOKSHELF_OR_MICRO_STEREO_SYS,1.0,0.0,1.0,0.0,0.0,0.0,0.0,0.0,0.0,0.0
ANTI_SLIP_BATHTUB_SHOWER_MAT,1.0,0.0,1.0,0.0,0.0,0.0,0.0,0.0,0.0,0.0
WEAPON_CASE,131.0,0.0,136.0,0.0,0.0,0.008,0.0,0.008,0.0,0.0
ABIS_VIDEO,4.0,0.0,4.0,0.0,0.0,0.0,0.0,0.0,0.0,0.0
WINDSHIELD_SNOW_COVER,4.0,0.0,5.0,0.0,0.0,0.0,0.0,0.0,0.0,0.0
ABIS_TOY,9.0,0.0,9.0,0.0,0.0,0.001,0.0,0.001,0.0,0.0
ABIS_PET_PRODUCTS,3.0,0.0,3.0,0.0,0.0,0.0,0.0,0.0,0.0,0.0
VINE,2.0,0.0,2.0,0.0,0.0,0.0,0.0,0.0,0.0,0.0
CAMERA_LENS_ACCESSORY,11.0,0.0,11.0,0.0,0.0,0.001,0.0,0.001,0.0,0.0
BICYCLE_TRAINER,38.0,0.0,38.0,0.0,0.0,0.002,0.0,0.002,0.0,0.0
VEHICLE_LIFT_KIT,14.0,0.0,14.0,0.0,0.0,0.001,0.0,0.001,0.0,0.0
WIRELESS_LOCKED_PHONE,2.0,0.0,2.0,0.0,0.0,0.0,0.0,0.0,0.0,0.0
BALL_LAUNCHER,4.0,0.0,4.0,0.0,0.0,0.0,0.0,0.0,0.0,0.0
WIRELESS_DEVICE,10.0,0.0,10.0,0.0,0.0,0.001,0.0,0.001,0.0,0.0
Toy,2.0,0.0,2.0,0.0,0.0,0.0,0.0,0.0,0.0,0.0
ABIS_LAWN_AND_GARDEN,41.0,0.0,53.0,0.0,0.0,0.003,0.0,0.003,0.0,0.0
BODYSTOCKING,2.0,0.0,2.0,0.0,0.0,0.0,0.0,0.0,0.0,0.0
CAMERA_BAGS_AND_CASES,7.0,0.0,7.0,0.0,0.0,0.0,0.0,0.0,0.0,0.0
VEHICLE_HEAT_SHIELD,1.0,0.0,1.0,0.0,0.0,0.0,0.0,0.0,0.0,0.0
ABIS_OFFICE_PRODUCT,2.0,0.0,2.0,0.0,0.0,0.0,0.0,0.0,0.0,0.0
BABY_COSTUME,2.0,0.0,2.0,0.0,0.0,0.0,0.0,0.0,0.0,0.0
CABLE,2.0,0.0,2.0,0.0,0.0,0.0,0.0,0.0,0.0,0.0
WASHER_DRYER_COMBINATION,3.0,0.0,3.0,0.0,0.0,0.0,0.0,0.0,0.0,0.0
UNION_SUIT,9.0,0.0,9.0,0.0,0.0,0.001,0.0,0.001,0.0,0.0
VCR,2.0,0.0,2.0,0.0,0.0,0.0,0.0,0.0,0.0,0.0
FINENECKLACEBRACELETANKLET,21.0,0.0,21.0,0.0,0.0,0.001,0.0,0.001,0.0,0.0
CAR_PARTS_AND_ACCESSORIES,1.0,0.0,1.0,0.0,0.0,0.0,0.0,0.0,0.0,0.0
RIVET,2.0,0.0,2.0,0.0,0.0,0.0,0.0,0.0,0.0,0.0
SASH,3.0,0.0,3.0,0.0,0.0,0.0,0.0,0.0,0.0,0.0
SAREE,5.0,0.0,5.0,0.0,0.0,0.0,0.0,0.0,0.0,0.0
HUMIDOR,10.0,0.0,10.0,0.0,0.0,0.001,0.0,0.001,0.0,0.0
SALWAR_SUIT_SET,11.0,0.0,11.0,0.0,0.0,0.001,0.0,0.001,0.0,0.0
SALAD_SPINNER,17.0,0.0,18.0,0.0,0.0,0.001,0.0,0.001,0.0,0.0
Hardcover,1.0,0.0,1.0,0.0,0.0,0.0,0.0,0.0,0.0,0.0
INDUSTRIAL_WHEELS,2.0,0.0,2.0,0.0,0.0,0.0,0.0,0.0,0.0,0.0
INTERCONNECT,8.0,0.0,8.0,0.0,0.0,0.001,0.0,0.0,0.0,0.0
KEYBOARD_TRAY,8.0,0.0,8.0,0.0,0.0,0.001,0.0,0.0,0.0,0.0
KINDLE_UNLIMITED_MEMBERSHIP,8.0,0.0,8.0,0.0,0.0,0.001,0.0,0.0,0.0,0.0
CE_CARRYING_CASE_OR_BAG,2.0,0.0,2.0,0.0,0.0,0.0,0.0,0.0,0.0,0.0
RELISH,1.0,0.0,1.0,0.0,0.0,0.0,0.0,0.0,0.0,0.0
LAB_PUMP,1.0,0.0,1.0,0.0,0.0,0.0,0.0,0.0,0.0,0.0
LAB_SUPPLY_TUBE,2.0,0.0,2.0,0.0,0.0,0.0,0.0,0.0,0.0,0.0
LAB_UTENSIL,1.0,0.0,2.0,0.0,0.0,0.0,0.0,0.0,0.0,0.0
LCD_GRAPHIC_DISPLAY,1.0,0.0,1.0,0.0,0.0,0.0,0.0,0.0,0.0,0.0
RAM_MEMORY,12.0,0.0,13.0,0.0,0.0,0.001,0.0,0.001,0.0,0.0
RAKE,90.0,0.0,91.0,0.0,0.0,0.006,0.0,0.005,0.0,0.0
LETTER_OPENER,10.0,0.0,10.0,0.0,0.0,0.001,0.0,0.001,0.0,0.0
PUNCH_TOOL,2.0,0.0,2.0,0.0,0.0,0.0,0.0,0.0,0.0,0.0
SATELLITE_OR_DSS,1.0,0.0,1.0,0.0,0.0,0.0,0.0,0.0,0.0,0.0
SAUNA,1.0,0.0,1.0,0.0,0.0,0.0,0.0,0.0,0.0,0.0
HOT_TUB,13.0,0.0,14.0,0.0,0.0,0.001,0.0,0.001,0.0,0.0
HOT_MELT,5.0,0.0,5.0,0.0,0.0,0.0,0.0,0.0,0.0,0.0
SHAVING_BRUSH,15.0,0.0,17.0,0.0,0.0,0.001,0.0,0.001,0.0,0.0
GUN_RACK,2.0,0.0,2.0,0.0,0.0,0.0,0.0,0.0,0.0,0.0
GUN_SLING,71.0,0.0,71.0,0.0,0.0,0.005,0.0,0.004,0.0,0.0
SHAFT_COLLAR,1.0,0.0,1.0,0.0,0.0,0.0,0.0,0.0,0.0,0.0
HAIR_REMOVAL_AND_SHAVING_PRODUCT,9.0,0.0,9.0,0.0,0.0,0.001,0.0,0.001,0.0,0.0
HAMMOCK_STAND,2.0,0.0,2.0,0.0,0.0,0.0,0.0,0.0,0.0,0.0
HANDLE_GRIP,34.0,0.0,37.0,0.0,0.0,0.002,0.0,0.002,0.0,0.0
HAND_FAN,14.0,0.0,14.0,0.0,0.0,0.001,0.0,0.001,0.0,0.0
HARDWARE_ANCHOR,2.0,0.0,2.0,0.0,0.0,0.0,0.0,0.0,0.0,0.0
SELF_BALANCING_ELECTRIC_VEHICLE,20.0,0.0,20.0,0.0,0.0,0.001,0.0,0.001,0.0,0.0
HARDWARE_SPACER,2.0,0.0,2.0,0.0,0.0,0.0,0.0,0.0,0.0,0.0
HEALTH_FOOD,3.0,0.0,3.0,0.0,0.0,0.0,0.0,0.0,0.0,0.0
HEATING_STOVE,5.0,0.0,5.0,0.0,0.0,0.0,0.0,0.0,0.0,0.0
HEAT_TRANSFER_MATERIAL,45.0,0.0,46.0,0.0,0.0,0.003,0.0,0.003,0.0,0.0
HISTORICAL_COLLECTIBLES,1.0,0.0,1.0,0.0,0.0,0.0,0.0,0.0,0.0,0.0
HOME_PARTS,4.0,0.0,5.0,0.0,0.0,0.0,0.0,0.0,0.0,0.0
HOME_THEATER_SYSTEM_OR_HTIB,2.0,0.0,2.0,0.0,0.0,0.0,0.0,0.0,0.0,0.0
HOOKAH,25.0,0.0,25.0,0.0,0.0,0.002,0.0,0.002,0.0,0.0
HORSE_TACK_EQUIPMENT,3.0,0.0,3.0,0.0,0.0,0.0,0.0,0.0,0.0,0.0
LIGHT_EMITTING_DIODE,1.0,0.0,1.0,0.0,0.0,0.0,0.0,0.0,0.0,0.0
LINEAR_GUIDES_AND_RAILS,5.0,0.0,7.0,0.0,0.0,0.0,0.0,0.0,0.0,0.0
PROTOTYPING_BOARD,2.0,0.0,2.0,0.0,0.0,0.0,0.0,0.0,0.0,0.0
MOTORCYCLE_PART,6.0,0.0,6.0,0.0,0.0,0.0,0.0,0.0,0.0,0.0
MUSIC,4.0,0.0,4.0,0.0,0.0,0.0,0.0,0.0,0.0,0.0
MUSIC_POPULAR,9.0,0.0,9.0,0.0,0.0,0.001,0.0,0.001,0.0,0.0
MUSIC_POPULAR_VINYL,3.0,0.0,3.0,0.0,0.0,0.0,0.0,0.0,0.0,0.0
POLISHING_BUFFING_TOOL,21.0,0.0,21.0,0.0,0.0,0.001,0.0,0.001,0.0,0.0
PODCAST_EPISODIC_AUDIO_BROADCAST,1.0,0.0,1.0,0.0,0.0,0.0,0.0,0.0,0.0,0.0
NAPKIN_HOLDER,67.0,0.0,68.0,0.0,0.0,0.004,0.0,0.004,0.0,0.0
PLAYHOUSE,18.0,0.0,19.0,0.0,0.0,0.001,0.0,0.001,0.0,0.0
PLASTIC_TUBING,20.0,0.0,22.0,0.0,0.0,0.001,0.0,0.001,0.0,0.0
PLASTICS,1.0,0.0,1.0,0.0,0.0,0.0,0.0,0.0,0.0,0.0
NETWORK_ACCESSORY,4.0,0.0,4.0,0.0,0.0,0.0,0.0,0.0,0.0,0.0
NONACTIVATED_GIFT_CARD,1.0,0.0,1.0,0.0,0.0,0.0,0.0,0.0,0.0,0.0
OPTOELECTRONIC_COMPONENT,3.0,0.0,3.0,0.0,0.0,0.0,0.0,0.0,0.0,0.0
Office Product,1.0,0.0,1.0,0.0,0.0,0.0,0.0,0.0,0.0,0.0
PC_BOARD_RELAY,5.0,0.0,5.0,0.0,0.0,0.0,0.0,0.0,0.0,0.0
PERCUSSION_INSTRUMENTS,17.0,0.0,17.0,0.0,0.0,0.001,0.0,0.001,0.0,0.0
PHOTOGRAPHIC_PAPER,5.0,0.0,5.0,0.0,0.0,0.0,0.0,0.0,0.0,0.0
PHOTOGRAPHIC_LIGHT_METER,3.0,0.0,3.0,0.0,0.0,0.0,0.0,0.0,0.0,0.0
PHOTOGRAPHIC_LIGHTING,4.0,0.0,5.0,0.0,0.0,0.0,0.0,0.0,0.0,0.0
PET_FUR_DEODORIZER,10.0,0.0,10.0,0.0,0.0,0.001,0.0,0.001,0.0,0.0
MOUNTED_STORAGE_SYSTEM_KIT,35.0,0.0,50.0,0.0,0.0,0.002,0.0,0.003,0.0,0.0
MOTORCYCLE_ACCESSORY,22.0,0.0,22.0,0.0,0.0,0.001,0.0,0.001,0.0,0.0
LITTER_BOX_ENCLOSURE,2.0,0.0,4.0,0.0,0.0,0.0,0.0,0.0,0.0,0.0
POWERSPORTS_PROTECTIVE_GEAR,9.0,0.0,12.0,0.0,0.0,0.001,0.0,0.001,0.0,0.0
PROTECTIVE_GEAR,1.0,0.0,1.0,0.0,0.0,0.0,0.0,0.0,0.0,0.0
PRODUCT,3.0,0.0,3.0,0.0,0.0,0.0,0.0,0.0,0.0,0.0
MACHINE_THREADING_TOOL,6.0,0.0,6.0,0.0,0.0,0.0,0.0,0.0,0.0,0.0
PRINTS_AND_POSTERS,2.0,0.0,2.0,0.0,0.0,0.0,0.0,0.0,0.0,0.0
MAKEUP_VANITY,32.0,0.0,32.0,0.0,0.0,0.002,0.0,0.002,0.0,0.0
PRINTED_MEDIA,2.0,0.0,2.0,0.0,0.0,0.0,0.0,0.0,0.0,0.0
MEDICAL_DEVICE,2.0,0.0,2.0,0.0,0.0,0.0,0.0,0.0,0.0,0.0
POWER_WINCHES,2.0,0.0,2.0,0.0,0.0,0.0,0.0,0.0,0.0,0.0
POWER_TRANSFORMER,1.0,0.0,1.0,0.0,0.0,0.0,0.0,0.0,0.0,0.0
METALS,4.0,0.0,4.0,0.0,0.0,0.0,0.0,0.0,0.0,0.0
METAL_TUBING,2.0,0.0,2.0,0.0,0.0,0.0,0.0,0.0,0.0,0.0
POWER_RACK,1.0,0.0,1.0,0.0,0.0,0.0,0.0,0.0,0.0,0.0
POWER_HOISTS,1.0,0.0,1.0,0.0,0.0,0.0,0.0,0.0,0.0,0.0
MISC_WORLD_INSTRUMENTS,2.0,0.0,2.0,0.0,0.0,0.0,0.0,0.0,0.0,0.0
MOBILE_APPLICATION,2.0,0.0,2.0,0.0,0.0,0.0,0.0,0.0,0.0,0.0
POWERSPORTS_RIDING_JACKET,1.0,0.0,1.0,0.0,0.0,0.0,0.0,0.0,0.0,0.0
POWERSPORTS_RIDING_HELMET,2.0,0.0,2.0,0.0,0.0,0.0,0.0,0.0,0.0,0.0
POWERSPORTS_RIDING_GLOVES,2.0,0.0,2.0,0.0,0.0,0.0,0.0,0.0,0.0,0.0
POWERSPORTS_RIDING_APPAREL,2.0,0.0,2.0,0.0,0.0,0.0,0.0,0.0,0.0,0.0
GUILD_SHOES,1.0,0.0,1.0,0.0,0.0,0.0,0.0,0.0,0.0,0.0
SHOCK_ABSORBER,102.0,0.0,123.0,0.0,0.0,0.007,0.0,0.007,0.0,0.0
GUILD_BABY,2.0,0.0,2.0,0.0,0.0,0.0,0.0,0.0,0.0,0.0
THREADSEALING_ADHESIVES,4.0,0.0,4.0,0.0,0.0,0.0,0.0,0.0,0.0,0.0
THREADED_RODS_AND_STUDS,6.0,0.0,6.0,0.0,0.0,0.0,0.0,0.0,0.0,0.0
COOLING_RACK,19.0,0.0,20.0,0.0,0.0,0.001,0.0,0.001,0.0,0.0
THERMISTOR,1.0,0.0,1.0,0.0,0.0,0.0,0.0,0.0,0.0,0.0
COSTUME,5.0,0.0,6.0,0.0,0.0,0.0,0.0,0.0,0.0,0.0
CRAFT_EYE,12.0,0.0,12.0,0.0,0.0,0.001,0.0,0.001,0.0,0.0
TEMPERATURE_CONTROLLER,1.0,0.0,1.0,0.0,0.0,0.0,0.0,0.0,0.0,0.0
TEMPEH,4.0,0.0,6.0,0.0,0.0,0.0,0.0,0.0,0.0,0.0
CYCLING_WHEEL,11.0,0.0,11.0,0.0,0.0,0.001,0.0,0.001,0.0,0.0
TEACHING_AND_SCHOOL_SUPPLIES,1.0,0.0,1.0,0.0,0.0,0.0,0.0,0.0,0.0,0.0
DART_FLIGHT,8.0,0.0,8.0,0.0,0.0,0.001,0.0,0.0,0.0,0.0
DENT_REMOVAL_TOOL,3.0,0.0,3.0,0.0,0.0,0.0,0.0,0.0,0.0,0.0
DIGITAL_DEVICE_11_ACCESSORY,1.0,0.0,1.0,0.0,0.0,0.0,0.0,0.0,0.0,0.0
DIGITAL_DEVICE_19_ACCESSORY,6.0,0.0,6.0,0.0,0.0,0.0,0.0,0.0,0.0,0.0
DIGITAL_DEVICE_5_ACCESSORY,1.0,0.0,1.0,0.0,0.0,0.0,0.0,0.0,0.0,0.0
DIGITAL_DEVICE_ACCESSORY,1.0,0.0,1.0,0.0,0.0,0.0,0.0,0.0,0.0,0.0
DIGITAL_VIDEO_RECORDER,19.0,0.0,19.0,0.0,0.0,0.001,0.0,0.001,0.0,0.0
DIP_SWITCH,5.0,0.0,5.0,0.0,0.0,0.0,0.0,0.0,0.0,0.0
DOUBLE_BOILERS,1.0,0.0,1.0,0.0,0.0,0.0,0.0,0.0,0.0,0.0
DOWNLOADABLE_AUDIO,1.0,0.0,1.0,0.0,0.0,0.0,0.0,0.0,0.0,0.0
THREADING_DIES,1.0,0.0,1.0,0.0,0.0,0.0,0.0,0.0,0.0,0.0
CONTACT_LENSES,3.0,0.0,4.0,0.0,0.0,0.0,0.0,0.0,0.0,0.0
SWIMMING_POOL,46.0,0.0,47.0,0.0,0.0,0.003,0.0,0.003,0.0,0.0
TICKET_ROLL,1.0,0.0,1.0,0.0,0.0,0.0,0.0,0.0,0.0,0.0
CHAFING_DISHES,1.0,0.0,1.0,0.0,0.0,0.0,0.0,0.0,0.0,0.0
TOW_HITCH_LOCK,5.0,0.0,5.0,0.0,0.0,0.0,0.0,0.0,0.0,0.0
TOWEL_WARMER,2.0,0.0,2.0,0.0,0.0,0.0,0.0,0.0,0.0,0.0
CHANGING_TABLE,1.0,0.0,1.0,0.0,0.0,0.0,0.0,0.0,0.0,0.0
TOPICAL_HAIR,1.0,0.0,1.0,0.0,0.0,0.0,0.0,0.0,0.0,0.0
CHOLI,3.0,0.0,3.0,0.0,0.0,0.0,0.0,0.0,0.0,0.0
CIGAR_CUTTER,3.0,0.0,3.0,0.0,0.0,0.0,0.0,0.0,0.0,0.0
CLEANING_PRODUCT,18.0,0.0,18.0,0.0,0.0,0.001,0.0,0.001,0.0,0.0
CLEANING_WIPE_DISPENSER,8.0,0.0,8.0,0.0,0.0,0.001,0.0,0.0,0.0,0.0
CLIMBING_HOLD,4.0,0.0,4.0,0.0,0.0,0.0,0.0,0.0,0.0,0.0
CLOTH_WRAP,2.0,0.0,2.0,0.0,0.0,0.0,0.0,0.0,0.0,0.0
COCKTAIL_MIX,4.0,0.0,4.0,0.0,0.0,0.0,0.0,0.0,0.0,0.0
COLLECTIBLES,6.0,0.0,6.0,0.0,0.0,0.0,0.0,0.0,0.0,0.0
COMMUNICATIONS_INTEGRATED_CIRCUIT,1.0,0.0,1.0,0.0,0.0,0.0,0.0,0.0,0.0,0.0
COMPRESSION_SPRINGS,7.0,0.0,7.0,0.0,0.0,0.0,0.0,0.0,0.0,0.0
TIRE_COVER,36.0,0.0,37.0,0.0,0.0,0.002,0.0,0.002,0.0,0.0
COMPUTER_VIDEO_GAME_CONTOLLER,1.0,0.0,1.0,0.0,0.0,0.0,0.0,0.0,0.0,0.0
CONSUMABLES_EMAIL_GIFT_CARD,18.0,0.0,18.0,0.0,0.0,0.001,0.0,0.001,0.0,0.0
CONSUMER_SERVICES_SUBSCRIPTION,108.0,0.0,108.0,0.0,0.0,0.007,0.0,0.007,0.0,0.0
DOWNLOADABLE_SOFTWARE,8.0,0.0,8.0,0.0,0.0,0.001,0.0,0.0,0.0,0.0
DOWNLOADABLE_TV_SERIES,2.0,0.0,2.0,0.0,0.0,0.0,0.0,0.0,0.0,0.0
SHOWER_ENCLOSURE,6.0,0.0,6.0,0.0,0.0,0.0,0.0,0.0,0.0,0.0
FITNESS_EQUIPMENT,1.0,0.0,1.0,0.0,0.0,0.0,0.0,0.0,0.0,0.0
FIXED_RESISTOR,3.0,0.0,3.0,0.0,0.0,0.0,0.0,0.0,0.0,0.0
SOIL_AERATOR,2.0,0.0,2.0,0.0,0.0,0.0,0.0,0.0,0.0,0.0
FLEXIBLE_COUPLINGS,3.0,0.0,3.0,0.0,0.0,0.0,0.0,0.0,0.0,0.0
SOFTWARE,6.0,0.0,6.0,0.0,0.0,0.0,0.0,0.0,0.0,0.0
FLOWERS,2.0,0.0,2.0,0.0,0.0,0.0,0.0,0.0,0.0,0.0
FOOD_MILL_GRINDER,2.0,0.0,2.0,0.0,0.0,0.0,0.0,0.0,0.0,0.0
SNOWBOARD_BOOT,7.0,0.0,7.0,0.0,0.0,0.0,0.0,0.0,0.0,0.0
SNOWBOARD_BINDING,2.0,0.0,2.0,0.0,0.0,0.0,0.0,0.0,0.0,0.0
FOOD_OR_BEVERAGE_ RMER,1.0,0.0,1.0,0.0,0.0,0.0,0.0,0.0,0.0,0.0
FRAGRANCE,1.0,0.0,1.0,0.0,0.0,0.0,0.0,0.0,0.0,0.0
FSN_DEVICES,2.0,0.0,2.0,0.0,0.0,0.0,0.0,0.0,0.0,0.0
FUDGE,2.0,0.0,2.0,0.0,0.0,0.0,0.0,0.0,0.0,0.0
FUEL_INJECTOR,1.0,0.0,1.0,0.0,0.0,0.0,0.0,0.0,0.0,0.0
GAME_CALL,8.0,0.0,8.0,0.0,0.0,0.001,0.0,0.0,0.0,0.0
GARDEN_EDGING,41.0,0.0,63.0,0.0,0.0,0.003,0.0,0.004,0.0,0.0
GIFTS_AND_OCCASIONS,2.0,0.0,2.0,0.0,0.0,0.0,0.0,0.0,0.0,0.0
GIFT_XXRD,6.0,0.0,6.0,0.0,0.0,0.0,0.0,0.0,0.0,0.0
GLOVES,1.0,0.0,1.0,0.0,0.0,0.0,0.0,0.0,0.0,0.0
GOLF_CART,1.0,0.0,1.0,0.0,0.0,0.0,0.0,0.0,0.0,0.0
SONAR_FATHOMETER,21.0,0.0,21.0,0.0,0.0,0.001,0.0,0.001,0.0,0.0
FISHING_WEIGHT,47.0,0.0,51.0,0.0,0.0,0.003,0.0,0.003,0.0,0.0
DUPATTA,2.0,0.0,2.0,0.0,0.0,0.0,0.0,0.0,0.0,0.0
FISHING_ROD_HOLDER,22.0,0.0,29.0,0.0,0.0,0.001,0.0,0.002,0.0,0.0
ELECTRIC_STIRRER,1.0,0.0,1.0,0.0,0.0,0.0,0.0,0.0,0.0,0.0
ELECTRONIC_BOOK_READER,13.0,0.0,13.0,0.0,0.0,0.001,0.0,0.001,0.0,0.0
ELECTRONIC_CIGARETTE,3.0,0.0,3.0,0.0,0.0,0.0,0.0,0.0,0.0,0.0
ELECTRONIC_CIGARETTE_LIQUID,13.0,0.0,13.0,0.0,0.0,0.001,0.0,0.001,0.0,0.0
ELECTRONIC_COMPONENT_LAMP_HOLDER,1.0,0.0,1.0,0.0,0.0,0.0,0.0,0.0,0.0,0.0
ELECTRONIC_CONTROLLER,11.0,0.0,12.0,0.0,0.0,0.001,0.0,0.001,0.0,0.0
ELECTRONIC_GIFT_XXRD,2.0,0.0,2.0,0.0,0.0,0.0,0.0,0.0,0.0,0.0
ELECTRONIC_KNOB,2.0,0.0,2.0,0.0,0.0,0.0,0.0,0.0,0.0,0.0
ETHNIC_WEAR,2.0,0.0,3.0,0.0,0.0,0.0,0.0,0.0,0.0,0.0
STEERING_WHEEL,10.0,0.0,10.0,0.0,0.0,0.001,0.0,0.001,0.0,0.0
EXTRACT,1.0,0.0,1.0,0.0,0.0,0.0,0.0,0.0,0.0,0.0
STAMPS,13.0,0.0,15.0,0.0,0.0,0.001,0.0,0.001,0.0,0.0
SPORT_POM_POM,1.0,0.0,1.0,0.0,0.0,0.0,0.0,0.0,0.0,0.0
FASHION_JEWELRY,1.0,0.0,1.0,0.0,0.0,0.0,0.0,0.0,0.0,0.0
FINEOTHER,1.0,0.0,1.0,0.0,0.0,0.0,0.0,0.0,0.0,0.0
SPORT_BOARD_SKI,21.0,0.0,21.0,0.0,0.0,0.001,0.0,0.001,0.0,0.0
FINERING,22.0,0.0,22.0,0.0,0.0,0.001,0.0,0.001,0.0,0.0
FIRE_GRATE,1.0,0.0,1.0,0.0,0.0,0.0,0.0,0.0,0.0,0.0
SPORTING_AND_OUTDOOR_GOODS,1.0,0.0,1.0,0.0,0.0,0.0,0.0,0.0,0.0,0.0
3D_GLASSES,1.0,0.0,1.0,0.0,0.0,0.0,0.0,0.0,0.0,0.0
