Survey_ResponseID,Lines_old,Freq_old,Mon_old,Lines_new,Freq_new,Mon_new,lost_share,dFreq,dMon
R_01vNIayewjIIKMF,139,79,4795.019999999995,140,80,4920.009999999999,0.0071428571428571175,0.012658227848101333,0.02606662745932331
R_037XK72IZBJyF69,1185,303,16812.109999999928,1213,305,17589.89,0.02308326463314092,0.0066006600660066805,0.046263080600833284
R_038ZU6kfQ5f89fH,66,27,4220.649999999999,69,27,4247.54,0.04347826086956519,0.0,0.0063710565908097205
R_03aEbghUILs9NxD,165,97,3743.4899999999902,168,98,3793.65,0.017857142857142905,0.010309278350515427,0.013399261117302386
R_06RZP9pS7kONINr,418,133,10761.669999999962,430,136,11223.7,0.027906976744186074,0.022556390977443552,0.042932927696169854
R_06d9ULxrBmkwSTn,149,83,3428.9599999999978,149,83,3428.96,0.0,0.0,6.661338147750939e-16
R_07oHvj3bLVVRCRb,27,25,1973.8700000000003,27,25,1973.8700000000003,0.0,0.0,0.0
R_085qq7w0pkhowox,288,123,7688.289999999976,289,123,7723.240000000001,0.0034602076124568004,0.0,0.004545874310155407
R_08tF4u5YMrmEJ4l,7,5,92.78,7,5,92.78,0.0,0.0,0.0
R_08uYA7fb4unHGkF,90,64,5016.939999999994,93,67,5467.91,0.032258064516129004,0.046875,0.08988945452806019
R_0AjvU74YOfIrIpX,156,53,2605.6699999999955,158,53,2627.6500000000005,0.012658227848101222,0.0,0.008435450383204701
R_0Arj0ePpTnReV1v,127,100,2696.329999999999,130,103,2995.18,0.023076923076923106,0.030000000000000027,0.11083583982672773
R_0BCm9hRP9iTI081,1215,377,29297.57000000026,1239,380,30206.80999999999,0.01937046004842613,0.007957559681697646,0.031034655775196374
R_0BWkZUjRId7FDZn,207,105,5774.499999999978,215,106,5930.960000000001,0.037209302325581395,0.00952380952380949,0.027094986578928726
R_0BrMxYYMHVMOBEJ,21,10,574.1400000000001,21,10,574.14,0.0,0.0,-2.220446049250313e-16
R_0D6GtQwa6VcnXpv,352,226,7214.3599999999715,357,229,7879.450000000001,0.014005602240896309,0.01327433628318575,0.09218974378878131
R_0D6LkYgiPcEN117,60,19,1919.49,60,19,1919.4900000000002,0.0,0.0,2.220446049250313e-16
R_0DoXqOQl0hxEeFH,1171,539,25053.780000000104,1197,549,27017.399999999994,0.02172096908939014,0.01855287569573294,0.07837619712474053
R_0HStFOjenTsm8H7,23,8,652.3900000000002,24,8,669.38,0.04166666666666663,0.0,0.026042704517236226
R_0HuDEBXZ3BxNi0h,32,13,533.1600000000001,32,13,533.16,0.0,0.0,-2.220446049250313e-16
R_0Hzrb8hEmXavTk5,777,248,19614.07999999999,791,250,20270.03,0.017699115044247815,0.008064516129032251,0.033442812510197095
R_0IBgnbXoP4Uvvhv,505,168,7259.9899999999825,521,171,7963.640000000001,0.030710172744721653,0.017857142857142794,0.09692162110416414
R_0IilpPYiU01nCzn,136,39,5294.439999999992,143,39,5549.96,0.04895104895104896,0.0,0.048261950272362686
R_0InTWTWokrqzy3n,283,147,5801.02999999998,290,149,6142.1,0.024137931034482807,0.013605442176870763,0.05879473128048329
R_0MwMIcbYO11SOwV,464,167,14109.139999999965,487,171,15272.390000000003,0.047227926078028726,0.0239520958083832,0.08244655592049144
R_0O3AXCWkBaA1YOZ,28,10,859.1900000000002,29,10,874.1800000000001,0.03448275862068961,0.0,0.01744666488203994
R_0PMwN9mAFvSiMiR,23,11,343.11,25,11,366.98,0.07999999999999996,0.0,0.06956952580804998
R_0Sq4gTizoIawAud,70,42,1064.3100000000004,71,42,1076.3,0.014084507042253502,0.0,0.011265514746642946
R_0TXaBMuEhEzmPVD,579,135,4465.639999999976,584,136,4503.290000000001,0.008561643835616417,0.007407407407407307,0.008431042358995722
R_0TjMwrWLbhR338J,49,25,816.5100000000002,49,25,816.51,0.0,0.0,-3.3306690738754696e-16
R_0USvurXxTDWFvX3,21,8,588.33,21,8,588.33,0.0,0.0,0.0
R_0UsrHmkw7rRzoeB,361,151,14444.649999999963,368,151,14622.44,0.01902173913043481,0.0,0.012308363304063263
R_0c8VclJcriEXQqZ,170,110,5914.119999999984,172,110,5950.05,0.011627906976744207,0.0,0.006075290998494465
R_0cS0LOVu2KdO1ix,305,121,5134.769999999976,311,122,5233.38,0.019292604501607746,0.008264462809917328,0.019204365531469758
R_0dNGfZ4GvtFvxu1,390,176,8681.579999999974,394,176,8790.91,0.010152284263959421,0.0,0.012593329785594909
R_0dgKWjG8E9DtkfD,343,105,5335.889999999982,346,105,5409.86,0.00867052023121384,0.0,0.013862729554023456
R_0e9mwIgnQ7UBcGJ,197,75,2324.5199999999995,200,75,2498.5,0.015000000000000013,0.0,0.07484555951336214
R_0exEFdj5YTDEgqB,217,83,4549.839999999996,217,83,4549.84,0.0,0.0,1.1102230246251565e-15
R_0eyuL7xzgnVeTRf,124,59,2642.259999999997,125,59,2663.86,0.008000000000000007,0.0,0.008174820040421027
R_0f8u2tSB99LkgCt,1160,529,27299.070000000127,1188,534,28108.85,0.023569023569023573,0.00945179584120992,0.02966328156966025
R_0icLDXwMGw8dAqd,195,75,5100.3099999999895,199,76,5994.0,0.02010050251256279,0.01333333333333342,0.17522268254282825
R_0ik28Zx98AWSuWd,1372,507,35649.700000000295,1396,511,36184.99999999999,0.017191977077363862,0.007889546351084853,0.015015554128076536
R_0jFt3K3i4558lbj,577,216,13979.739999999949,584,218,15013.519999999999,0.011986301369863006,0.0092592592592593,0.07394844253183908
R_0jQnZy5LLMrxEsN,85,33,1818.0800000000008,85,33,1818.08,0.0,0.0,-5.551115123125783e-16
R_0lEfGfpAptgrc2d,166,107,2976.0199999999927,169,108,3008.5900000000006,0.017751479289940808,0.009345794392523255,0.010944146880736083
R_0lHgeveolyaJhND,407,276,15543.17999999999,413,277,15730.099999999999,0.014527845036319653,0.0036231884057971175,0.01202585313944815
R_0lebhxAsUG3SsAp,64,25,2144.88,66,25,2169.5600000000004,0.030303030303030276,0.0,0.011506471224497439
R_0oBzc3D8v94kGiZ,199,123,5451.989999999989,200,123,5459.96,0.0050000000000000044,0.0,0.0014618515441171542
R_0pRmRjHkwStzNQJ,894,408,16667.289999999928,912,411,17082.27,0.019736842105263164,0.007352941176470562,0.024897868819710567
R_0pwPNbvgpZlir2V,52,38,2833.179999999998,55,39,2930.4700000000003,0.054545454545454564,0.026315789473684292,0.034339505432059436
R_0rLOCyUSUep8Gyd,128,49,4535.289999999982,128,49,4535.29,0.0,0.0,3.9968028886505635e-15
R_0vmGaO4F0OdvNQd,53,41,2069.7700000000004,53,41,2069.77,0.0,0.0,-2.220446049250313e-16
R_0wCTiXC54rMN0J3,1045,423,19000.060000000045,1062,430,19403.11,0.016007532956685444,0.016548463356973908,0.02121309090602641
R_10AYiyZ8qGWd6td,96,47,3812.1499999999937,96,47,3812.1499999999996,0.0,0.0,1.5543122344752192e-15
R_10AtO7bUfe8iWYK,376,226,13319.629999999972,381,229,13664.990000000002,0.013123359580052507,0.01327433628318575,0.025928648168157098
R_10CAlrx7dbJty9R,2301,983,44235.290000000125,2367,988,45866.909999999974,0.027883396704689534,0.0050864699898269805,0.03688503002918808
R_10GfwNctrOL9e2t,555,239,10582.029999999944,571,242,10807.58,0.028021015761821366,0.012552301255230214,0.021314435888015515
R_10H46dpG2DS79Fn,2,2,65.97,2,2,65.97,0.0,0.0,0.0
R_10HG4OAAtFluUS1,675,271,14542.249999999924,695,273,15044.78,0.02877697841726623,0.007380073800737907,0.03455655074009045
R_10HuhR86y7hZJYL,369,114,7751.169999999964,370,114,7757.16,0.002702702702702675,0.0,0.0007727865599691519
R_10JcbruZLDf9fy2,329,124,4785.73999999998,331,125,4848.6900000000005,0.0060422960725075026,0.008064516129032251,0.013153660666902267
R_10MFxyIhsIDW0nP,308,186,9519.95999999997,318,190,9756.32,0.03144654088050314,0.021505376344086002,0.02482783541107625
R_10N9CD1aLy1NjgE,19,13,311.18000000000006,19,13,311.17999999999995,0.0,0.0,-3.3306690738754696e-16
R_10O88fl87fP9wfM,51,45,2115.9900000000007,51,45,2115.99,0.0,0.0,-4.440892098500626e-16
R_10PDLObOugOU8tc,118,48,2560.319999999997,118,48,2560.32,0.0,0.0,1.3322676295501878e-15
R_10SesRyoFJEe0pe,109,39,1786.6000000000013,113,39,1807.5,0.03539823008849563,0.0,0.01169819769394298
R_10TA7pCDmelHi5H,672,390,20706.72000000008,688,392,22579.309999999998,0.023255813953488413,0.00512820512820511,0.09043392676386741
R_10TV1zyi4yCEEkl,1061,400,28241.89000000032,1086,406,31150.149999999994,0.023020257826887658,0.014999999999999902,0.10297681918595547
R_10UIzdrJBjoXiRu,378,178,7724.239999999979,394,182,8147.249999999999,0.040609137055837574,0.022471910112359605,0.054763963833337925
R_10UUe0vuP5GA2RB,80,32,3409.2799999999943,84,33,3567.2300000000005,0.04761904761904767,0.03125,0.04632943026093672
R_10UkIUlEKmHGVjy,107,56,2221.919999999999,110,57,2253.13,0.027272727272727226,0.017857142857142794,0.01404641031180276
R_10Uv2LWb4NJfaPq,83,40,3007.4799999999977,84,40,3015.4599999999996,0.011904761904761862,0.0,0.0026533842286571296
R_10VEwmndSsl39vM,811,506,15147.229999999923,845,518,15801.87,0.04023668639053257,0.02371541501976293,0.043218463045723965
R_10VPzfUmqBTJEiC,733,339,14092.91999999994,740,340,14227.330000000002,0.009459459459459474,0.002949852507374562,0.009537413112404192
R_10YhHZtIc1xIXOM,71,25,1496.4800000000005,71,25,1496.48,0.0,0.0,-3.3306690738754696e-16
R_10YnFpDzlwQlmrX,274,120,5955.909999999982,284,124,6391.320000000001,0.035211267605633756,0.03333333333333344,0.07310553718911472
R_10ZbjWZfgeB444P,53,31,1228.3100000000004,54,31,1244.0,0.01851851851851849,0.0,0.012773648346101174
R_10ZbrhoAZPaSEW1,84,21,1196.2500000000002,84,21,1196.25,0.0,0.0,-2.220446049250313e-16
R_10qrHohvVyRhmA4,767,364,28419.34000000019,785,370,28960.77999999999,0.02292993630573248,0.016483516483516425,0.019051814714901916
R_10r2RIJOCZFOra8,138,94,3891.6199999999944,142,95,4071.290000000001,0.028169014084507005,0.010638297872340496,0.04616843371141233
R_10rsQ6SV3iE7hfu,362,202,8016.749999999965,367,205,8205.81,0.013623978201634857,0.014851485148514865,0.023583122836565273
R_10uU7A3PqkL1i0o,549,190,11908.819999999943,558,192,12175.34,0.016129032258064502,0.010526315789473717,0.022380051088189967
R_10vz4qJDEgUnMop,132,64,4561.159999999991,135,65,4594.09,0.022222222222222254,0.015625,0.0072196546492580005
R_10wSqGFumZGSTmH,806,286,19046.290000000015,826,290,19449.949999999997,0.02421307506053272,0.013986013986013957,0.021193628785447505
R_10xh23ROf2jC9rP,85,61,3832.939999999993,86,62,3845.9300000000003,0.011627906976744207,0.016393442622950838,0.003389043397498348
R_111J2YLIGckNIeJ,328,146,5742.799999999985,333,148,5941.27,0.01501501501501501,0.013698630136986356,0.0345597966148945
R_111Pbqb8YG1rP4o,274,173,3688.679999999985,278,173,3745.5600000000004,0.014388489208633115,0.0,0.015420150297671853
R_115Fv5zgtZvcRzJ,44,26,938.3100000000004,45,26,1003.3,0.022222222222222254,0.0,0.06926282358708691
R_115sFbCaRGwFZzK,44,30,1980.0700000000008,44,30,1980.0700000000002,0.0,0.0,-3.3306690738754696e-16
R_117LDoOnJxdPvkb,377,145,9234.289999999955,387,147,9711.7,0.025839793281653756,0.01379310344827589,0.051699697540368295
R_11WUgIV4IWfGoDX,748,269,14762.539999999928,759,271,15019.0,0.01449275362318836,0.0074349442379182396,0.01737234920278441
R_11XEE8cl6xnH3oW,54,36,1061.0000000000005,55,36,1072.98,0.018181818181818188,0.0,0.011291234684259743
R_11Y3ZtLQrhccXC7,167,94,4927.2699999999895,174,95,5136.719999999999,0.04022988505747127,0.010638297872340496,0.0425083261116217
R_11ZpeDj8UiavB9G,85,54,1841.1000000000004,87,55,1857.35,0.02298850574712641,0.0185185185185186,0.008826245179512027
R_11apGEU5o3Mncee,225,90,4751.399999999987,232,93,4904.61,0.030172413793103425,0.03333333333333344,0.03224523298396531
R_11cDnfPRwm1hsCd,55,26,729.26,56,27,750.85,0.017857142857142905,0.03846153846153855,0.02960535337191139
R_11cJ3be1pQV32hb,149,79,2693.1199999999967,150,80,2802.1200000000003,0.00666666666666671,0.012658227848101333,0.04047350285171247
R_11cp7qScmrrE4EF,296,118,4078.349999999989,300,118,4118.38,0.013333333333333308,0.0,0.009815243909917282
R_11gymhOPZz4baOa,552,315,8572.379999999966,559,318,8667.590000000002,0.012522361359570633,0.00952380952380949,0.011106600500681907
R_11hGWSRiBd8HPmC,567,288,5692.85999999997,574,291,5806.240000000001,0.012195121951219523,0.01041666666666674,0.019916175700795735
R_11i7d5PEuwRPPSj,72,37,1270.4000000000003,76,40,1358.3099999999997,0.052631578947368474,0.08108108108108114,0.0691986775818636
R_11iFIT1OyPW9JQ4,18,14,310.7900000000001,19,14,321.08,0.052631578947368474,0.0,0.033109173396827174
R_123DkZcbvVjnbzX,21,16,1150.05,21,16,1150.05,0.0,0.0,0.0
R_1252079aMA9rWUV,161,91,5346.649999999989,169,95,5535.859999999999,0.047337278106508895,0.04395604395604402,0.03538851430335077
R_128SoytOm4LO2kk,159,76,5649.389999999983,160,77,5694.38,0.006249999999999978,0.013157894736842035,0.007963691655208383
R_128UcvT7YzJpnZv,1573,421,36690.740000000216,1627,425,37840.25,0.03318992009834054,0.009501187648456089,0.031329703352938054
R_129jUlsvVcVBDur,1024,451,23582.25000000015,1051,456,24116.53,0.025689819219790633,0.011086474501108556,0.022656023068190922
R_12AB3KkLYxo0JrO,32,21,679.8500000000001,32,21,679.85,0.0,0.0,-2.220446049250313e-16
R_12DXU1DfwUF0Aq5,114,55,1982.750000000001,114,55,1982.7500000000005,0.0,0.0,-2.220446049250313e-16
R_12EeuI1AdMnuvET,1038,257,31258.99000000031,1058,261,32346.079999999998,0.018903591682419618,0.015564202334630295,0.034776875388477846
R_12EhwlBIzVNKK2P,121,74,4655.449999999995,126,74,4740.9400000000005,0.03968253968253965,0.0,0.01836342351437681
R_12G93XcmsS5F4Ea,91,63,2327.51,92,64,2357.21,0.010869565217391353,0.015873015873015817,0.012760417785530276
R_12J768g8RrIKrIV,60,43,932.8800000000002,62,45,982.3700000000001,0.032258064516129004,0.04651162790697683,0.05305076751565041
R_12KdI9rASwBsy9C,301,97,5928.059999999977,308,98,6031.880000000001,0.022727272727272707,0.010309278350515427,0.017513318016353585
R_12L1tdacu5Cc4GE,636,218,9613.26999999994,657,225,10256.460000000001,0.03196347031963476,0.032110091743119185,0.06690647407178463
R_12QFQ7lCIls8sRd,1043,516,28614.450000000284,1049,516,28715.749999999996,0.0057197330791229906,0.0,0.0035401693899310693
R_12Qo1HO9MWmZ5Az,660,265,18394.42999999999,677,268,19069.99,0.025110782865583436,0.01132075471698113,0.03672633509165624
R_12a3hCYZfOXK8ZC,63,28,1228.0100000000004,63,28,1228.0100000000002,0.0,0.0,-2.220446049250313e-16
R_12bC3rUwQ2h1sz5,79,50,522.4600000000003,80,50,532.33,0.012499999999999956,0.0,0.018891398384564884
R_12bTyDTgHUIoMUQ,176,85,8002.379999999992,177,85,8202.35,0.005649717514124242,0.0,0.0249888158272924
R_12bxXZmV1h6iVAL,131,85,3268.4799999999946,132,86,3289.4700000000003,0.007575757575757569,0.0117647058823529,0.00642194536910301
R_12hBKyfNeSlhKZN,87,30,1202.5700000000004,87,30,1202.5700000000002,0.0,0.0,-2.220446049250313e-16
R_12kYTBVH8kS49hc,215,94,6596.559999999985,217,95,6657.5199999999995,0.009216589861751112,0.010638297872340496,0.009241180251527314
R_12ljGcF6IQM7Tee,43,22,1193.0800000000004,44,22,1205.07,0.022727272727272707,0.0,0.010049619472289884
R_12mMk3Dq3Oo4HJb,168,90,4015.0799999999913,172,92,4184.47,0.023255813953488413,0.022222222222222143,0.042188449545216944
R_12mdsq5k8OiJ8ji,1436,597,33412.38000000036,1477,607,34842.69999999999,0.02775897088693302,0.01675041876046901,0.042808084907438815
R_12n9t5TqwO3mn6n,31,28,778.6600000000001,34,31,900.06,0.08823529411764708,0.1071428571428572,0.155908869082783
R_12nXZsYjzaL70kr,79,42,1428.2700000000002,80,42,1438.2300000000002,0.012499999999999956,0.0,0.006973471402465847
R_12osmPZNBfvNohz,154,95,4209.1499999999905,161,100,4353.06,0.04347826086956519,0.05263157894736836,0.034189800791136093
R_12sOXAypdX0UEMp,28,23,2151.99,29,23,2207.99,0.03448275862068961,0.0,0.026022425754766543
R_12xnmbrb1eoH9nn,1832,404,38279.48000000036,1902,409,39766.299999999996,0.03680336487907465,0.012376237623762387,0.03884117548095278
R_12yXy28O9QWzFKM,126,79,5267.53999999999,129,82,5325.510000000001,0.023255813953488413,0.03797468354430378,0.011005137122833686
R_1BNwZP0DdTOa4rT,319,210,11600.279999999975,325,211,11855.150000000001,0.018461538461538418,0.004761904761904745,0.021971021389141088
R_1BOXzyVhrXiWrFg,710,391,18741.06,726,393,20054.28,0.02203856749311295,0.005115089514066584,0.07007181023912179
R_1BPepcPkpmd3HIv,591,191,12964.069999999938,615,194,13865.22,0.039024390243902474,0.015706806282722585,0.06951134944504811
R_1BPfziFOM6qTGYB,16,11,409.18,17,12,434.17,0.05882352941176472,0.09090909090909083,0.06107336624468451
R_1BPo7cRkGaVw2zj,214,143,4676.919999999985,216,145,4716.910000000001,0.0092592592592593,0.013986013986013957,0.008550499046384497
R_1BQWWqVdmq0KWpX,9,7,131.89999999999998,9,7,131.89999999999998,0.0,0.0,0.0
R_1BSmAJ72u4DLEly,71,36,1667.9900000000002,71,36,1667.99,0.0,0.0,-1.1102230246251565e-16
R_1BVIsogXx71n29V,63,44,2536.65,64,44,2538.29,0.015625,0.0,0.0006465219876607975
R_1BW4IryQMg43RFb,11,7,164.96000000000004,11,7,164.96,0.0,0.0,-2.220446049250313e-16
R_1BWAygjxkFXfxql,462,154,10560.45999999997,472,156,10839.0,0.021186440677966156,0.01298701298701288,0.026375744995959627
R_1BWxQW5L2MlpDCd,652,182,11025.649999999949,671,182,11864.940000000002,0.028315946348733245,0.0,0.07612158920336287
R_1C10dGVUKtIJdzj,24,10,972.9800000000002,24,10,972.9800000000002,0.0,0.0,0.0
R_1C1lcmauvsBML7g,98,74,993.2700000000008,99,74,1032.74,0.010101010101010055,0.0,0.0397374329235749
R_1C1nnqKIVMlhfTh,67,47,2408.089999999999,67,47,2408.09,0.0,0.0,6.661338147750939e-16
R_1C1uOKUbDpVlGeM,188,80,4381.049999999992,193,81,4452.96,0.025906735751295318,0.012499999999999956,0.016413873386518896
R_1C465BAQuYyIY3s,155,102,6561.769999999992,163,104,7212.47,0.049079754601227044,0.019607843137254832,0.09916531667522777
R_1C4nKyrv0w2thJn,2543,862,66610.39999999964,2603,870,70114.97999999997,0.023050326546292688,0.009280742459396807,0.052613105461014165
R_1C4tcyEfmcsKI9X,670,338,20123.870000000097,709,349,23512.7,0.05500705218617774,0.03254437869822491,0.16839852374319086
R_1C6Xm4L63yOxl59,16,14,135.96,17,14,137.96,0.05882352941176472,0.0,0.014710208884966214
R_1C75XRebT1eliL0,1172,606,32385.270000000317,1196,613,34386.98999999998,0.02006688963210701,0.011551155115511635,0.06180958194881958
R_1C7NqhhPa152vIZ,327,99,7482.2899999999645,329,99,7544.45,0.006079027355623046,0.0,0.008307617053072702
R_1C8RRe41aLesvyd,96,52,2348.9399999999982,98,52,2370.92,0.020408163265306145,0.0,0.009357412279582311
R_1C8t1JAe5Wo7sSl,230,115,3944.1499999999937,235,115,4018.61,0.021276595744680882,0.0,0.018878592345627387
R_1C8w4NDDQC5fcgE,1831,758,32147.680000000604,1860,762,33267.00999999999,0.015591397849462396,0.005277044854881341,0.034818375696142434
R_1C9JNFshblsSjyF,127,91,1964.4300000000012,128,92,1968.1999999999998,0.0078125,0.01098901098901095,0.0019191317583211465
R_1C9YUFD8GunlGej,1504,730,39321.28000000023,1536,734,40938.459999999985,0.02083333333333337,0.005479452054794498,0.041127348855371615
R_1CBcqx5T9GZcMRt,208,131,5473.259999999986,212,133,5541.18,0.018867924528301883,0.01526717557251911,0.012409423268767483
R_1CDqTWLWIk642Vp,353,257,12197.929999999966,369,264,13040.820000000002,0.04336043360433606,0.027237354085603016,0.06910106878790412
R_1CDsrhMg50NRqDR,88,45,2938.6099999999988,92,47,3179.41,0.04347826086956519,0.04444444444444451,0.08194350390150484
R_1CEeWOcxWHKG89k,260,112,8203.159999999978,264,114,8245.27,0.015151515151515138,0.017857142857142794,0.0051333876213583984
R_1CHdyvBKOQ3uBZ4,674,289,10811.429999999957,689,293,11100.76,0.021770682148040676,0.01384083044982698,0.026761492235536366
R_1CIOVoUy3w1iF6O,178,113,5575.609999999988,183,115,7057.5199999999995,0.02732240437158473,0.017699115044247815,0.2657843715754895
R_1CIQjlABWt7jZWc,388,256,7793.219999999976,393,259,7843.85,0.012722646310432517,0.01171875,0.006496672748879773
R_1CIacB07yGtR0gk,140,54,2828.6099999999947,149,56,2965.2200000000003,0.06040268456375841,0.03703703703703698,0.04829580606729311
R_1CJ6LgP7rtL24ny,80,50,2387.9299999999985,81,50,2395.46,0.012345679012345734,0.0,0.003153358766798675
R_1CJSAA89V2pN4FB,67,20,1494.4100000000003,72,20,1596.13,0.06944444444444442,0.0,0.06806699633969249
R_1Cd5zmz07X5BqKa,727,378,18593.239999999987,738,383,18788.600000000002,0.01490514905149054,0.013227513227513255,0.010507044495742246
R_1CdSxzYzFm2SGuB,12,10,218.93,12,10,218.93,0.0,0.0,0.0
R_1Cew4e6dmKZSryU,204,47,1706.1700000000014,204,47,1706.1699999999998,0.0,0.0,-8.881784197001252e-16
R_1CexkWTJYOAs1Rc,224,98,6276.63999999998,228,101,6332.05,0.01754385964912286,0.030612244897959107,0.00882797165362681
R_1Cf4l6dtpfbfIwm,12,8,156.69,14,8,181.23000000000002,0.1428571428571429,0.0,0.15661497223817733
R_1CjNNUhUiSbeOoM,205,59,9608.63999999998,208,59,10138.919999999998,0.014423076923076872,0.0,0.05518783095214519
R_1CjWIsByjtP0GxZ,486,262,11340.859999999951,494,263,11413.75,0.01619433198380571,0.003816793893129722,0.006427202169857482
R_1CjrqlIqihbkYgk,432,206,10213.639999999968,436,208,10253.590000000002,0.00917431192660545,0.009708737864077666,0.003911436079598873
R_1ClnfW3zvg8zzL8,12,7,392.68,12,7,392.67999999999995,0.0,0.0,-1.1102230246251565e-16
R_1ClqO4ZMDuwGjfl,943,410,19787.020000000055,974,412,20574.209999999995,0.03182751540041073,0.004878048780487809,0.039783150772574105
R_1CmhrU1GJmKnbwz,433,168,13538.26999999995,449,170,14605.23,0.03563474387527843,0.011904761904761862,0.07881066044627971
R_1CqGMkfiCiATbn4,171,123,5025.929999999991,172,123,5038.44,0.005813953488372103,0.0,0.0024890915711139883
R_1Cqo5jWbdtMOnzE,10,7,226.83000000000004,10,7,226.82999999999998,0.0,0.0,-2.220446049250313e-16
R_1CrP2yfBldcblJm,170,141,4175.659999999992,173,142,4536.1900000000005,0.017341040462427793,0.007092198581560183,0.08634084192678748
R_1CsjLBKNdgim4ua,4,4,32.86,4,4,32.86000000000001,0.0,0.0,2.220446049250313e-16
R_1CwjzRpr3YtQm10,137,69,4923.55999999999,137,69,4923.56,0.0,0.0,1.9984014443252818e-15
R_1Cx2TzfSj9KxVhR,1015,375,19717.07000000004,1053,380,20294.34,0.036087369420702786,0.01333333333333342,0.02927767665276626
R_1CxLS0volYi8suF,82,62,3276.959999999995,83,62,3290.4599999999996,0.012048192771084376,0.0,0.004119671891022358
R_1Cxudu8A9eVd1uu,72,30,3720.689999999998,79,31,3991.61,0.08860759493670889,0.03333333333333344,0.07281445108299867
R_1CyB9f5zdimvkgY,135,77,4852.549999999995,136,77,4867.540000000001,0.007352941176470562,0.0,0.0030890974848287733
R_1DAmI2BFtglaWhP,360,149,13581.139999999992,368,153,13978.93,0.021739130434782594,0.02684563758389258,0.029289882881702756
R_1DArtWUMWCFGc0k,23,19,739.98,27,22,1043.53,0.14814814814814814,0.1578947368421053,0.41021378956188004
R_1DBjajUfMYmS4cI,269,101,2835.209999999995,277,106,2971.830000000001,0.028880866425992746,0.04950495049504955,0.04818690678997539
R_1DCt230xICUxYN0,128,56,1590.090000000001,129,57,1603.06,0.007751937984496138,0.017857142857142794,0.008156771000382923
R_1DGSlefke200soD,1211,552,28938.270000000302,1245,559,29558.60999999999,0.027309236947791193,0.0126811594202898,0.021436665011408174
R_1DGVVsovR661OqT,164,114,3216.0399999999986,168,118,3489.38,0.023809523809523836,0.03508771929824572,0.08499272397109547
R_1DGYq18HeymWNfH,288,158,6245.679999999981,298,159,6372.7,0.03355704697986572,0.006329113924050667,0.020337257112118978
R_1DJ4QJgrJwK7g3Y,548,279,15351.399999999956,566,287,15754.7,0.03180212014134276,0.028673835125448077,0.026271219563039683
R_1DJdUrYA1I0QAKh,871,486,15158.799999999952,873,487,15242.780000000002,0.002290950744558984,0.002057613168724215,0.005540016360137345
R_1DLRE54vbCjvb6t,505,289,14585.069999999952,509,290,14688.980000000001,0.007858546168958758,0.0034602076124568004,0.007124408727558373
R_1DN3c0hBRQtsdUT,383,248,11153.219999999948,385,249,11443.2,0.0051948051948051965,0.0040322580645162365,0.025999666464039395
R_1DO0yCFWRZwNW8m,513,257,18361.239999999983,517,258,18889.72,0.007736943907156624,0.0038910505836575737,0.028782369818161513
R_1DO3QSVDoDTYM4y,78,35,1666.8600000000008,79,36,1679.8499999999997,0.012658227848101222,0.02857142857142847,0.007793096000863198
R_1DOwHkGiX8DX7mF,645,300,15118.689999999937,656,304,15362.43,0.01676829268292679,0.01333333333333342,0.016121767163693734
R_1DTocDmr98DeSu5,660,329,12496.35999999994,677,333,12833.710000000001,0.025110782865583436,0.012158054711246091,0.02699586119478492
R_1DULPnUes4caEHg,806,534,21504.770000000077,825,543,21948.63,0.023030303030303068,0.016853932584269593,0.020640071946824934
R_1DUTc6uWTcrQ0eJ,100,45,2413.82,100,45,2413.8199999999997,0.0,0.0,-2.220446049250313e-16
R_1DXTNttXJvyt2M8,1128,413,28701.680000000302,1151,417,29638.349999999995,0.019982623805386623,0.009685230024213176,0.03263467504340101
R_1DYWdbAMt6LyCZH,999,505,16227.82999999993,1024,513,16592.99,0.0244140625,0.015841584158415856,0.02250208438220458
R_1DYjkc1gJNvrzzL,492,181,12044.309999999956,514,186,12440.83,0.04280155642023342,0.027624309392265234,0.03292176969872451
R_1DonBwcSlvKQtt9,59,48,1221.5400000000002,59,48,1221.54,0.0,0.0,-2.220446049250313e-16
R_1DqZfuFgEoydLGw,145,88,3799.989999999996,149,91,3895.3999999999996,0.02684563758389258,0.03409090909090917,0.0251079608104241
R_1Du7cF5hhpQDgPP,317,116,4469.609999999987,321,118,4522.81,0.012461059190031154,0.01724137931034475,0.011902604477798562
R_1DuNz7P7ow9xvT2,123,56,1560.1600000000003,126,57,1620.12,0.023809523809523836,0.017857142857142794,0.038431955696851317
R_1DuoH6Bkf22R6Ck,292,180,6409.019999999975,294,180,6448.53,0.006802721088435382,0.0,0.006164749056801977
R_1Duw20LaOXMnKSN,117,59,2940.3599999999974,117,59,2940.36,0.0,0.0,8.881784197001252e-16
R_1DzG6V05pa3lHSx,148,74,2711.939999999997,153,76,2847.62,0.0326797385620915,0.027027027027026973,0.05003060539687576
R_1E09cCgzMzFPS25,1078,177,9922.069999999956,1089,177,10411.89,0.010101010101010055,0.0,0.049366714808507295
R_1E0ZZlhukNsNc7w,688,59,5952.279999999958,688,59,5952.279999999999,0.0,0.0,6.8833827526759706e-15
R_1E3TJBNJVtr3tcD,1062,346,27034.080000000213,1095,349,28582.109999999997,0.03013698630136985,0.00867052023121384,0.05726216686492647
R_1E53RXpod4qfyA7,256,165,7580.0299999999825,265,169,7949.780000000001,0.03396226415094339,0.024242424242424176,0.04877949031864248
R_1E5RqOd5LIHJqSq,166,76,3390.2999999999947,168,76,3400.92,0.011904761904761862,0.0,0.0031324661534393172
R_1E5U50Tc4uzCeY2,64,28,1437.39,70,30,1649.2700000000002,0.08571428571428574,0.0714285714285714,0.1474060623769471
R_1E6GWpRjzjM8bNK,52,33,1581.9300000000003,53,33,1681.92,0.018867924528301883,0.0,0.06320760084200927
R_1E7ooGdyrfxLePW,88,46,1309.0600000000009,90,47,1346.04,0.022222222222222254,0.021739130434782705,0.028249278107954634
R_1EYyNuRpRDjWWz1,6,5,87.5,6,5,87.5,0.0,0.0,0.0
R_1EafkWC1L7tVe0w,979,479,32556.510000000224,1015,486,33880.95,0.035467980295566526,0.014613778705636848,0.04068126466871802
R_1Eb0TuKdBzAPRU5,475,211,10597.009999999962,487,215,10863.230000000001,0.024640657084188944,0.018957345971563955,0.025122180690594798
R_1EbBdl7Uln82HNr,201,112,3434.069999999987,209,115,3781.1900000000005,0.038277511961722466,0.02678571428571419,0.10108122431983468
R_1EbOsVC9pLY3RmN,198,57,4671.349999999988,204,57,4760.75,0.02941176470588236,0.0,0.019137936570801317
R_1EcWoboad0WrY5X,211,142,4465.62999999999,218,144,4569.799999999999,0.032110091743119296,0.014084507042253502,0.02332705575697247
R_1Egu0oETMcJuIOb,274,128,8852.109999999975,281,131,9512.78,0.02491103202846978,0.0234375,0.07463418326252458
R_1Eizh6ntwqDN9K1,126,68,4111.149999999993,130,69,4192.89,0.03076923076923077,0.014705882352941124,0.019882514624863346
R_1F2tvNSRK2zrouN,269,140,6084.599999999989,271,140,6099.24,0.0073800738007380184,0.0,0.002406074351643639
R_1F35QiIK5csZBEC,666,360,16008.27999999994,689,368,16601.6,0.03338171262699563,0.022222222222222143,0.037063319732042466
R_1F4fgnTRZwHJ1WY,109,84,2109.5700000000006,116,87,3010.25,0.06034482758620685,0.03571428571428581,0.42694956792142436
R_1F57CbiIhh4rOKq,143,71,4083.749999999996,149,73,4311.4800000000005,0.04026845637583898,0.028169014084507005,0.05576492194674132
R_1F5JRp7RYbcB55J,725,391,16169.139999999945,742,401,16612.460000000003,0.022911051212938016,0.025575447570332477,0.027417661050622266
R_1F5LdE5ipIiHqwA,84,39,1873.8400000000008,87,39,1912.4700000000005,0.03448275862068961,0.0,0.020615420740297763
R_1F8kBHmvN5XyD9g,252,99,5424.749999999989,254,100,5462.73,0.007874015748031482,0.010101010101010166,0.0070012442969742406
R_1F8mw2kq3LVfGAd,87,63,2982.439999999996,87,63,2982.4400000000005,0.0,0.0,1.5543122344752192e-15
R_1FCCFzxKwErO5Sp,11,7,273.97,11,7,273.97,0.0,0.0,0.0
R_1FCKkx02ayJ8GvV,492,325,9065.31999999996,498,329,9153.410000000002,0.012048192771084376,0.012307692307692353,0.00971725212127561
R_1FCYNIyA9OC3dAo,360,206,10843.429999999964,367,208,11144.449999999999,0.019073569482288777,0.009708737864077666,0.02776058866982467
R_1FDuPfFH7Gp0BWI,732,443,17521.349999999937,745,449,17765.51,0.01744966442953022,0.013544018058690765,0.01393499930085662
R_1FEerxbp2OBvJyP,107,56,3964.439999999994,111,58,5107.37,0.036036036036036,0.03571428571428581,0.28829544651956085
R_1FIIRdb0jGJ9oRe,584,295,18213.719999999983,593,295,18396.46,0.015177065767284947,0.0,0.010033095929882219
R_1FILvmI2ZEKHPPR,783,145,11040.719999999916,788,147,12141.76,0.006345177664974666,0.01379310344827589,0.09972538022883404
R_1FJ01Kk4aB1BWNJ,212,86,4126.319999999994,213,86,4162.17,0.0046948356807511304,0.0,0.008688128889665858
R_1FJHvQm83j8lK35,929,179,13876.849999999911,943,181,14092.690000000002,0.014846235418875975,0.011173184357541999,0.0155539621744194
R_1FJlXVDBsBrZOy3,407,289,17198.00999999998,422,301,17684.510000000002,0.03554502369668244,0.04152249134948094,0.028288156594863167
R_1FOE3GDn0yhQrVA,10,9,152.25,10,9,152.25,0.0,0.0,0.0
R_1FOF7Wf94oe6aMa,39,17,1637.8300000000002,39,17,1637.8300000000002,0.0,0.0,0.0
R_1FOIfMkxbOPrpSF,68,46,1770.1400000000003,70,47,1920.12,0.02857142857142858,0.021739130434782705,0.08472776164597118
R_1FPtnyDUi83F045,10,9,442.98,10,9,442.98,0.0,0.0,0.0
R_1FQHtC65uMiLsjT,510,344,11507.869999999952,522,352,11865.110000000002,0.02298850574712641,0.023255813953488413,0.031043103545665085
R_1FRQDBoks93vPCz,371,215,9966.849999999968,376,215,10110.25,0.013297872340425565,0.0,0.01438769520962313
R_1FRsomi7uxATDER,363,198,7437.489999999973,366,198,7453.689999999999,0.008196721311475419,0.0,0.0021781541891183753
R_1FWSWSjBuPMvSgx,345,157,5144.169999999992,350,159,5213.31,0.014285714285714235,0.01273885350318471,0.013440457838681086
R_1FaohPMY0mE5O4K,295,141,7452.639999999975,299,141,7492.890000000001,0.013377926421404673,0.0,0.005400770733595905
R_1Fb4EL4IE75q7lf,449,192,10539.61999999996,462,194,11546.820000000002,0.02813852813852813,0.01041666666666674,0.09556321764921738
R_1Ff9SbW1Qsyhopk,284,94,9519.919999999984,288,94,9665.56,0.01388888888888884,0.0,0.01529844788611845
R_1FfETqbn5GhKwYj,148,67,4284.299999999994,148,67,4284.299999999999,0.0,0.0,1.3322676295501878e-15
R_1Ffcx0CMHqog6G8,524,259,14359.52999999994,533,262,15012.28,0.016885553470919357,0.01158301158301156,0.04545761595261566
R_1FfxhRRore9Zatj,199,78,4018.949999999989,201,78,4152.459999999999,0.00995024875621886,0.0,0.03322011968300442
R_1FgFVnfjrowZz1l,934,285,25429.07000000005,948,286,25848.89,0.014767932489451518,0.0035087719298245723,0.016509451584346024
R_1FmFI2FlHcSqbJj,73,25,1530.0800000000008,75,26,1551.06,0.026666666666666616,0.040000000000000036,0.013711701348948502
R_1FmFxVGW4771Ubh,77,40,1351.2500000000005,82,43,1496.6100000000001,0.060975609756097615,0.07499999999999996,0.10757446808510607
R_1FmqNSKTkFPA2iS,707,422,13144.079999999933,725,426,13410.570000000002,0.024827586206896513,0.009478672985782088,0.020274526631005818
R_1FmvdkhGeYstPcU,314,165,6058.909999999979,326,167,6301.290000000001,0.036809815950920255,0.0121212121212122,0.04000389509004476
R_1FnbihJLqMICvMb,411,293,4782.729999999996,412,293,4832.720000000001,0.0024271844660194164,0.0,0.010452189439923432
R_1Fqx3JMV50VhGvZ,135,80,6955.829999999987,136,80,6975.820000000002,0.007352941176470562,0.0,0.002873848268289292
R_1FrdQkXjcUod40Z,197,102,4694.469999999988,205,102,4807.71,0.039024390243902474,0.0,0.024121998862493887
R_1FvyK0jRfjYmXQd,1205,202,9308.169999999913,1206,202,9319.16,0.0008291873963516272,0.0,0.0011806832062679629
R_1FwushWdNnxMnwa,1059,611,16831.859999999924,1080,618,17063.04,0.019444444444444486,0.011456628477905184,0.013734667469909922
R_1Fxjci1mPvgmZs5,139,63,2295.719999999999,140,63,2313.7,0.0071428571428571175,0.0,0.007831965570714639
R_1FyNw1r0DyrEPsP,222,131,5833.139999999989,228,133,6049.9,0.02631578947368418,0.01526717557251911,0.037160088734371266
R_1Fyt4lN10F6TI3f,99,64,3828.3499999999976,99,64,3828.3500000000004,0.0,0.0,6.661338147750939e-16
R_1Fyt6rHyiQcVOT8,1780,765,55001.969999999754,1835,782,56502.58999999998,0.02997275204359673,0.022222222222222143,0.027283022771734
R_1Fz9yYKcVxPaD7n,1090,577,24384.020000000168,1107,583,24997.469999999994,0.015356820234869062,0.010398613518197486,0.0251578697852044
R_1FzILFUkhEqt8k1,476,290,11697.929999999948,490,292,12110.880000000001,0.02857142857142858,0.006896551724137945,0.03530111737718178
R_1FzkhYhOpeojsYt,71,23,1842.4600000000005,71,23,1842.46,0.0,0.0,-2.220446049250313e-16
R_1GBQ45wkJVX0xCi,1017,160,4101.399999999964,1018,161,4151.39,0.0009823182711198308,0.006250000000000089,0.012188520992840735
R_1GCgOvzvQllBwhO,144,79,4191.429999999995,150,81,4424.86,0.040000000000000036,0.025316455696202445,0.05569221005718927
R_1GCwpR4TbUNRunu,12,7,147.53,13,8,397.52000000000004,0.07692307692307687,0.1428571428571428,1.694502812987189
R_1GDlAVAGQS3e35H,70,53,3015.5099999999966,74,55,3081.3600000000006,0.05405405405405406,0.037735849056603765,0.021837102181721857
R_1GE6LgeTEJUmjF7,163,66,3028.869999999995,171,68,3230.15,0.04678362573099415,0.030303030303030276,0.06645382601432392
R_1GH7N5dBHvUlsG0,81,38,2820.069999999997,82,38,2835.0600000000004,0.012195121951219523,0.0,0.005315470892567786
R_1GHRqNeLfZhykV2,396,249,7385.6099999999615,403,251,7536.27,0.017369727047146455,0.008032128514056325,0.020399127492521263
R_1GIfjocF2dRzyeH,801,430,21477.680000000088,828,441,22090.689999999995,0.03260869565217395,0.0255813953488373,0.028541723314617906
R_1GJQPdG3jpH3uLc,345,192,8366.149999999967,347,194,8398.28,0.0057636887608069065,0.01041666666666674,0.0038404762047099528
R_1GJh487BwGHUzGO,181,85,5871.029999999985,185,88,6015.380000000001,0.021621621621621623,0.03529411764705892,0.024586827183648463
R_1GNwNjI3wJh2Kx4,297,136,7855.459999999985,310,137,8333.02,0.041935483870967794,0.007352941176470562,0.060793384473985856
R_1GOAtWFJawsiDH1,176,101,3897.749999999993,177,101,3924.74,0.005649717514124242,0.0,0.006924507728819584
R_1GOF9DMNA7svT6V,11,5,306.05,11,5,306.05,0.0,0.0,0.0
R_1GP6FxkWgiZPf0s,1890,521,37651.20000000034,1917,522,38207.59,0.014084507042253502,0.0019193857965451588,0.014777483851767137
R_1GPUUOebp9ScVi1,223,138,7604.899999999975,235,144,8307.960000000001,0.051063829787234005,0.04347826086956519,0.09244828991834586
R_1GUnaIBNtPG7cDs,316,208,10309.649999999972,324,214,10550.84,0.024691358024691357,0.028846153846153744,0.023394586625154812
R_1GVN63HjPpVXPEx,686,365,13659.119999999915,700,372,13959.390000000001,0.020000000000000018,0.019178082191780854,0.021983114578397966
R_1GVPS4RDaK1CXl9,13,12,374.9500000000001,13,12,374.95000000000005,0.0,0.0,-1.1102230246251565e-16
R_1GVsIStj8gTkbIE,642,344,17356.169999999973,664,355,18059.800000000003,0.033132530120481896,0.03197674418604657,0.04054062618653953
R_1GWHQwmLGiIkYBH,178,97,3149.3999999999937,182,99,3218.1600000000003,0.02197802197802201,0.020618556701030855,0.021832730043819915
R_1GWwhndoXXJDzDA,288,140,8369.459999999972,288,140,8369.460000000001,0.0,0.0,3.552713678800501e-15
R_1GZy78Wx8EqIpUZ,568,210,9220.579999999964,576,213,10085.770000000002,0.01388888888888884,0.014285714285714235,0.09383249209919997
R_1GghoTNZdgUeySl,531,325,14452.299999999965,542,331,14869.41,0.020295202952029467,0.01846153846153853,0.028861150128355773
R_1GwfxDTVD3u41f2,92,56,3343.719999999996,93,56,3356.71,0.010752688172043001,0.0,0.0038848946682150665
R_1GxbsZQY6mAp3qv,2,2,35.87,2,2,35.87,0.0,0.0,0.0
R_1GymT83N9uDSyIG,75,50,1519.0299999999995,78,51,1536.7,0.038461538461538436,0.020000000000000018,0.011632423322778696
R_1H1tRn5FYicLqa0,20,13,532.8100000000001,21,13,544.71,0.04761904761904767,0.0,0.02233441564535199
R_1H2C6LKN5sYiPMS,101,54,1907.4900000000005,102,54,1930.75,0.009803921568627416,0.0,0.012194035093237465
R_1H2GHIU38Oascte,265,69,3497.759999999989,267,69,3513.2,0.0074906367041198685,0.0,0.004414253693795667
R_1H62mXmUtez2cIy,32,29,757.1400000000002,33,30,907.13,0.030303030303030276,0.034482758620689724,0.19810074754999052
R_1H6R8vRtVJI4SFg,576,297,13231.149999999943,588,300,13996.8,0.020408163265306145,0.010101010101010166,0.05786722998379279
R_1H7fdZFFkwr8HKx,339,149,6686.549999999973,344,150,7276.0,0.014534883720930258,0.006711409395973256,0.08815457896823164
R_1H7zBXFz4gN1Ezl,446,132,7186.659999999975,449,134,7261.330000000001,0.006681514476614692,0.015151515151515138,0.010390083849803
R_1H7zLm1nT1XvnWc,152,69,2973.1299999999956,153,70,2976.1600000000003,0.006535947712418277,0.01449275362318847,0.0010191279896960559
R_1H8nEEGnbME0xMW,20,17,420.2200000000001,20,17,420.22,0.0,0.0,-1.1102230246251565e-16
R_1HSZrCPXWeOpW01,19,12,531.5200000000001,19,12,531.52,0.0,0.0,-2.220446049250313e-16
R_1HcpQT6Ffivx73P,364,187,22156.550000000065,371,191,22783.539999999997,0.018867924528301883,0.021390374331550888,0.028298178191096035
R_1Hena1rUph3TnA3,762,430,21575.620000000104,784,438,22769.78,0.028061224489795866,0.018604651162790642,0.05534765628982563
R_1HerhOnGTMWUefJ,174,104,7593.539999999985,184,106,8342.26,0.05434782608695654,0.019230769230769162,0.09859959913294936
R_1HjZ92vLV80BMkA,1673,657,33969.3300000005,1711,664,35367.54999999998,0.022209234365867858,0.010654490106544845,0.0411612475135501
R_1HjyB8kWn4gmwp5,32,19,430.8100000000001,32,19,430.81,0.0,0.0,-2.220446049250313e-16
R_1HoDTPQVCFl0O3q,491,199,10514.369999999964,513,204,10855.82,0.042884990253411304,0.025125628140703515,0.032474603804130586
R_1HotIA3syHobFfp,1090,473,25047.180000000197,1162,494,26748.949999999997,0.061962134251290824,0.044397463002114224,0.0679425787653456
R_1Hq7yoxBmdHT0Yh,42,14,812.0500000000001,42,14,812.05,0.0,0.0,-1.1102230246251565e-16
R_1HqJHdXffOUfDTR,198,131,5811.389999999994,200,132,5841.370000000001,0.010000000000000009,0.007633587786259444,0.005158834633367748
R_1I4dnMKlrmtUP09,339,226,8989.919999999966,346,229,9192.650000000001,0.020231213872832332,0.01327433628318575,0.02255081246552093
R_1I6meOeB0piHEX8,1217,465,27136.60000000033,1252,471,27917.869999999995,0.027955271565495154,0.012903225806451646,0.028790268493461113
R_1I9Fh0y1T090Zve,125,76,4298.859999999996,129,76,4409.669999999999,0.03100775193798455,0.0,0.02577660123846859
R_1IBrWZ6f5U3InBf,12,8,464.4899999999999,13,9,479.99,0.07692307692307687,0.125,0.03336993261426535
R_1IEJrvdmlz5uakB,106,69,3242.339999999991,106,69,3242.34,0.0,0.0,2.886579864025407e-15
R_1IFq9WjfDcelfCl,420,158,11201.34,424,159,11422.52,0.009433962264150941,0.006329113924050667,0.019745851835583972
R_1IK012DF2hayY8h,54,23,1400.1800000000003,54,23,1400.1800000000003,0.0,0.0,0.0
R_1IL4eE4qWAUTvTW,347,203,8630.499999999976,358,209,8840.34,0.030726256983240274,0.029556650246305383,0.02431377092868603
R_1IN7vU4CWQnwLLx,437,207,7573.409999999962,450,213,7764.550000000001,0.028888888888888853,0.02898550724637672,0.025238300844671047
R_1IQJmGpHDXC3ASx,309,194,7984.539999999977,313,195,8417.8,0.012779552715655007,0.005154639175257714,0.05426236201459611
R_1IQrTixrpV3RdZy,396,279,11620.629999999956,406,285,12021.529999999999,0.024630541871921152,0.021505376344086002,0.0344989901580246
R_1IRcsBDiYNaqCGX,1159,533,24603.56000000017,1172,538,24895.609999999993,0.011092150170648463,0.009380863039399667,0.01187023341336868
R_1ISEgH4xrMo9cJp,417,162,6222.829999999972,423,163,6383.860000000001,0.014184397163120588,0.006172839506172867,0.025877293771488175
R_1ISJv7z3x6BnK4k,355,73,2671.3599999999947,357,74,2696.3400000000006,0.0056022408963585235,0.013698630136986356,0.009351042165790524
R_1ISgBaln8Q2qIGM,9,6,513.84,9,6,513.8399999999999,0.0,0.0,-2.220446049250313e-16
R_1ISqoR3tKsqaNs0,61,37,1519.5200000000002,63,37,1604.5,0.031746031746031744,0.0,0.05592555543855937
R_1IT5DE79ggVU9Gn,40,18,636.5000000000001,40,18,636.4999999999999,0.0,0.0,-3.3306690738754696e-16
R_1IWXqj0cRYmRnLa,53,29,1102.0800000000002,53,29,1102.08,0.0,0.0,-2.220446049250313e-16
R_1IWp2m0gvPUsXI2,20,10,337.12,20,10,337.12,0.0,0.0,0.0
R_1IWt7J1H7X5j4eL,85,43,2633.769999999996,88,44,3095.6299999999997,0.03409090909090906,0.023255813953488413,0.17536079460241583
R_1IXwEWfLjfU1xax,87,45,2013.1400000000008,90,46,2084.8,0.033333333333333326,0.022222222222222143,0.0355961334035384
R_1IYpsszqv6YqEQ3,435,151,4449.819999999996,438,153,4749.79,0.006849315068493178,0.013245033112582849,0.0674117155300673
R_1IZA04pWGgneKFl,121,63,5797.439999999995,125,64,6068.61,0.03200000000000003,0.015873015873015817,0.04677409339294658
R_1IZBlduDFUJEphM,851,421,20009.370000000064,879,431,22766.229999999996,0.03185437997724683,0.02375296912114022,0.1377784507957982
R_1IZaUJW0SgxmGhX,331,183,6545.389999999972,343,186,6850.630000000001,0.03498542274052474,0.016393442622950838,0.04663434875538819
R_1IZaizh36yGgZ9k,788,285,17917.889999999992,798,286,18339.18,0.01253132832080206,0.0035087719298245723,0.023512255070212484
R_1IZrt5CyqgTg2Qe,631,346,11022.929999999962,644,352,11202.71,0.02018633540372672,0.01734104046242768,0.016309638181503328
R_1IaO9kPXlVlBWD9,22,17,731.81,23,17,761.9099999999999,0.04347826086956519,0.0,0.04113089463111996
R_1IaQCAaU1CcbXWO,214,185,4868.229999999988,215,186,5068.220000000001,0.0046511627906976605,0.00540540540540535,0.041080639164545296
R_1IaYiTSaUaD2W2i,776,359,12027.009999999931,801,365,12303.6,0.031210986267166008,0.01671309192200554,0.022997403344644285
R_1IabI5u1FwYo00V,51,40,2133.82,57,44,2274.1499999999996,0.10526315789473684,0.10000000000000009,0.06576468493124987
R_1IbecOt0BQCiSOz,159,82,7500.929999999986,162,83,7681.92,0.01851851851851849,0.012195121951219523,0.024129008003009655
R_1Ii7vZJ3EmJx7Uw,24,17,654.2800000000001,25,18,1041.13,0.040000000000000036,0.05882352941176472,0.591260622363514
R_1IioZPxKZBHs2gO,315,105,7552.079999999966,325,105,7732.229999999999,0.03076923076923077,0.0,0.02385435535640945
R_1IjfIrRId1XetYO,210,91,4578.109999999987,216,92,5218.660000000001,0.02777777777777779,0.01098901098901095,0.13991581678902776
R_1IjiyEVDz09eFAs,991,569,21188.38000000009,1012,573,21750.399999999994,0.02075098814229248,0.007029876977152849,0.026524916015283173
R_1IlWpd2jLOlqA4H,18,16,318.88,19,17,337.87,0.052631578947368474,0.0625,0.05955218263923734
R_1ImFLLGALT606WO,269,109,6071.29999999998,278,111,6572.940000000001,0.03237410071942448,0.0183486238532109,0.0826248085253607
R_1In6bbPNQjLRhxu,84,30,1548.7300000000005,85,30,1554.72,0.0117647058823529,0.0,0.0038676851355623487
R_1IpfWhyTOaCIYeM,485,262,5937.209999999955,493,266,6005.4400000000005,0.016227180527383367,0.01526717557251911,0.011491929711101134
R_1IsBNBTlSlOVuGG,901,261,13059.949999999915,920,265,13772.75,0.020652173913043526,0.015325670498084198,0.05457907572388021
R_1Isyig1z1xCQlbf,8,6,515.3,8,6,515.3,0.0,0.0,0.0
R_1It3uPOCs8UZVMn,227,150,6871.699999999981,237,156,7169.700000000001,0.04219409282700426,0.040000000000000036,0.043366270355228
R_1IvixEtBxtoh7vX,62,21,1036.2700000000002,62,21,1036.27,0.0,0.0,-2.220446049250313e-16
R_1Iy2gQsVfTKf9TT,2481,911,46981.56999999979,2511,916,47663.199999999975,0.01194743130227005,0.005488474204171201,0.014508455124002673
R_1IzrCDFm7It9xYW,110,54,4731.999999999992,113,55,8172.950000000001,0.026548672566371723,0.0185185185185186,0.7271661031276446
R_1JCOWhti2Oqu5kS,40,17,1435.6500000000003,41,17,1460.64,0.024390243902439046,0.0,0.017406749555950007
R_1JDPvSxDgeKBb7U,10,4,198.38,10,4,198.38,0.0,0.0,0.0
R_1JDhRjAMiEkIuKT,513,229,14907.829999999944,528,235,15575.660000000003,0.02840909090909094,0.026200873362445476,0.044797264256438485
R_1JDsMErIBkh4e3h,114,81,3655.219999999995,117,83,3740.6599999999994,0.02564102564102566,0.024691358024691468,0.023374790026319925
R_1JE35IU6N21ow0O,160,50,3009.099999999995,168,50,3183.669999999999,0.04761904761904767,0.0,0.05801402412681678
R_1JEoAUQUClB8E1Q,860,438,17545.339999999942,880,444,18215.219999999998,0.022727272727272707,0.013698630136986356,0.03817993837680311
R_1JFagmho9RdIy6Q,73,33,1410.6000000000004,74,33,1417.0700000000002,0.013513513513513487,0.0,0.004586700694739765
R_1JJ8YCoLzDqN39u,152,87,3019.6999999999957,158,88,3512.09,0.03797468354430378,0.011494252873563315,0.16305924429579277
R_1JJ9dsXDfWNb4HX,361,81,3698.789999999985,365,83,3779.1899999999996,0.010958904109588996,0.024691358024691468,0.021736838263328062
R_1JJX4KoHykdcLcI,86,59,16701.48000000001,86,59,16701.48,0.0,0.0,-6.661338147750939e-16
R_1JK328FVWElecfL,114,62,2172.2999999999997,116,63,2228.7399999999993,0.017241379310344862,0.016129032258064502,0.025981678405376574
R_1JL4SqKTl0o7xEN,182,82,3424.6299999999846,189,84,3536.48,0.03703703703703709,0.024390243902439046,0.032660462590123895
R_1JLBP1fFf3p8tpy,324,136,14398.749999999973,332,138,14565.28,0.02409638554216864,0.014705882352941124,0.011565587290565338
R_1JRRs0ZhgHAXLPG,67,45,1146.0800000000004,67,45,1146.08,0.0,0.0,-4.440892098500626e-16
R_1JUT4H78WPmsV36,212,93,3825.1999999999903,218,94,3943.61,0.02752293577981646,0.010752688172043001,0.03095524417024209
R_1JVHDWwu3QXAR0A,8,1,160.85,8,1,160.85,0.0,0.0,0.0
R_1JXvzOjJfRfNBLk,157,67,2868.149999999995,164,69,2936.450000000001,0.04268292682926833,0.029850746268656803,0.02381325941809398
R_1K0zy1Mt6OG2jGF,315,133,7315.169999999975,319,134,7404.7,0.01253918495297801,0.007518796992481258,0.012238950017569694
R_1K1NjOtOgpzvVDE,7,5,161.52999999999997,7,5,161.53,0.0,0.0,2.220446049250313e-16
R_1K2pnJ1E6MRzlr0,298,111,4781.58999999999,299,111,4797.54,0.0033444816053511683,0.0,0.0033357105063398507
R_1K3XYuvFofXLIzN,28,6,580.6700000000001,28,6,580.6700000000001,0.0,0.0,0.0
R_1K8s5AXqBrnDyC4,285,194,6549.889999999985,292,199,6681.370000000001,0.023972602739726012,0.025773195876288568,0.020073619556972178
R_1K9f38YmK0xZOOv,265,75,4990.559999999984,274,75,5268.169999999999,0.03284671532846717,0.0,0.055627023820977284
R_1K9kGW0TCypZf4M,102,60,1394.7000000000007,102,60,1394.7000000000003,0.0,0.0,-3.3306690738754696e-16
R_1K9yOc1WbKzImgH,156,115,4610.46999999999,166,124,5147.45,0.06024096385542166,0.07826086956521738,0.1164696874722122
R_1KdkZBS3fscHwuC,15,10,1121.96,17,11,1298.39,0.11764705882352944,0.10000000000000009,0.15725159542229683
R_1KdlBlo1yOVwef9,164,130,3096.559999999997,165,130,3108.3700000000003,0.0060606060606061,0.0,0.0038139096287503893
R_1Kdrii5cpL8DIZS,315,145,5986.829999999975,323,147,6140.539999999999,0.024767801857585092,0.01379310344827589,0.0256746892762989
R_1KeTKuQXOr9Ds8d,86,69,2426.7399999999993,86,69,2426.7400000000002,0.0,0.0,4.440892098500626e-16
R_1KeXbdcXuMQWdmP,638,296,10231.819999999949,647,297,10610.490000000002,0.01391035548686248,0.0033783783783782884,0.03700905606236771
R_1Kfqeo4hMzlsFdQ,199,125,3684.2899999999872,206,130,3888.0800000000004,0.03398058252427183,0.040000000000000036,0.05531323538592625
R_1KgcgVU74gORt4G,128,74,3729.9399999999937,130,74,3754.9700000000003,0.01538461538461533,0.0,0.006710563708801409
R_1Kj7uR43IVKeTra,60,19,1130.750000000001,61,20,1149.5,0.016393442622950838,0.05263157894736836,0.016581914658411634
R_1KkFs7rgWXlWf58,531,292,13517.249999999967,549,295,14181.98,0.032786885245901676,0.010273972602739656,0.049176422719120705
R_1KlMYPvPKoudQO5,290,165,11633.119999999974,299,166,12202.48,0.030100334448160515,0.0060606060606061,0.04894301786623245
R_1KloshKwV8MUAx4,538,287,18218.32999999999,552,294,19167.5,0.025362318840579712,0.024390243902439046,0.052099725935363495
R_1KloxYvQthvrytv,577,203,13583.419999999942,594,209,15407.060000000001,0.028619528619528656,0.029556650246305383,0.13425484892612216
R_1KlrpXr5yhzzVu3,34,11,1052.2100000000005,35,11,1067.2,0.02857142857142858,0.0,0.014246205605344509
R_1Km9vP07nuJmFHX,48,29,1335.5600000000002,48,29,1335.56,0.0,0.0,-2.220446049250313e-16
R_1KmbYBZQ4ogvucS,159,61,3320.769999999995,160,61,3329.76,0.006249999999999978,0.0,0.0027072034498039077
R_1KpwZSZ5wwEFepN,437,202,8565.42999999997,442,202,8601.289999999999,0.011312217194570096,0.0,0.004186596586514657
R_1KqhfYKlNJg85SH,111,87,2741.4499999999985,117,90,2830.5200000000004,0.05128205128205132,0.034482758620689724,0.03249010560105137
R_1KrGWfbBFSsqxlt,271,70,4561.189999999987,277,70,4693.01,0.02166064981949456,0.0,0.028900352758822523
R_1Kru2C0Zf28ZbQ0,822,491,16146.389999999932,844,500,17629.010000000002,0.026066350710900466,0.018329938900203624,0.09182362125528232
R_1Ks4GqaB1absf4q,851,194,11071.829999999958,859,199,11243.740000000002,0.0093131548311991,0.025773195876288568,0.015526791867292333
R_1KuRw7yqmhN2In1,99,51,2163.4000000000005,99,51,2163.3999999999996,0.0,0.0,-4.440892098500626e-16
R_1KwJ4svzD8bxfTs,139,97,1733.6499999999996,139,97,1733.65,0.0,0.0,2.220446049250313e-16
R_1Kwnuz6KPM796nt,50,34,1107.5300000000002,51,35,1162.52,0.019607843137254943,0.02941176470588225,0.04965102525439469
R_1KxVDxZl2H0XoHS,1794,717,18517.02999999996,1825,724,19268.79,0.01698630136986301,0.009762900976290068,0.04059830329162084
R_1LA7EtbBxPAL2qa,54,20,1780.3200000000004,64,22,1969.27,0.15625,0.10000000000000009,0.10613260537431457
R_1LBb6RJC62dh4y4,524,197,8858.729999999958,534,201,9148.77,0.01872659176029967,0.020304568527918843,0.032740584711357545
R_1LBvKYfg8hgoloJ,7,2,326.78,8,2,337.66999999999996,0.125,0.0,0.03332517289919812
R_1LCDUCqkRzsNyRo,17,8,258.01000000000005,17,8,258.01,0.0,0.0,-2.220446049250313e-16
R_1LCMXBRIyG4h84a,216,99,6786.829999999982,219,99,6833.25,0.013698630136986356,0.0,0.006839717511712973
R_1LCdu4c1mJw1NPw,26,17,622.4600000000002,26,17,622.46,0.0,0.0,-2.220446049250313e-16
R_1LFEtkSrCa4Ri46,323,195,12062.559999999976,329,196,12293.949999999997,0.018237082066869248,0.00512820512820511,0.019182495258056376
R_1LFmho6mBajcceh,606,254,12743.74999999993,626,256,13232.960000000003,0.03194888178913735,0.007874015748031482,0.03838822952428256
R_1LFqrP3wXLY29vm,453,163,6585.259999999953,468,167,6794.259999999999,0.03205128205128205,0.024539877300613577,0.031737547188728676
R_1LH9jGluPc9Ks28,7,5,60.77,7,5,60.77,0.0,0.0,0.0
R_1LI4sRCOpeUEw4V,234,167,8324.22999999998,241,173,8649.220000000001,0.02904564315352698,0.03592814371257491,0.03904144887875782
R_1LIGtABfsfoV9eO,73,67,1897.0900000000004,74,68,1919.08,0.013513513513513487,0.014925373134328401,0.011591437412036054
R_1LIJDv6NDuvkCi4,293,153,8510.959999999972,296,155,8629.920000000002,0.010135135135135087,0.013071895424836555,0.013977271659134871
R_1LIhFuivD74bKNQ,44,27,1067.63,46,29,1119.6100000000001,0.04347826086956519,0.07407407407407418,0.04868727930088146
R_1LLeEJshq2p2Ej7,198,90,3720.2499999999895,198,90,3720.2499999999995,0.0,0.0,2.6645352591003757e-15
R_1LMa9REuvUok05j,862,528,20838.24000000007,881,537,21316.7,0.02156640181611802,0.017045454545454586,0.022960672302455798
R_1LMcU7izBtOlnNn,371,203,7605.409999999967,380,206,7772.430000000001,0.023684210526315752,0.014778325123152802,0.021960683250480173
R_1LMuiHUY0gK5lHE,65,32,2151.609999999999,66,32,2181.6,0.015151515151515138,0.0,0.01393839961703125
R_1LMx3Ij1VcN0Cnc,222,141,5446.159999999988,224,142,5649.14,0.008928571428571397,0.007092198581560183,0.037270296869723385
R_1LRMfvqtCuHQOG4,398,273,9998.979999999963,408,279,10851.83,0.02450980392156865,0.0219780219780219,0.08529369995739966
R_1LRR1P5IQqdSvIP,1244,629,43248.13000000023,1274,632,44263.21999999997,0.023547880690737877,0.004769475357710551,0.023471303845963742
R_1LRtdK1XMr1uFCf,432,109,5338.219999999985,434,109,5361.4400000000005,0.004608294930875556,0.0,0.004349764528253974
R_1LRxmw1v9XlwyZ4,328,234,8482.499999999967,338,239,9394.730000000003,0.029585798816568087,0.02136752136752129,0.10754258768052338
R_1LU3ZUh1C0Ij7PO,470,204,8457.24999999996,479,206,8602.26,0.018789144050104345,0.009803921568627416,0.017146235478440408
R_1LUaD6cuon5njXD,168,120,4011.8699999999944,172,121,4068.2,0.023255813953488413,0.008333333333333304,0.014040833825623933
R_1LUuuC6VrhpFCm8,194,113,5161.979999999991,200,116,5315.33,0.030000000000000027,0.026548672566371723,0.02970759282291069
R_1LXVb9shLsHRmNV,98,69,2499.5499999999997,102,73,2554.01,0.039215686274509776,0.05797101449275366,0.021787921825928924
R_1LXWy9XtgeTLKs3,151,75,26300.700000000008,153,75,27665.67,0.013071895424836555,0.0,0.05189861866794376
R_1LXruw2HNunUocq,186,92,5799.379999999988,194,94,5986.32,0.04123711340206182,0.021739130434782705,0.032234480237544716
R_1LY9mbPmeG2WbfE,128,65,3128.0199999999963,130,65,3157.0000000000005,0.01538461538461533,0.0,0.009264646645483099
R_1LYvldXrvEt6Cel,137,42,2536.68,139,43,2551.4399999999996,0.014388489208633115,0.023809523809523725,0.005818629074222814
R_1LZKI07AWpPDeKE,527,81,3049.6999999999884,532,82,3109.06,0.009398496240601517,0.012345679012345734,0.019464209594390214
R_1LbUTgaWmOcYHoQ,310,192,5971.919999999976,310,192,5971.920000000001,0.0,0.0,4.218847493575595e-15
R_1LcBezsxrOCPoma,377,112,2965.719999999997,378,113,3085.71,0.002645502645502673,0.008928571428571397,0.04045897792104558
R_1LcCULNDVzpY8B5,323,146,6009.539999999978,328,148,6069.100000000001,0.015243902439024404,0.013698630136986356,0.009910908322437795
R_1LcHRNTQP5Ht1tg,259,106,8014.929999999979,264,106,8095.510000000001,0.018939393939393923,0.0,0.010053737212929015
R_1Lcd7C42dsaZUig,646,240,11347.769999999951,660,245,11897.070000000002,0.021212121212121238,0.02083333333333326,0.04840598637441995
R_1Ld1FGLTStOykIS,6,6,88.91999999999999,6,6,88.91999999999999,0.0,0.0,0.0
R_1LdmaFBhWUcIaF7,450,278,7862.909999999967,455,281,8091.530000000001,0.01098901098901095,0.010791366906474753,0.029075749309102505
R_1LduYCKTqHZAamW,143,47,2218.0,147,48,2274.41,0.027210884353741527,0.02127659574468077,0.025432822362488672
R_1LhFM2BaxIGVUFr,301,118,7702.189999999984,305,118,7807.260000000002,0.013114754098360604,0.0,0.013641574669025047
R_1LhfOLPGAesRIV6,19,16,683.1800000000001,20,16,707.62,0.050000000000000044,0.0,0.035773880968412275
R_1LhrEPku3icyXBp,23,19,559.3800000000001,23,19,559.38,0.0,0.0,-2.220446049250313e-16
R_1LiA2fJVDUQ4IXM,135,95,7924.899999999983,136,95,7932.89,0.007352941176470562,0.0,0.001008214614697689
R_1LjSgCvVRqzw9aN,529,323,13689.879999999956,531,324,13735.820000000003,0.0037664783427495685,0.003095975232198178,0.0033557635275143216
R_1Lkg917fX5vUGok,154,78,4180.839999999985,161,80,4370.46,0.04347826086956519,0.02564102564102555,0.04535452205777224
R_1LoL695ixNZxVpn,188,98,2975.639999999994,190,99,3017.58,0.010526315789473717,0.010204081632652962,0.01409444690890238
R_1LqEf4VXuqbsVzA,250,181,4772.159999999984,254,185,4865.75,0.015748031496062964,0.022099447513812098,0.019611664319724387
R_1LulffFsNbmcr93,40,21,2658.929999999999,42,22,3670.0299999999997,0.04761904761904767,0.04761904761904767,0.38026574599557006
R_1Luv6L4DgyQNKdI,38,25,751.8600000000001,39,25,803.4100000000001,0.02564102564102566,0.0,0.06856329635836445
R_1Luv7PTSNMEjqFV,351,157,8796.529999999973,368,164,9694.720000000001,0.04619565217391308,0.04458598726114649,0.10210730822267755
R_1LwfsLJ5DG4OwEO,335,137,7274.829999999958,340,137,7431.9000000000015,0.014705882352941124,0.0,0.02159088253609287
R_1LzHohGU7DwEkFr,40,27,364.26999999999987,40,27,364.27000000000004,0.0,0.0,4.440892098500626e-16
R_1M3AyVBcoK62Enz,19,15,498.37,19,15,498.37,0.0,0.0,0.0
R_1M3NpvxQQpsbEzI,117,33,1016.2900000000004,118,33,1046.28,0.008474576271186418,0.0,0.029509293607139275
R_1M5mnTcAVcSRcli,250,95,6323.329999999977,251,95,6393.3200000000015,0.003984063745019917,0.0,0.011068535091482534
R_1MJSWPNY1QR0Q68,361,256,8133.099999999975,371,265,8347.46,0.02695417789757415,0.03515625,0.02635649383384253
R_1MMP47rgh3ubRwP,309,139,7836.809999999971,324,140,8031.46,0.04629629629629628,0.007194244604316502,0.02483791236485633
R_1MPUcBEwaqGfQoa,217,134,6929.419999999982,220,137,7369.39,0.013636363636363669,0.02238805970149249,0.06349304848025072
R_1MQ9xtfsmzwaDML,65,29,1493.5700000000002,67,31,1771.0800000000002,0.02985074626865669,0.06896551724137923,0.18580314280549293
R_1MQIBxrlXnpRlSN,149,74,5532.399999999989,149,74,5532.4,0.0,0.0,1.9984014443252818e-15
R_1MQJZk1ALfEkRX3,169,130,3888.1799999999903,179,136,4117.86,0.05586592178770955,0.04615384615384621,0.05907133928985031
R_1MR5moHBEzMpL1a,37,17,2427.1700000000005,38,17,2456.11,0.02631578947368418,0.0,0.011923351063172216
R_1MR5sQWJc19hOeY,45,25,2583.2299999999996,45,25,2583.2300000000005,0.0,0.0,4.440892098500626e-16
R_1MRiCPyfWGB5siw,36,16,932.44,36,16,932.44,0.0,0.0,0.0
R_1MRq2bN1HyXAyLJ,90,48,1720.2800000000009,91,48,1734.6699999999998,0.01098901098901095,0.0,0.008364917339037214
R_1MSOoW9gkEFmm8j,617,301,13692.049999999945,627,303,14694.280000000002,0.01594896331738438,0.006644518272425293,0.07319795063559242
R_1MSdx5jdOD4hvgV,51,39,1074.37,51,39,1074.3700000000001,0.0,0.0,2.220446049250313e-16
R_1MTbVUzYEQq2MzU,578,263,10565.149999999963,596,270,10986.370000000003,0.030201342281879207,0.026615969581748944,0.03986881397803543
R_1MTfhMzI3ijaGhX,177,82,3240.5799999999927,177,82,3240.58,0.0,0.0,2.220446049250313e-15
R_1MWGgHMNDdqJb2L,137,55,3281.6999999999957,144,56,3420.69,0.04861111111111116,0.018181818181818077,0.042353048724747655
R_1MXNkKRoumaX8uK,240,92,4572.209999999987,245,93,4785.98,0.020408163265306145,0.010869565217391353,0.04675419545471726
R_1MXUL8xOw2LkP30,285,92,5034.71999999999,289,92,5095.55,0.01384083044982698,0.0,0.012082101884515861
R_1MY7yxvExjQWTkv,468,269,7136.849999999965,473,270,7178.4400000000005,0.010570824524312905,0.0037174721189590088,0.005827500928285767
R_1MYWNvd6IFetpta,1322,273,13562.189999999986,1334,278,13910.58,0.008995502248875575,0.01831501831501825,0.025688329097292906
R_1MYdjbgZgAAC4Mx,1132,224,9009.93999999993,1133,224,9029.93,0.0008826125330979595,0.0,0.0022186607236087674
R_1MYrYnG98fauwrr,276,137,5510.179999999987,279,137,5544.76,0.010752688172043001,0.0,0.0062756570565778436
R_1N1YOGbiFkuF3OL,169,83,4357.719999999989,175,84,4571.03,0.03428571428571425,0.012048192771084265,0.048949909585749074
R_1N2pRfCrIwFtKcN,59,25,4165.989999999995,60,25,4176.99,0.01666666666666672,0.0,0.0026404288056391945
R_1N4VduE7gDj7UHY,285,103,7359.169999999978,291,105,7538.8099999999995,0.020618556701030966,0.01941747572815533,0.02441036149457365
R_1N52McSjcCnVqIm,10,9,242.71999999999997,10,9,242.72,0.0,0.0,2.220446049250313e-16
R_1N5g9DewPFrXN7Z,256,124,5083.6899999999805,261,127,5716.810000000001,0.019157088122605415,0.024193548387096753,0.12453945854291337
R_1N82O6CJHs0nGOl,33,25,665.98,34,25,677.4700000000001,0.02941176470588236,0.0,0.017252770353464175
R_1N82p883ADvIocT,110,41,1546.520000000001,113,41,1592.19,0.026548672566371723,0.0,0.0295308175775284
R_1N8EWV0P6ZdrhpK,65,39,2647.3999999999987,68,40,2816.8299999999995,0.044117647058823484,0.02564102564102555,0.06399864017526657
R_1N9BtdjOYs5v931,292,162,6966.9999999999745,302,164,7156.280000000001,0.0331125827814569,0.012345679012345734,0.02716807808239219
R_1N9pWwGB4wRs5qJ,39,27,932.4000000000004,39,27,932.4000000000001,0.0,0.0,-3.3306690738754696e-16
R_1N9qRfxsySxBONQ,912,330,20493.76000000009,946,335,22504.200000000004,0.03594080338266381,0.015151515151515138,0.09810010461720564
R_1NCxClJRs1CoC8r,115,58,4093.819999999997,115,58,4093.8200000000006,0.0,0.0,8.881784197001252e-16
R_1NCzj2eSHI4QGcd,2487,1023,42984.50000000022,2511,1025,44242.019999999975,0.009557945041816063,0.0019550342130987275,0.0292551966406438
R_1NDiWYuyBol2BgP,649,351,11516.279999999932,670,358,11967.700000000003,0.0313432835820896,0.019943019943019946,0.03919842171257337
R_1NDpAK5cXZeWOk0,24,16,2069.84,24,16,2069.84,0.0,0.0,0.0
R_1NDq0rxoUSu6oyz,2758,897,63383.03999999947,2823,906,65859.23999999996,0.02302515054906129,0.010033444816053505,0.03906723312735583
R_1NEVjqnQFBlnPsg,1545,610,45144.55,1588,617,47631.85999999997,0.027078085642317395,0.011475409836065653,0.055096573119013614
R_1NFde2vzLpu8IWT,405,226,8592.84999999996,416,228,8712.900000000001,0.02644230769230771,0.008849557522123908,0.013970917681565664
R_1Ne15WLtaDfzhn6,325,202,10199.629999999972,350,214,11426.06,0.0714285714285714,0.05940594059405946,0.12024259703538576
R_1Ne2JloUidBq219,16,3,782.74,16,3,782.7399999999999,0.0,0.0,-1.1102230246251565e-16
R_1NeoNgC1NTMpb9s,100,67,3108.859999999998,102,69,3124.5499999999997,0.019607843137254943,0.029850746268656803,0.005046866053795229
R_1NewMfEsTdiNbSy,649,274,10370.719999999965,657,277,10534.79,0.0121765601217656,0.010948905109489093,0.015820502337353215
R_1NfYBCMTmzHgXGh,3,2,47.919999999999995,3,2,47.919999999999995,0.0,0.0,0.0
R_1NfxGiJddqHvUUI,486,279,9808.08999999996,498,283,10137.25,0.02409638554216864,0.014336917562723928,0.03356005093754666
R_1NgAUlbpH2mgLYQ,934,501,29432.310000000045,958,507,29919.529999999984,0.025052192066805867,0.011976047904191711,0.01655391642721682
R_1NgAWSeub1pgOGj,439,284,11281.089999999956,452,293,11668.880000000003,0.028761061946902644,0.03169014084507049,0.0343752243799178
R_1NglQq1cT6f3iyC,210,98,5634.969999999981,212,98,5916.170000000001,0.009433962264150941,0.0,0.04990266141612487
R_1Nh9okz5clSAlfl,175,125,4103.449999999993,186,130,5031.64,0.05913978494623651,0.040000000000000036,0.2261974679842591
R_1Nk57CWNWLZRoiL,85,70,1838.7000000000005,85,70,1838.6999999999998,0.0,0.0,-3.3306690738754696e-16
R_1NlGZCWpxXc8mjn,326,225,9186.84999999998,330,226,9292.5,0.012121212121212088,0.004444444444444473,0.011500133342769336
R_1Nm3YmRfVbFlyxr,57,35,2740.55,57,35,2740.5499999999997,0.0,0.0,-1.1102230246251565e-16
R_1Nnv2IYQFpUwHrr,300,149,5748.60999999998,301,149,5782.6,0.0033222591362126463,0.0,0.005912733686929572
R_1NqX2rcME0JPYC0,24,15,591.1700000000001,25,15,611.6600000000001,0.040000000000000036,0.0,0.034660080856606434
R_1NqqyzucNoF60vO,5,4,68.58,5,4,68.58,0.0,0.0,0.0
R_1Nt5TRV4pOyaNDt,488,201,7835.33999999995,501,202,8114.340000000001,0.02594810379241519,0.004975124378109541,0.035607899593387504
R_1NwE45kvtaPdPCt,47,17,982.61,47,17,982.61,0.0,0.0,0.0
R_1NwaJL5HIqAmg3v,27,21,627.46,27,21,627.46,0.0,0.0,0.0
R_1NxFdNqQPtjjSci,150,51,2980.269999999995,152,52,2997.24,0.013157894736842146,0.019607843137254832,0.00569411496273986
R_1NySziOu3paaWyj,650,372,19924.950000000055,667,376,21513.909999999993,0.025487256371814038,0.010752688172043001,0.07974725156148099
R_1OB35RwuRIwi8tf,7,2,201.21999999999997,7,2,201.21999999999997,0.0,0.0,0.0
R_1OB5P2ZPguPBd8T,28,14,623.0100000000002,28,14,623.0100000000001,0.0,0.0,-2.220446049250313e-16
R_1OBGRKo14yqf56y,115,63,2035.6400000000012,117,64,2061.3999999999996,0.017094017094017144,0.015873015873015817,0.01265449686584974
R_1ODe1SMZqOWRciN,134,66,4220.7399999999925,134,66,4220.74,0.0,0.0,1.7763568394002505e-15
R_1ODhd1JuDR58zaI,71,50,2998.7599999999984,76,52,3773.0,0.06578947368421051,0.040000000000000036,0.2581867171764336
R_1OIDizdfPJbwBnV,551,289,13185.219999999936,575,296,13796.72,0.04173913043478261,0.02422145328719716,0.04637768653083274
R_1OJZKQM4ZrHncBJ,809,390,16701.71999999991,829,394,17217.36,0.024125452352231624,0.01025641025641022,0.030873466924370208
R_1OK4kjlIGd3SHzR,73,37,2319.6599999999994,74,37,2371.99,0.013513513513513487,0.0,0.022559340593018007
R_1OK73VTU4KtCpkI,229,104,5959.569999999983,233,104,6216.49,0.01716738197424894,0.0,0.04311049287113278
R_1OMKeKICcW0F652,362,104,10355.70999999997,368,105,10743.720000000001,0.016304347826086918,0.009615384615384581,0.03746821801692324
R_1ONrCkUEhKm1LZY,266,163,4648.899999999976,271,166,4716.83,0.01845018450184499,0.018404907975460016,0.014612058766595215
R_1ONsVOpSDE6jAfT,2255,881,47769.52000000002,2331,890,49870.27999999996,0.03260403260403255,0.010215664018161208,0.0439769962101344
R_1OOHz5RhknrMb71,94,42,2185.2,94,42,2185.2000000000003,0.0,0.0,2.220446049250313e-16
R_1OUCXzz9tA7EnDD,65,31,1795.970000000001,65,31,1795.97,0.0,0.0,-5.551115123125783e-16
R_1OULU4qXZSClHig,103,50,1744.220000000001,103,50,1744.2200000000003,0.0,0.0,-4.440892098500626e-16
R_1OUlnkhW3dDI5OS,519,218,11979.93999999994,525,218,12088.360000000002,0.011428571428571455,0.0,0.009050128798646861
R_1OYNqFNHdMPgU8R,173,63,6484.659999999989,182,65,7287.14,0.0494505494505495,0.031746031746031855,0.12375051274855009
R_1OYP3GlJXueiqir,206,129,9164.539999999975,212,133,9442.51,0.028301886792452824,0.03100775193798455,0.0303310368005405
R_1OYP3LK9YZu0Gig,839,384,13873.779999999952,874,396,14653.630000000001,0.040045766590389054,0.03125,0.05621034786482504
R_1OZUQwC9oyVRYlu,807,425,10904.979999999934,853,440,11482.380000000003,0.05392731535756157,0.03529411764705892,0.052948286012452384
R_1OdAv6xEiMTPsbf,211,80,8097.749999999981,220,80,8236.59,0.040909090909090895,0.0,0.017145503380571192
R_1OiPcwBGmhUHeZF,232,142,5218.599999999983,235,143,5316.57,0.012765957446808529,0.007042253521126751,0.018773234200746725
R_1OjcHe0kRKvUW0z,16,14,307.5,16,14,307.5,0.0,0.0,0.0
R_1OkoXmNAIM2ExN2,96,72,1514.9700000000005,99,75,1546.94,0.030303030303030276,0.04166666666666674,0.021102728106827007
R_1Old6FsuUzbiU9r,49,25,608.5900000000003,50,25,612.31,0.020000000000000018,0.0,0.006112489524967124
R_1OlyKZYuQUE5Cgc,414,247,10965.27999999997,418,248,11056.58,0.009569377990430672,0.004048582995951344,0.00832628076985098
R_1OoDfTebvrkVh17,322,192,10324.059999999969,332,195,11106.960000000001,0.030120481927710885,0.015625,0.07583256974485186
R_1OoTwO6DAhxUf8x,154,80,3892.749999999992,158,80,3977.05,0.025316455696202556,0.0,0.021655641898403077
R_1Oov0G05pkQnKNn,741,419,14649.309999999923,746,422,14727.57,0.006702412868632712,0.007159904534606243,0.00534223113580623
R_1OpBOVBIiQpQOdY,857,450,12641.689999999937,871,455,13030.179999999998,0.016073478760045945,0.011111111111111072,0.03073085956071253
R_1OpmXXHjsxHBvog,244,126,7574.739999999978,245,126,7593.730000000001,0.004081632653061273,0.0,0.0025070167424918743
R_1OprtP8diGQibgy,203,128,2930.039999999995,203,128,2930.04,0.0,0.0,1.7763568394002505e-15
R_1Oq3DG0zY5vXXn7,293,190,6731.369999999979,299,191,6895.07,0.02006688963210701,0.0052631578947368585,0.024318972215168877
R_1OqVCuM7fGds9xh,1094,207,14240.759999999906,1107,211,15092.539999999999,0.011743450767841002,0.019323671497584627,0.05981281897876922
R_1OrGvhuVOsDWJUp,44,26,763.9400000000002,44,26,763.9400000000002,0.0,0.0,0.0
R_1OrTsiPCkAlmb0N,290,137,5507.589999999982,297,139,5602.0,0.023569023569023573,0.014598540145985384,0.017141798863026914
R_1OwPHmxBaFuAS1q,642,210,13807.039999999935,663,211,14185.770000000002,0.03167420814479638,0.004761904761904745,0.0274302095163097
R_1Owwa72zuqchWxY,419,126,7094.009999999955,426,129,7202.840000000001,0.016431924882629123,0.023809523809523725,0.015341111726660417
R_1OxFLrUyPQnVvhR,98,50,2672.8099999999968,100,50,2730.4400000000005,0.020000000000000018,0.0,0.021561577515799346
R_1P0LqZV0oEW37kP,109,60,4576.149999999993,110,60,4590.13,0.009090909090909038,0.0,0.0030549697890163152
R_1P0kCmz0zdMSEld,410,231,10770.039999999952,433,242,11700.45,0.053117782909930744,0.04761904761904767,0.08638872279026377
R_1P12IAJWGMZsnVd,479,227,11010.349999999971,491,230,11321.439999999999,0.024439918533604943,0.013215859030837107,0.02825432434028241
R_1P1A6wWO5XPAIPg,117,46,4974.039999999993,123,47,5112.7699999999995,0.04878048780487809,0.021739130434782705,0.02789080908074859
R_1P4URZhhvR2M604,346,213,8399.11999999997,348,214,8441.250000000002,0.005747126436781658,0.0046948356807512415,0.005016001676369841
R_1P5ErlPGjubgaax,74,44,1752.4600000000007,74,44,1752.46,0.0,0.0,-4.440892098500626e-16
R_1P6kulS3ccGeGBa,86,66,2317.5599999999986,89,66,2362.53,0.0337078651685393,0.0,0.01940402837467059
R_1PRE6htgNiTE6sa,514,237,7641.989999999958,535,240,8022.250000000001,0.03925233644859816,0.012658227848101333,0.04975929044660421
R_1PUcgnVG2i0EBz4,3040,618,51267.25000000005,3105,623,52756.72,0.020933977455716568,0.008090614886731462,0.02905305043668127
R_1PYPmKqQr85ZxYc,212,73,1243.6500000000012,213,73,1247.34,0.0046948356807511304,0.0,0.002967072729464615
R_1PYj89tLuB6NrO0,258,126,6291.969999999979,262,128,6342.59,0.01526717557251911,0.015873015873015817,0.008045175040571007
R_1PZ4RLWFoejyITM,84,38,2047.0800000000008,84,38,2047.08,0.0,0.0,-4.440892098500626e-16
R_1PaWyy52p6QVJzy,70,33,4000.189999999997,72,33,4409.12,0.02777777777777779,0.0,0.10222764418690189
R_1PcttxbjmIpzZ9t,342,183,9331.669999999966,349,185,9446.25,0.02005730659025784,0.010928961748633892,0.012278616796354225
R_1Pd540Yi7vg2fS3,17,4,371.0700000000001,17,4,371.07000000000005,0.0,0.0,-1.1102230246251565e-16
R_1PdfnI1HKjhU1Re,182,100,5648.419999999985,183,100,5666.420000000001,0.005464480874316946,0.0,0.0031867318648430842
R_1PeqopBBLP0TtXA,88,67,2139.6400000000003,88,67,2139.6400000000003,0.0,0.0,0.0
R_1Q0MPooXbStQQhO,67,28,1294.9900000000002,70,28,1336.4699999999998,0.042857142857142816,0.0,0.03203113537556246
R_1Q3AyE3HMTBGZ4v,323,118,5611.579999999971,325,119,5677.06,0.006153846153846176,0.008474576271186418,0.011668727880566498
R_1Q3YqoPwNpKkGrB,14,11,825.96,14,11,825.96,0.0,0.0,0.0
R_1Q62CIVb2WAS8hB,562,308,17255.719999999954,568,309,17511.6,0.010563380281690127,0.0032467532467532756,0.014828706075437292
R_1Q9JeeKncbbLcz0,2320,779,59121.72999999951,2430,791,62453.77999999997,0.04526748971193417,0.015404364569961526,0.05635914239993456
R_1Q9O3vi1WWPbWtk,124,50,1880.500000000001,125,50,1889.49,0.008000000000000007,0.0,0.004780643445891464
R_1QAdgChcm0LQ6CE,131,45,1664.6300000000003,138,48,1978.2399999999998,0.050724637681159424,0.06666666666666665,0.18839622018106095
R_1QB1ztGTGqYRyPX,175,89,9625.679999999986,181,92,9973.54,0.03314917127071826,0.03370786516853941,0.03613874552239582
R_1QF3XP54i5CY4l4,333,166,9697.55999999996,340,166,10380.400000000001,0.020588235294117685,0.0,0.07041358857280033
R_1QG7SsKpYQgSIAF,548,152,12640.529999999952,558,155,13294.37,0.017921146953404965,0.019736842105263053,0.05172567922389737
R_1QJDCnwRoXCQWZO,51,30,1960.6100000000004,52,30,1974.1100000000001,0.019230769230769273,0.0,0.006885612130918428
R_1QKu8qtvgo0d1uS,729,375,11869.389999999938,734,377,11980.520000000002,0.006811989100817484,0.005333333333333412,0.00936273894446682
R_1QLfbB3Lho273wG,1511,525,39832.3700000001,1564,534,41377.029999999984,0.03388746803069054,0.017142857142857126,0.03877901314935284
R_1QLtq9IxnM5iU7c,16,14,1556.46,16,14,1556.46,0.0,0.0,0.0
R_1QMDaPkVnGwBGJf,159,69,4518.039999999988,164,70,4709.06,0.030487804878048808,0.01449275362318847,0.04227939549008264
R_1Qa8m0zuQtcKx67,88,69,1110.87,92,72,1749.8300000000002,0.04347826086956519,0.04347826086956519,0.5751888159730665
R_1QbE8mmoK6aNH9T,47,35,930.7600000000004,47,35,930.7599999999999,0.0,0.0,-6.661338147750939e-16
R_1QbXTBxp4gQeTaM,381,163,11902.19999999998,384,164,12747.580000000002,0.0078125,0.006134969325153339,0.07102720505452953
R_1Qc2nux7GJ7vVuH,288,155,12499.589999999982,290,155,13348.540000000003,0.006896551724137945,0.0,0.06791822771787093
R_1Qcnm6Phc1DkWqS,29,21,713.19,29,21,713.19,0.0,0.0,0.0
R_1Qcs0yA8Nr6teOo,18,10,387.6900000000001,18,10,387.69,0.0,0.0,-3.3306690738754696e-16
R_1QfRrCll2CbcTFM,149,119,5201.729999999986,151,121,5235.71,0.013245033112582738,0.01680672268907557,0.006532442091383928
R_1QgCk1rGPI0P6Ae,114,72,2746.1599999999967,116,72,2770.7,0.017241379310344862,0.0,0.00893611442887643
R_1QgWXnlpERvWjrY,89,49,1515.4100000000003,91,50,1577.39,0.02197802197802201,0.020408163265306145,0.04089982249028301
R_1QgwH8nezKJlxLB,99,47,2435.0499999999993,102,48,2509.79,0.02941176470588236,0.02127659574468077,0.03069341491961186
R_1QhEPMXONBU12sq,239,145,6278.569999999985,248,148,6608.499999999999,0.03629032258064513,0.020689655172413834,0.05254858988591593
R_1QhKXo3FefH4Bab,1156,611,32052.97000000044,1187,619,33036.43999999998,0.02611625947767482,0.013093289689034338,0.03068264812900412
R_1QlNhkrA0pIwVAs,26,10,1313.68,26,10,1313.6799999999998,0.0,0.0,-2.220446049250313e-16
R_1QlQmuoSYcXfCSG,3,3,219.48,4,3,419.46999999999997,0.25,0.0,0.9111991981046108
R_1Qlu9zbB0XgXZ3s,213,68,5683.859999999982,217,69,6001.830000000001,0.018433179723502335,0.014705882352941124,0.0559426164613519
R_1QnGxCVpumQBm7E,585,201,15850.359999999924,605,202,16450.55,0.03305785123966942,0.004975124378109541,0.037866016923279844
R_1QnrzFsIBd6G3N9,427,228,8149.129999999958,434,231,8417.07,0.016129032258064502,0.013157894736842035,0.03287958346474329
R_1QoPHtffEy2UzWJ,324,224,8840.299999999983,337,229,9098.470000000001,0.03857566765578635,0.022321428571428603,0.029203760053393868
R_1QozBaV2v9k1qO9,316,99,6009.449999999976,324,99,6199.1,0.024691358024691357,0.0,0.03155862849346036
R_1QsBQXKcvaivx1j,268,114,5530.179999999981,270,114,5589.16,0.007407407407407418,0.0,0.010665113974593687
R_1QsZS0nI2sw5gl5,661,290,14818.779999999952,671,291,15267.280000000002,0.014903129657228065,0.0034482758620688614,0.03026564939894194
R_1QtQEfi1VAWgRM0,3842,861,73448.78000000006,3884,866,74216.94999999998,0.010813594232749746,0.005807200929152101,0.010458580796031347
R_1QtkxqZLOSdoIDI,186,111,5806.969999999987,192,115,6188.620000000001,0.03125,0.03603603603603611,0.0657227435306218
R_1QuSUnjdiniq8jy,450,187,8639.70999999997,452,187,8661.23,0.004424778761061954,0.0,0.0024908243448020784
R_1QuT8Zf9NLAgbX4,219,170,6270.1099999999815,220,171,6307.090000000001,0.004545454545454519,0.00588235294117645,0.005897823164189964
R_1QupmKjSh9fA4l4,519,276,15977.94999999994,536,281,17912.62,0.03171641791044777,0.018115942028985588,0.12108374353406193
R_1QutEVkZz69QFR7,476,170,10411.57999999995,493,178,11024.85,0.03448275862068961,0.04705882352941182,0.05890268335834259
R_1QxWJ4eONQD2REs,104,47,2044.4100000000008,108,47,2096.34,0.03703703703703709,0.0,0.02540097142940967
R_1QyGzHCOIStR4Ui,311,181,11637.299999999968,314,182,12073.27,0.009554140127388533,0.005524861878453136,0.037463157261566904
R_1Qyzwfx5HrXdw4U,564,203,6639.389999999958,575,209,6891.39,0.019130434782608674,0.029556650246305383,0.037955294085758595
R_1Qz3qj05Z7L5MrZ,73,33,2018.28,73,33,2018.28,0.0,0.0,0.0
R_1RFaLdtXxWmh7RT,129,89,4504.569999999991,133,90,4683.49,0.03007518796992481,0.011235955056179803,0.03971966247610981
R_1Ri2PvXp7pnqqyt,67,36,2191.770000000001,68,36,2221.7200000000003,0.014705882352941124,0.0,0.0136647549697273
R_1SvBiUOkCrlBTKV,46,34,1132.2800000000002,47,35,1140.27,0.021276595744680882,0.02941176470588225,0.007056558448440109
R_1TiazSpgYGmuW9X,31,23,562.2499999999999,31,23,562.25,0.0,0.0,2.220446049250313e-16
R_1TvhpEMhVBwUasN,378,172,12202.55999999997,389,176,12976.85,0.028277634961439535,0.023255813953488413,0.06345307869824302
R_1Xhiz3TBoe2gQdH,665,341,14425.379999999916,680,349,14749.090000000002,0.022058823529411797,0.02346041055718473,0.022440310064628433
R_1Y4dGwaFnIeeNeF,8,5,175.89,8,5,175.89,0.0,0.0,0.0
R_1Y749UrP3H63nsR,1123,324,20528.780000000075,1138,331,20757.369999999995,0.013181019332161648,0.021604938271605034,0.011135099114507607
R_1ZmrvpO6K4KDhaF,144,50,4913.999999999992,147,50,4960.530000000001,0.020408163265306145,0.0,0.0094688644688663
R_1cSKDh8brnAicte,100,37,3557.6999999999944,105,37,3751.6100000000006,0.04761904761904767,0.0,0.0545043145852675
R_1cUrY5EuyLHnEhf,406,143,17763.589999999986,423,144,19786.5,0.04018912529550822,0.006993006993007089,0.11387957051474484
R_1cYOJAbPFoatHTg,157,82,4290.4899999999925,160,82,4524.459999999999,0.018750000000000044,0.0,0.05453223291512321
R_1cYTBjpzLmoD0o6,312,170,13084.35999999999,314,171,13156.26,0.006369426751592355,0.00588235294117645,0.005495110192627717
R_1cYxarQPFQxNRHB,374,148,11265.25999999998,377,148,11368.23,0.007957559681697646,0.0,0.00914049032157438
R_1cZfyoMTmga6Jem,428,256,8612.769999999959,442,264,9544.68,0.03167420814479638,0.03125,0.10820096205983054
R_1d02LBY83RUbFAj,390,220,15014.619999999964,406,223,15770.920000000002,0.039408866995073843,0.013636363636363669,0.050370905157775425
R_1d0GcZ7p11vQMGl,173,80,5897.289999999991,173,80,5897.29,0.0,0.0,1.5543122344752192e-15
R_1d4EqY6QNpI4BOG,145,63,4065.599999999992,145,63,4065.6,0.0,0.0,1.9984014443252818e-15
R_1d53jiCj5wF9MDy,647,278,14206.179999999931,658,280,14488.650000000001,0.016717325227963542,0.007194244604316502,0.01988359995439115
R_1d6V903Xy4VOFla,176,75,3964.989999999989,179,76,4064.5600000000004,0.016759776536312887,0.01333333333333342,0.025112295365186776
R_1dAhJdFXHV5xmMG,401,208,14468.959999999952,412,214,15059.749999999998,0.02669902912621358,0.028846153846153744,0.04083154559830482
R_1dAp3oDIZaH4ggg,765,436,13929.679999999931,773,438,14209.27,0.010349288486416586,0.004587155963302836,0.020071530717149955
R_1dEK26hH8SPqc9F,155,55,3563.019999999998,161,56,3644.399999999999,0.037267080745341574,0.018181818181818077,0.022840174907803323
R_1dEORt9BZBN76Bt,444,201,10713.889999999948,452,203,10831.210000000001,0.017699115044247815,0.00995024875621886,0.010950271096684228
R_1dEuiympk4ngwO2,157,66,3666.869999999993,164,66,3795.4900000000002,0.04268292682926833,0.0,0.035076236681422346
R_1dFVQ2MB95HFdqY,4,3,45.14,4,3,45.14,0.0,0.0,0.0
R_1dFu7LeBJE3Wd6p,665,319,25068.250000000055,684,323,26385.08,0.02777777777777779,0.012539184952978122,0.05252979366329691
R_1dGJJ0N03cLSnkk,8,4,129.65,8,4,129.65,0.0,0.0,0.0
R_1dKBjc0UTA0ZiYb,1263,606,27480.800000000327,1295,615,28898.57999999999,0.024710424710424728,0.014851485148514865,0.051591656720315626
R_1daA74lMpRe8vI5,74,20,1219.92,75,20,1230.9,0.013333333333333308,0.0,0.009000590202636216
R_1daE3vUDxFrSw4I,445,285,11229.689999999962,457,290,11390.880000000001,0.026258205689277947,0.01754385964912286,0.014353913598686985
R_1daZ7tWSMODSGGp,195,83,4265.909999999988,198,84,4540.860000000001,0.015151515151515138,0.012048192771084265,0.06445283655773637
R_1dbENh0mO7Jktjr,3,2,42.77,3,2,42.769999999999996,0.0,0.0,-1.1102230246251565e-16
R_1dc3X6XrF0clV3s,405,163,9878.31999999996,423,165,10980.529999999999,0.04255319148936165,0.012269938650306678,0.11157868949376448
R_1di9Sd5sV58LBt2,73,29,1944.9700000000007,73,29,1944.9700000000003,0.0,0.0,-2.220446049250313e-16
R_1dlSByn2AyHWx7r,698,351,30207.910000000204,722,361,32977.759999999995,0.03324099722991691,0.028490028490028463,0.0916928711718148
R_1dnt2vJuBD1A90P,491,176,6325.589999999957,499,176,6512.92,0.01603206412825653,0.0,0.02961462883304855
R_1dpjyNliPgQ1lKK,183,109,3222.379999999996,187,111,3289.56,0.021390374331550777,0.0183486238532109,0.020847944686847697
R_1dppjLIFEdj7Kq5,218,136,7505.889999999979,224,138,7622.750000000002,0.0267857142857143,0.014705882352941124,0.015569106395113996
R_1dpqMNgAnhRiLQZ,98,55,3124.229999999999,99,55,3135.21,0.010101010101010055,0.0,0.0035144659644139598
R_1drSsuQ7GIFdz5Z,174,105,4217.489999999992,182,108,4440.1900000000005,0.04395604395604391,0.02857142857142847,0.0528039189186007
R_1ds30eciekBXDER,1867,846,52957.09999999979,1915,858,54971.79999999996,0.025065274151436,0.014184397163120588,0.03804400165417254
R_1dskEAgtGDCt6s5,273,178,5597.089999999978,277,179,5649.230000000001,0.014440433212996373,0.00561797752808979,0.009315555047359148
R_1dt2pwnEJkg5a7A,235,60,11092.18,240,60,11513.04,0.02083333333333337,0.0,0.03794204565739112
R_1dtMYWgfWdjy9cY,32,16,766.6600000000001,33,16,773.3199999999999,0.030303030303030276,0.0,0.00868703206114807
R_1dvtjhAKJGVZLoc,246,94,5474.609999999985,251,94,5568.42,0.019920318725099584,0.0,0.017135467183966524
R_1dyFQKx9yg2YTmC,85,40,6789.099999999993,90,44,7450.719999999998,0.05555555555555558,0.10000000000000009,0.09745327068389131
R_1dyqbVnXomwItTl,753,295,17776.829999999987,777,296,18374.27,0.030888030888030937,0.003389830508474523,0.03360779171539652
R_1eDabE58dk65Lyy,212,89,4430.159999999992,218,91,4523.37,0.02752293577981646,0.022471910112359605,0.02103987214908898
R_1eEsLZ6SYLsIG0s,506,273,16253.789999999944,517,274,16668.3,0.021276595744680882,0.00366300366300365,0.02550235975732784
R_1eFOnpA8C2KGexR,284,120,8969.87999999997,289,121,9045.04,0.01730103806228378,0.008333333333333304,0.008379153344306944
R_1eFv0mPpH4dM2mG,499,217,11686.64999999995,504,218,11800.450000000003,0.009920634920634885,0.004608294930875667,0.009737606585296321
R_1eK2urpNgyTmOuU,432,250,5147.409999999966,443,253,5335.47,0.02483069977426633,0.01200000000000001,0.03653487870599692
R_1eK6FkpZCI7P6zo,170,124,6090.27999999999,173,125,6198.250000000001,0.017341040462427793,0.008064516129032251,0.01772824894750502
R_1eK7QgmUExJQ7Dh,484,186,8734.219999999967,487,187,8790.1,0.006160164271047264,0.005376344086021501,0.006397823732403607
R_1eKaRU9VDx0Cf3s,91,53,2563.289999999999,92,54,2574.3700000000003,0.010869565217391353,0.018867924528301883,0.00432256982237722
R_1eLARPfQt7BNOE7,325,97,5461.299999999981,336,97,5709.199999999999,0.03273809523809523,0.0,0.04539212275465898
R_1eOAA9WI8uZjYbx,613,332,10413.289999999952,620,336,10500.5,0.011290322580645107,0.012048192771084265,0.008374874799419674
R_1ePFtJLT63QEZUA,369,235,11061.11999999997,372,237,11156.500000000002,0.008064516129032251,0.008510638297872353,0.008622996586243659
R_1ePQwiSF1D69tzb,380,189,12762.039999999974,386,191,13112.940000000002,0.015544041450777257,0.010582010582010692,0.02749560415106278
R_1eQ310Uea5DrogF,141,78,7227.219999999989,142,78,7242.21,0.007042253521126751,0.0,0.002074103182137854
R_1eQnJj8K1vtPl5u,1429,189,16138.709999999892,1434,189,16950.82,0.0034867503486750717,0.0,0.05032062661762393
R_1eQqFeBM4MatSbX,234,81,5873.179999999982,237,82,5939.22,0.012658227848101222,0.012345679012345734,0.011244334415090096
R_1eRF02QL0cAkzuK,61,32,2328.4999999999995,62,32,2494.3999999999996,0.016129032258064502,0.0,0.0712475842817264
R_1eWdieBjoYJXAYv,970,384,27256.650000000252,1002,388,27949.489999999998,0.031936127744510934,0.01041666666666674,0.025419117903327848
R_1eWqoB1QIjLQTs2,110,45,4289.599999999996,110,45,4289.6,0.0,0.0,1.1102230246251565e-15
R_1eXcCdLEuOijpZN,242,156,9239.009999999977,250,158,9565.960000000001,0.03200000000000003,0.012820512820512775,0.03538799070463461
R_1eY3IFJxdbNlGKz,243,104,5972.7799999999825,244,104,5977.099999999999,0.004098360655737654,0.0,0.0007232812861042159
R_1erhO8tofEyVnjc,149,63,4936.209999999989,154,65,5004.47,0.03246753246753242,0.031746031746031855,0.013828423020902925
R_1es0ZAh99KXD78e,570,216,18597.73000000003,588,223,19384.289999999997,0.030612244897959218,0.03240740740740744,0.042293333648782294
R_1esG9Jlh9NISLaO,340,189,6373.03999999997,353,193,6496.12,0.03682719546742208,0.021164021164021163,0.01931260434581139
R_1esZtPsHuOA5LXM,43,22,3044.119999999997,43,22,3044.12,0.0,0.0,8.881784197001252e-16
R_1escXXhyvAgsBYq,639,253,20111.70000000008,657,257,20696.319999999996,0.0273972602739726,0.015810276679841806,0.029068651580916205
R_1et68OMwPsnfEX9,230,101,3610.519999999991,234,102,3649.4000000000005,0.017094017094017144,0.00990099009900991,0.010768531956618421
R_1ewN7JPVQlVBeKw,242,155,5445.929999999984,248,156,5596.59,0.024193548387096753,0.006451612903225712,0.027664696387947885
R_1ewSs1s8XEonRw7,139,63,6212.359999999992,142,63,6408.19,0.021126760563380254,0.0,0.03152264195893473
R_1ewXi7AGxIOjtC1,385,146,6027.639999999976,389,148,6343.02,0.010282776349614386,0.013698630136986356,0.052322301929117465
R_1exXWjxYQMfIn3X,91,44,1786.0300000000004,94,44,1825.0900000000001,0.03191489361702127,0.0,0.0218697334311293
R_1exepO2lYqHFR9q,1118,278,29641.94000000028,1133,279,30149.37,0.013239187996469504,0.003597122302158251,0.017118650128828072
R_1ez4JQNwmuGXkQX,634,273,18662.119999999984,644,274,18859.21,0.01552795031055898,0.00366300366300365,0.010560965206526163
R_1ezavRhXbeNQUT1,588,313,15707.239999999949,605,320,16239.12,0.028099173553719048,0.022364217252396124,0.03386209162144671
R_1f0BheVrUHXS92R,523,252,14312.359999999944,530,252,14410.410000000002,0.013207547169811318,0.0,0.006850722033267642
R_1f1Myjt3mEazBt1,105,40,1861.8400000000004,106,40,1874.8100000000002,0.009433962264150941,0.0,0.006966226958277755
R_1f1PzEZw8H2N4zm,210,139,4096.6499999999905,214,142,4232.42,0.01869158878504673,0.021582733812949728,0.03314171335115512
R_1f1SLKwUDjWMgAL,675,318,12338.499999999942,700,320,12878.810000000003,0.0357142857142857,0.0062893081761006275,0.043790574218913525
R_1f1b2XV62MRdXjw,357,212,5024.269999999981,364,214,5139.3,0.019230769230769273,0.009433962264151052,0.02289486830923093
R_1f3LFOK55u1EHpB,455,260,7270.699999999963,474,268,7666.550000000001,0.04008438818565396,0.03076923076923066,0.054444551418713516
R_1f3ircaL7arnTwY,22,10,293.79,23,11,363.78999999999996,0.04347826086956519,0.10000000000000009,0.23826542768644243
R_1f7plMa073k542e,26,13,766.7,27,13,794.69,0.03703703703703709,0.0,0.03650710838659199
R_1f88A1YFQZhtSi8,790,242,14144.39999999994,797,244,14408.989999999998,0.008782936010037656,0.008264462809917328,0.01870634314640851
R_1f8djFeX49OmFTe,173,104,8661.629999999986,176,107,8926.56,0.017045454545454586,0.028846153846153744,0.030586621686681692
R_1f8yxdZsr1sGMzz,1121,507,22544.440000000064,1139,509,22811.92,0.015803336259877065,0.0039447731755424265,0.011864566163538814
R_1fZu6G1cmcRQS66,417,217,10595.849999999948,438,225,11476.130000000001,0.047945205479452024,0.03686635944700467,0.08307780876475768
R_1fdU4zXyYB0wfPs,66,44,921.6500000000004,69,44,1020.9699999999998,0.04347826086956519,0.0,0.10776325069169346
R_1feijJrorGlQcf8,45,30,1334.2800000000004,46,31,1354.27,0.021739130434782594,0.03333333333333344,0.01498186287735681
R_1fgdpQZVwvCODNQ,349,176,5793.859999999972,365,180,6038.76,0.043835616438356206,0.022727272727272707,0.0422688846468553
R_1fk15T90bcbmdPj,116,84,3287.109999999996,121,86,3676.54,0.04132231404958675,0.023809523809523725,0.11847184913191366
R_1flTEAfZ0m6il4S,28,13,955.8000000000002,28,13,955.8000000000002,0.0,0.0,0.0
R_1flwKLMqaye34Pb,459,235,12237.079999999956,466,236,12424.26,0.015021459227467782,0.004255319148936065,0.015296132737552037
R_1g0Ct5kAy0sEIR8,5,4,159.84,5,4,159.84,0.0,0.0,0.0
R_1g0gCzG1DmCEKob,213,140,6012.409999999983,218,142,6087.580000000001,0.022935779816513735,0.014285714285714235,0.01250247404951077
R_1g1ETJCIHel9KJl,117,65,2869.2699999999995,119,65,2907.21,0.01680672268907568,0.0,0.013222875504919518
R_1g1LuqDCZMfkMUl,1506,628,29888.26000000027,1534,632,30895.74999999999,0.018252933507170832,0.006369426751592355,0.03370855312419363
R_1g1hICnzAO1Z46y,642,298,9053.189999999931,647,299,9109.500000000002,0.007727975270479082,0.003355704697986628,0.006219907016208781
R_1g1rV2pCaPER2B3,171,91,3494.2799999999925,171,91,3494.2799999999997,0.0,0.0,1.9984014443252818e-15
R_1g6IilzUPP9npt5,722,370,17289.20999999998,737,373,18351.660000000003,0.020352781546811416,0.008108108108108025,0.0614516221388961
R_1gA6PzF5y6bO9xs,192,81,4137.309999999993,197,82,4242.55,0.025380710659898442,0.012345679012345734,0.025436817642382925
R_1gBFjjzA3U3mmXf,303,109,6841.029999999974,308,109,6957.78,0.016233766233766267,0.0,0.017066143548563062
R_1gBYlosm86Ft85m,63,25,1240.6400000000003,63,25,1240.64,0.0,0.0,-2.220446049250313e-16
R_1gG5xibh48txT6f,568,269,12717.419999999942,577,269,12851.880000000001,0.01559792027729634,0.0,0.010572899220129495
R_1gIWs2DmzyxwvCs,104,62,1897.070000000001,105,63,2347.06,0.00952380952380949,0.016129032258064502,0.23720263353487137
R_1gLN6X8yWeRB4qo,111,58,3854.149999999994,114,60,3899.1200000000003,0.02631578947368418,0.034482758620689724,0.011667942347860505
R_1gNnwhhp9aWd28o,94,34,1275.6800000000003,98,37,1336.48,0.04081632653061229,0.08823529411764697,0.047660855386930656
R_1gO6r9C8The1dP4,325,198,9054.199999999972,329,201,9306.11,0.012158054711246202,0.015151515151515138,0.02782244704115544
R_1gOW8sB3B8SIZSx,91,60,3049.9399999999964,93,61,3154.9200000000005,0.021505376344086002,0.016666666666666607,0.034420349252773486
R_1gOX88nojaBXOt2,274,102,7427.479999999977,277,102,7464.96,0.010830324909747335,0.0,0.0050461260077474535
R_1gOpQc11VMx5hm4,314,173,7880.169999999973,326,175,8259.04,0.036809815950920255,0.011560693641618602,0.04807891200317127
R_1gOvSHnmB0FOZ67,98,45,3094.7299999999973,99,46,3249.7300000000005,0.010101010101010055,0.022222222222222143,0.05008514474606929
R_1gRWk2lFzQuy1iG,217,87,6213.49999999998,221,87,6354.38,0.018099547511312264,0.0,0.022673211555487294
R_1gSeKWi6I0848rp,131,74,2906.809999999999,135,76,3078.77,0.029629629629629672,0.027027027027026973,0.05915763328184531
R_1gTQqpDTAFyI1fr,82,22,1380.8400000000004,82,22,1380.84,0.0,0.0,-3.3306690738754696e-16
R_1gTknoJRTcRkQ8E,322,166,9529.239999999969,331,169,9670.95,0.027190332326283984,0.01807228915662651,0.014871070515595441
R_1gTncWbI4hULAit,1022,334,20474.98000000012,1042,337,21037.75,0.019193857965451033,0.008982035928143617,0.027485741133806973
R_1gU6N4NRSwc9ONd,655,338,8832.709999999945,668,342,9058.880000000003,0.019461077844311392,0.01183431952662728,0.025605957854391237
R_1gbgvUaYtbFddFK,341,180,6231.329999999972,346,183,6369.29,0.014450867052023142,0.016666666666666607,0.022139735818842654
R_1gbujWie5NgbJfl,99,47,2020.5400000000009,110,48,2149.09,0.09999999999999998,0.02127659574468077,0.0636216061052981
R_1gcjLDupoNGevzx,91,59,1699.4400000000007,94,59,1774.22,0.03191489361702127,0.0,0.044002730311160976
R_1gcmv3lhX8iJEQb,222,114,6017.539999999981,228,115,6131.34,0.02631578947368418,0.00877192982456143,0.018911382392143627
R_1gdTIj7eno4TAT1,242,114,3300.9899999999934,249,114,3435.8399999999997,0.028112449799196804,0.0,0.04085138094935359
R_1gdxq5ThtPhD06I,309,157,7219.36999999999,315,157,7309.320000000001,0.01904761904761909,0.0,0.012459535942888511
R_1geFu1kcfEuAtA7,17,9,366.22,17,9,366.21999999999997,0.0,0.0,-1.1102230246251565e-16
R_1giQnGxDawzsP9r,159,97,2838.1799999999957,166,100,2956.5299999999997,0.04216867469879515,0.030927835051546282,0.0416992579751827
R_1gj3DI7AIUc3Mbh,498,379,10640.039999999972,523,388,11221.740000000002,0.04780114722753348,0.0237467018469657,0.05467084710208159
R_1gjdRVy7DXPMldc,343,175,13605.629999999976,362,179,14642.13,0.0524861878453039,0.02285714285714291,0.07618169831165678
R_1goJ6zF6rfYW1KP,248,143,7841.33999999998,261,147,8482.890000000001,0.04980842911877392,0.027972027972027913,0.08181637322192681
R_1goTlJ0ZwK7QlFQ,59,29,1052.6400000000003,61,29,1099.1299999999999,0.032786885245901676,0.0,0.044165146678826206
R_1goV1AJmLMRsVRE,237,90,3040.8099999999945,244,90,3126.2,0.02868852459016391,0.0,0.028081333592038238
R_1goVjnpaUSfjnbG,125,45,2063.4300000000003,126,45,2070.41,0.007936507936507908,0.0,0.003382717126337864
R_1goxqGOB6iLVvwU,186,133,4289.339999999988,190,136,4351.74,0.021052631578947323,0.022556390977443552,0.014547692652019162
R_1gq1l7L7YXNcp13,715,410,16349.509999999927,737,418,16743.560000000005,0.02985074626865669,0.019512195121951237,0.024101639743336678
R_1gqAXVltdPpx2Bj,167,107,5586.839999999988,173,111,5894.27,0.034682080924855474,0.03738317757009346,0.05502752897881669
R_1gqLyTkPG1T3QKA,748,136,10244.619999999935,786,139,10724.740000000002,0.04834605597964381,0.022058823529411686,0.046865574320967385
R_1gqiVdGSNtyWfir,135,91,2409.529999999999,137,92,2446.01,0.014598540145985384,0.01098901098901095,0.015139882051687037
R_1gtqdYl8h8iwCOU,29,15,629.1400000000001,29,15,629.1400000000001,0.0,0.0,0.0
R_1guTDMu0slPAhej,74,30,1574.4200000000008,79,30,1724.37,0.06329113924050633,0.0,0.09524142223803
R_1guulK16oNMq24j,22,18,1066.92,22,18,1066.9199999999998,0.0,0.0,-2.220446049250313e-16
R_1gvFbgFugRtlqwg,377,163,8244.859999999962,388,164,8393.12,0.028350515463917536,0.006134969325153339,0.01798211249190884
R_1gvWX89vImykCyQ,768,133,9190.12999999997,774,134,10194.689999999999,0.007751937984496138,0.007518796992481258,0.10930857343694078
R_1gwL8QZGzhV0g3G,497,286,10111.329999999947,511,292,10338.180000000002,0.0273972602739726,0.020979020979021046,0.0224352286000018
R_1gzQygAjsb3mSOD,67,25,1013.8100000000004,70,25,1109.78,0.042857142857142816,0.0,0.09466270800248511
R_1hAQ7owdNUWkzQd,106,57,4106.899999999997,106,57,4106.900000000001,0.0,0.0,8.881784197001252e-16
R_1hAVS3ZdQl1yptv,548,386,8600.339999999946,549,386,8625.330000000002,0.0018214936247723523,0.0,0.0029056990770197633
R_1hDMq8QpT7SU4R3,4,3,218.61,4,3,218.61,0.0,0.0,0.0
R_1hEWpYpOtz5HjLJ,1162,398,27170.560000000332,1182,400,27921.82999999999,0.016920473773265665,0.005025125628140614,0.027650147807025238
R_1hEjpnZ3LX7e07K,354,127,10997.879999999968,361,128,11267.27,0.01939058171745156,0.007874015748031482,0.02449472080073911
R_1hFMTehZQIAcBvZ,956,351,12580.699999999915,969,357,12738.730000000003,0.013415892672858587,0.017094017094017033,0.012561304219963043
R_1hJWB4rlc8B2yCi,512,179,19996.16000000001,523,183,20904.6,0.021032504780114758,0.022346368715083775,0.045430722698757586
R_1hK1vuBfyfw5EGJ,598,267,13566.40999999996,612,270,13884.910000000003,0.022875816993464082,0.011235955056179803,0.02347710263806313
R_1hLPyY3aamfi3xT,832,456,19572.02,853,462,20583.85,0.024618991793669442,0.013157894736842035,0.051697780811587046
R_1hLuhNOCjRZOPoe,276,175,4574.639999999986,282,179,4681.33,0.021276595744680882,0.02285714285714291,0.023322053757238725
R_1hM4zTeS8PBpbvb,288,43,2078.800000000004,288,43,2078.7999999999997,0.0,0.0,-1.9984014443252818e-15
R_1hM9pt4qllIzGbl,317,157,9702.879999999974,324,158,10042.28,0.021604938271604923,0.006369426751592355,0.034979305113536086
R_1hMV4AHCk04WO5V,1189,623,27871.000000000226,1219,635,28833.75999999999,0.024610336341263306,0.019261637239165408,0.034543432241389116
R_1hMtgyDCtBWFPX4,839,304,8499.619999999974,843,307,8565.96,0.004744958481613271,0.009868421052631637,0.007805054814218337
R_1hR9j74rTpO8hbI,128,58,2659.1199999999963,133,60,2794.52,0.03759398496240607,0.034482758620689724,0.05091910105598996
R_1hRPPtGYokPL3IK,610,402,19396.91000000008,622,405,19685.35,0.019292604501607746,0.00746268656716409,0.014870409771448934
R_1hSy03tFnfe480c,136,49,3919.5999999999945,141,49,3992.0199999999995,0.03546099290780147,0.0,0.018476375140321855
R_1hT2aJkf3L95zWl,351,186,5567.34999999997,358,189,5768.83,0.019553072625698276,0.016129032258064502,0.036189569543863875
R_1hVXOHhrUPDIoxW,1100,332,21581.49000000007,1115,333,22066.870000000003,0.013452914798206317,0.003012048192771122,0.022490569464848287
R_1hy7k18o81Hiy9y,12,6,234.65,12,6,234.65,0.0,0.0,0.0
R_1hyGhuYSTYCejtk,67,41,1377.9100000000008,69,42,2530.46,0.02898550724637683,0.024390243902439046,0.8364479537850793
R_1i2QZkwVzyMHerI,57,30,2025.8000000000004,58,30,2038.79,0.017241379310344862,0.0,0.006412281567775402
R_1i3QXMAa54UxSLA,270,113,5208.099999999978,274,114,5306.560000000001,0.014598540145985384,0.008849557522123908,0.018905166951484143
R_1i3WVbGWjxEcUQR,238,131,6362.169999999988,245,133,6501.000000000001,0.02857142857142858,0.01526717557251911,0.021821171078423296
R_1i7Zoa74FWb4o89,457,273,10510.549999999948,469,279,10793.310000000001,0.02558635394456288,0.0219780219780219,0.026902493209209233
R_1i83AJpfSwgHIZy,153,79,3578.289999999991,155,79,3592.7700000000004,0.012903225806451646,0.0,0.004046625622855959
R_1i8uPeiHVhFcQB8,132,63,2084.140000000001,135,63,2164.6000000000004,0.022222222222222254,0.0,0.038605851814177417
R_1i9ThcjqrGB9lJe,111,80,2116.6500000000005,111,80,2116.6499999999996,0.0,0.0,-4.440892098500626e-16
R_1ia0Jvk9R65BJKi,29,19,777.11,29,19,777.1100000000001,0.0,0.0,2.220446049250313e-16
R_1ialJAQMSU9KEQG,14,7,393.26,14,7,393.26,0.0,0.0,0.0
R_1iaosPVeRcMmmKi,44,25,1151.86,45,25,1309.84,0.022222222222222254,0.0,0.13715208445470806
R_1iaq7FI2JEgb6pO,37,23,675.0100000000001,40,25,713.9,0.07499999999999996,0.08695652173913038,0.057613961274647574
R_1ifeyygtqm44laj,39,14,2191.0,42,14,2300.6400000000003,0.0714285714285714,0.0,0.05004107713372896
R_1ig4LC2I0cwMCHk,609,344,26612.37000000017,629,350,27651.909999999993,0.031796502384737635,0.01744186046511631,0.03906228569645687
R_1igRFf1oVddAaGI,278,199,7721.209999999976,282,199,8124.64,0.014184397163120588,0.0,0.05224958264313817
R_1ik8stGviOCACC4,94,69,3748.399999999995,96,69,4060.63,0.02083333333333337,0.0,0.08329687333262337
R_1ikRVsVdVf29YNF,9,6,129.52999999999997,10,7,156.33,0.09999999999999998,0.16666666666666674,0.20690187601327903
R_1ikdkAXchDqOVwQ,17,9,347.51000000000005,17,9,347.51,0.0,0.0,-1.1102230246251565e-16
R_1imVDqpJwwARcp6,47,20,1242.9700000000005,47,20,1242.97,0.0,0.0,-3.3306690738754696e-16
R_1iqcSXu4qkF2xNw,239,69,6948.789999999979,241,70,6988.77,0.008298755186721962,0.01449275362318847,0.005753519677529795
R_1j6t5KhjtwDhdKa,330,195,11991.159999999983,335,197,12204.239999999998,0.014925373134328401,0.01025641025641022,0.017769757054364677
R_1j8PHkCGCk2FOfq,130,81,2630.029999999997,131,82,2639.3899999999994,0.007633587786259555,0.012345679012345734,0.003558894765459897
R_1j94mEhxc5e1XDh,96,55,2040.9900000000007,97,55,2108.98,0.010309278350515427,0.0,0.03331226512623742
R_1jARg5bGH5uqAKW,915,463,27846.840000000193,944,469,29490.14,0.03072033898305082,0.012958963282937441,0.059012081801733896
R_1jBvTaC81QY55pk,17,11,290.8500000000001,17,11,290.84999999999997,0.0,0.0,-4.440892098500626e-16
R_1jImmHuCDaof0wB,251,153,3901.019999999992,257,156,3946.1900000000005,0.023346303501945553,0.019607843137254832,0.011579022922212356
R_1jJ7zL5b1XvIXY9,610,127,3873.0999999999663,612,128,3899.76,0.0032679738562091387,0.007874015748031482,0.006883375074238751
R_1jJTeJRVJse2Srk,112,62,1789.2100000000005,112,62,1789.2099999999998,0.0,0.0,-3.3306690738754696e-16
R_1jJn0A4AdcU2Cg7,145,95,6007.449999999984,148,95,6130.610000000001,0.020270270270270285,0.0,0.02050121099634894
R_1jK8fpyD6WOq8aI,51,24,969.8100000000002,53,24,1149.79,0.037735849056603765,0.0,0.18558274301151756
R_1jNXwv23Py7NoXB,196,113,5130.119999999986,199,114,5189.09,0.015075376884422065,0.008849557522123908,0.01149485782009263
R_1jO4s7oht3pyKEc,581,194,12401.64999999994,589,197,12969.370000000003,0.01358234295415961,0.015463917525773141,0.04577777956965945
R_1jOkQwuwP2tGtx3,747,284,20072.83000000004,753,284,20579.91,0.007968127490039834,0.0,0.025262008396422342
R_1jQdjjPKdhGdN26,14,8,205.79,15,8,217.98000000000002,0.06666666666666665,0.0,0.05923514262111884
R_1jUkyJVRdxgQkcJ,312,200,8801.169999999971,314,201,8827.119999999999,0.006369426751592355,0.004999999999999893,0.0029484716236622965
R_1jUqdfR1Zz6mZMf,865,325,17619.07999999998,883,328,18054.56,0.020385050962627438,0.009230769230769154,0.024716387007722496
R_1jYOsGh5TQW4Hsg,295,155,9321.459999999966,305,155,9518.45,0.032786885245901676,0.0,0.021132955567050082
R_1jYW2D7olhp9W04,312,143,2587.909999999997,316,144,2620.86,0.012658227848101222,0.006993006993007089,0.0127322820345388
R_1jZkLNE1JdtyVpH,1296,440,30355.92000000038,1344,447,31458.530000000002,0.0357142857142857,0.015909090909090873,0.036322733753403336
R_1ja0Vjb9ou6O0ul,123,49,2508.8899999999985,128,49,2615.7000000000003,0.0390625,0.0,0.04257261179246674
R_1jcXRruIUSWWOb8,433,190,17742.39999999997,437,190,18884.859999999997,0.009153318077803174,0.0,0.06439151411308663
R_1jd0U0OjvEcZEcw,402,200,9451.279999999966,405,202,9581.230000000003,0.007407407407407418,0.010000000000000009,0.013749460390554358
R_1jdLI5cWhAhAzSB,882,469,19517.939999999973,899,471,20036.309999999998,0.018909899888765347,0.004264392324093924,0.02655864297154431
R_1jdl7Yvsf9U7zKv,78,24,1844.230000000001,79,24,1914.2199999999998,0.012658227848101222,0.0,0.03795079789397149
R_1jebmENodGAJmzu,113,43,2911.6499999999983,116,43,2963.260000000001,0.025862068965517238,0.0,0.017725344735803672
R_1jfZY8E8Tu15CYY,18,17,624.59,18,17,624.5899999999999,0.0,0.0,-2.220446049250313e-16
R_1jiXLH45lNweI9J,444,303,12503.749999999953,461,313,12974.92,0.03687635574837311,0.03300330033003296,0.03768229531141043
R_1jizuM2MEMPZJU2,437,259,13224.799999999965,447,260,13618.920000000004,0.022371364653243853,0.0038610038610038533,0.029801584901097966
R_1jjPPOneRJdORrP,439,243,9804.39999999996,459,249,10252.610000000004,0.04357298474945537,0.024691358024691468,0.04571518909877681
R_1jk4bECcJYnwJ5x,34,18,697.6200000000001,34,18,697.6200000000001,0.0,0.0,0.0
R_1jkUoMkIWYawY3v,347,150,8517.239999999969,351,152,8585.09,0.01139601139601143,0.01333333333333342,0.00796619562205958
R_1joYJwAIb83oGBr,336,72,8113.709999999982,349,72,8462.03,0.03724928366762181,0.0,0.042929806463383624
R_1jp1s9LC8U98QIR,94,49,1531.8900000000006,95,49,1548.8800000000003,0.010526315789473717,0.0,0.011090874671157769
R_1jpwyGaJv0ugsUf,33,15,883.9700000000001,34,15,920.96,0.02941176470588236,0.0,0.04184531149247128
R_1jqSPuZYWmB1gv6,44,27,815.4900000000001,45,28,825.26,0.022222222222222254,0.03703703703703698,0.011980527045089229
R_1jqfjkbFjznk23R,575,262,15654.55999999994,587,263,15953.18,0.020442930153321992,0.003816793893129722,0.019075592031974287
R_1jrFqjJw9tz8yFW,84,42,1035.37,85,43,1089.36,0.0117647058823529,0.023809523809523725,0.05214560978201033
R_1jrX9pmBJE4R3hF,136,91,3423.649999999997,144,93,4246.259999999999,0.05555555555555558,0.0219780219780219,0.24027280826019104
R_1juAU46vkXUPxNs,388,80,2885.859999999996,388,80,2885.86,0.0,0.0,1.3322676295501878e-15
R_1jvbQxV30XN8Ez0,258,94,5533.509999999979,268,97,5764.070000000001,0.03731343283582089,0.03191489361702127,0.04166613957506571
R_1jxgzw29aqAAA49,143,98,7001.1799999999885,144,98,7012.17,0.00694444444444442,0.0,0.0015697353874648545
R_1jxnSExkmLQ7kCE,29,24,2006.02,29,24,2006.0199999999998,0.0,0.0,-1.1102230246251565e-16
R_1jxrONSgbKndqJj,786,370,15921.949999999946,794,371,16128.11,0.010075566750629705,0.002702702702702675,0.012948162756449833
R_1jy9KfiKtvt9p6B,25,16,362.78,25,16,362.78000000000003,0.0,0.0,2.220446049250313e-16
R_1k0Q9IrJcX82jAz,704,157,13822.41999999995,719,157,14024.11,0.020862308762169657,0.0,0.014591511471945706
R_1k0jNifwb1pjiE2,464,311,13185.129999999966,474,317,14316.88,0.021097046413502074,0.019292604501607746,0.08583533116473152
R_1k1zPs6FKsqm1Ib,822,392,22198.4300000001,843,397,23124.25,0.02491103202846978,0.012755102040816313,0.0417065531210945
R_1kFTMrVOWJRG0PT,103,69,1680.9100000000008,105,69,1707.89,0.01904761904761909,0.0,0.01605082961015114
R_1kH84aqSUa33wik,368,149,10204.619999999955,380,153,10538.710000000001,0.03157894736842104,0.02684563758389258,0.03273909268547448
R_1kHaryvxj1p3mTz,90,72,3751.399999999997,93,74,3968.38,0.032258064516129004,0.02777777777777768,0.0578397398304642
R_1kIbViWVBImEaHV,320,122,8657.349999999968,326,122,8802.84,0.018404907975460127,0.0,0.01680537346879052
R_1kLdd31W284Angd,338,168,5867.3699999999735,343,169,5960.22,0.014577259475218707,0.005952380952380931,0.01582480736684877
R_1kLeoSC7LizCbAS,86,26,1980.3400000000008,87,26,1986.13,0.011494252873563204,0.0,0.0029237403678152862
R_1kLjiXMgVYmMlnt,411,129,9787.01999999995,416,129,9874.17,0.012019230769230727,0.0,0.008904651262595875
R_1kMSPTD9ssCD0Qg,452,199,11668.489999999963,463,203,12593.78,0.023758099352051865,0.0201005025125629,0.0792981782561446
R_1kNwFGBAUSrxQP0,910,346,17277.80999999995,938,359,17841.770000000004,0.02985074626865669,0.037572254335260125,0.032640710830831976
R_1kOBxcLVwsZHQ2N,47,18,1573.9800000000002,48,18,1623.9700000000003,0.02083333333333337,0.0,0.03176025108324132
R_1kSaHSB3r65fbKE,6,4,162.14,6,4,162.14,0.0,0.0,0.0
R_1kTGdXdVuqkznN1,45,33,2672.17,47,34,3687.48,0.04255319148936165,0.030303030303030276,0.3799571135069999
R_1kUKEv9Ixx51PVV,26,15,1105.6600000000003,26,15,1105.66,0.0,0.0,-2.220446049250313e-16
R_1kYqGRa5BwQ88E6,70,39,1081.7900000000004,73,39,1153.76,0.04109589041095896,0.0,0.06652862385490677
R_1kYuVPgjXmEfSf8,647,188,17078.009999999962,660,190,17864.809999999998,0.019696969696969657,0.010638297872340496,0.04607094152070634
R_1l4B7ylbckFqoCd,89,39,1817.1500000000008,90,39,1837.14,0.011111111111111072,0.0,0.011000742921607687
R_1l4zCtGUTvAWdS6,1169,528,28349.720000000372,1200,538,29025.59999999999,0.025833333333333375,0.018939393939394034,0.02384079983857368
R_1l5XwZ4YjHH4eUg,332,197,7798.519999999971,341,200,8306.800000000001,0.02639296187683282,0.015228426395939021,0.06517646938137389
R_1l60ZBMh06nGSyP,121,32,2655.689999999999,123,33,3027.3399999999997,0.016260162601625994,0.03125,0.13994479777383684
R_1l6OglubZSTYfi3,329,114,5386.869999999973,337,118,5687.94,0.023738872403560873,0.03508771929824572,0.05588959822680484
R_1l6oxKA9uiM9GUo,174,80,5240.859999999988,178,80,5385.700000000001,0.022471910112359605,0.0,0.02763668558213972
R_1l9N0JIJWZwxHSz,62,21,1141.1800000000003,63,21,1163.15,0.015873015873015928,0.0,0.019252002313394634
R_1lAIBWf5Qsww7eT,744,276,11773.749999999967,754,277,12165.86,0.01326259946949604,0.0036231884057971175,0.03330374774392486
R_1latJ8919AnBtf0,21,8,412.58,21,8,412.58000000000004,0.0,0.0,2.220446049250313e-16
R_1lc5VhuuiYk1fRi,310,176,10720.24999999998,314,176,11125.51,0.01273885350318471,0.0,0.03780322287260285
R_1lcXq4p4fbbQqUl,401,199,6582.889999999962,404,199,6623.820000000001,0.007425742574257432,0.0,0.006217633896364427
R_1lfNYOmsEIqOn65,1259,505,14286.199999999946,1287,515,14746.540000000005,0.02175602175602176,0.01980198019801982,0.03222270442805364
R_1lgHUtzxBe9APYk,34,16,1583.1300000000003,35,16,1598.51,0.02857142857142858,0.0,0.009714931812295768
R_1lgUY99cBP0idWY,336,148,10790.699999999984,338,148,10929.680000000002,0.00591715976331364,0.0,0.01287960929318932
R_1lgeraQD2mZ2SDP,251,180,3687.699999999992,258,186,3785.86,0.027131782945736482,0.03333333333333344,0.02661821731702907
R_1lhEybvgNui8FOA,28,22,1110.4300000000003,28,22,1110.43,0.0,0.0,-2.220446049250313e-16
R_1li5HiNnFHiD7yw,146,63,3192.8699999999976,148,63,3621.8999999999996,0.013513513513513487,0.0,0.13437127098817125
R_1llCiaJVU2UiRyk,17,13,368.07,20,14,1164.2,0.15000000000000002,0.07692307692307687,2.1629853017089142
R_1llE6a2soYDjvyv,176,135,3160.8499999999963,181,139,3857.34,0.027624309392265234,0.029629629629629672,0.22034895676795951
R_1lmD7TvexZgvJfk,54,35,5205.219999999995,54,35,5205.22,0.0,0.0,1.1102230246251565e-15
R_1lnsHboKUuTZZIO,475,127,7432.809999999972,487,130,7619.289999999999,0.024640657084188944,0.023622047244094446,0.0250887618545379
R_1lo5uRr9KHuBy90,1526,427,25750.790000000376,1569,429,26904.66,0.027405991077119163,0.004683840749414525,0.04480911071076288
R_1lp1fif64G1hlWf,349,173,10272.88999999996,355,174,10364.26,0.016901408450704203,0.005780346820809301,0.008894283887011412
R_1lsP2wqcavnlqNP,46,28,1316.2500000000002,50,28,1455.41,0.07999999999999996,0.0,0.10572459639126297
R_1lsgykNxEU4BXTI,726,205,15176.60999999994,743,207,15491.48,0.02288021534320328,0.009756097560975618,0.020747057478584408
R_1ltxGPdvIgeKcV3,641,380,16474.669999999936,657,385,16885.530000000006,0.0243531202435312,0.013157894736842035,0.02493889103697189
R_1luTSUbcBgaFCl6,266,158,13058.099999999977,272,158,13804.650000000001,0.022058823529411797,0.0,0.05717141084844091
R_1lxYa2W6GgcAQ19,1657,673,30121.790000000452,1699,684,31318.40999999999,0.024720423778693323,0.01634472511144125,0.03972605877670343
R_1lztobDYoYyZWKF,9,5,392.73,9,5,392.73,0.0,0.0,0.0
R_1mC1GkAuzW7JKI5,212,96,3197.019999999995,217,98,3564.21,0.02304147465437789,0.02083333333333326,0.11485383263163995
R_1mCArFpkZ7kWlAC,163,99,4892.359999999986,166,101,5589.290000000001,0.01807228915662651,0.02020202020202011,0.1424527222036025
R_1mCn0fofYHi8GE9,14,6,212.32,14,6,212.32000000000002,0.0,0.0,2.220446049250313e-16
R_1mCoq1CQXRu1pPq,238,142,4497.019999999986,241,144,4545.96,0.012448132780082943,0.014084507042253502,0.010882762362634413
R_1mCx1yadrDajX5p,247,97,5948.949999999981,259,101,6230.25,0.04633204633204635,0.04123711340206193,0.04728565545180574
R_1mDGRWnbj1blLnE,107,59,1986.600000000001,108,59,2000.5700000000004,0.0092592592592593,0.0,0.0070321151716497
R_1mDjlyYfCts4tkF,386,166,8103.199999999958,402,166,8301.09,0.03980099502487566,0.0,0.02442121630961136
R_1mDwYDGIlYK1ixQ,179,92,6979.6199999999835,180,93,6986.610000000001,0.005555555555555536,0.010869565217391353,0.001001487186983896
R_1mEi3MqeroX89Wl,14,11,286.11,14,11,286.10999999999996,0.0,0.0,-2.220446049250313e-16
R_1mEl7bQFxeR8t4T,116,53,2560.7299999999973,120,53,2639.2,0.033333333333333326,0.0,0.030643605534360407
R_1mEmb9jWLRYCU4e,918,453,23043.49000000008,958,461,24534.719999999994,0.04175365344467641,0.017660044150110465,0.06471372174960943
R_1mI2VIesV2bWn6N,228,137,4429.519999999991,230,137,4763.389999999999,0.008695652173912993,0.0,0.07537385540645691
R_1mICX7DrNVfVtgf,87,54,1650.6900000000005,87,54,1650.69,0.0,0.0,-2.220446049250313e-16
R_1mKnaXjPjypgoAA,87,52,2814.7299999999987,90,54,2891.98,0.033333333333333326,0.03846153846153855,0.02744490590571802
R_1mORsCmVhA1gSC0,188,92,4958.3899999999885,188,92,4958.39,0.0,0.0,2.4424906541753444e-15
R_1mOvgrdXye7PU81,157,69,4592.059999999992,162,70,4686.99,0.030864197530864224,0.01449275362318847,0.020672639294784467
R_1mQQFMBJoXxk4Zw,24,12,1144.6900000000005,25,12,1157.1100000000001,0.040000000000000036,0.0,0.01085009915348234
R_1mQUNdA7gRaxdUg,51,26,737.5400000000002,52,27,807.54,0.019230769230769273,0.03846153846153855,0.0949101065704907
R_1mQrQ5EFGvbBRLb,786,323,29837.660000000196,830,328,31911.69999999999,0.053012048192771055,0.015479876160990669,0.06951081284523575
R_1mUW1hZcQUZI5jt,42,19,755.4000000000002,42,19,755.3999999999999,0.0,0.0,-4.440892098500626e-16
R_1me0lzzGKNICzOj,561,211,10591.43999999994,568,213,11398.930000000002,0.01232394366197187,0.009478672985782088,0.07623986917737957
R_1meEApGTqRnvC4S,698,451,17170.109999999986,716,458,17707.800000000007,0.025139664804469275,0.015521064301552201,0.031315466237550105
R_1meX9dBVU2swMtm,512,129,9682.359999999951,516,130,10063.829999999998,0.007751937984496138,0.007751937984496138,0.039398452443417664
R_1mebUZZHsgPDgzX,469,131,5953.379999999969,480,134,6066.31,0.022916666666666696,0.022900763358778553,0.018969056233607118
R_1mf98AYyqqPtPn7,251,150,5806.639999999979,255,152,5964.460000000001,0.015686274509803977,0.01333333333333342,0.027179229296119933
R_1mfQPUpLqG4GsHt,169,82,4062.289999999992,173,83,4109.29,0.023121387283236983,0.012195121951219523,0.011569828840385155
R_1mfuT6auftGhLUH,48,12,920.5600000000002,51,13,952.23,0.05882352941176472,0.08333333333333326,0.0344029721039365
R_1mjVHaKO1NUsecO,298,191,9248.079999999962,306,195,9989.26,0.02614379084967322,0.020942408376963373,0.0801442029048236
R_1mkC8WSOkIEioTC,153,94,7542.829999999986,155,95,7939.1,0.012903225806451646,0.010638297872340496,0.052535984504491706
R_1mkjLIewa5Obhi4,14,13,695.2200000000001,14,13,695.22,0.0,0.0,-1.1102230246251565e-16
R_1mlqha6ZxLOSaAI,5,4,65.03999999999999,5,4,65.04,0.0,0.0,2.220446049250313e-16
R_1mmfHbDmV4kYB0s,73,33,1306.7800000000004,77,33,1358.16,0.051948051948051965,0.0,0.039318018335144034
R_1mqJlKX7N1NOaMS,493,262,8471.449999999946,500,264,8586.850000000002,0.014000000000000012,0.007633587786259444,0.013622225238897334
R_1mqSHLVL1TXQE6T,80,63,2768.549999999996,80,63,2768.55,0.0,0.0,1.5543122344752192e-15
R_1mrt1zJj92qJsQN,101,71,2877.779999999998,104,73,3050.6800000000007,0.028846153846153855,0.028169014084507005,0.060081034686460644
R_1msVUYm2myweAcp,131,71,4213.079999999992,131,71,4213.08,0.0,0.0,1.9984014443252818e-15
R_1msYd9aPVkQcY8T,544,286,12295.669999999942,560,290,12621.170000000002,0.02857142857142858,0.013986013986013957,0.026472733897385137
R_1msgjdqXJyBL8uJ,47,21,1351.1900000000005,49,22,1393.17,0.04081632653061229,0.04761904761904767,0.03106890962780917
R_1mt1xnQvlBNBWSY,194,92,7392.879999999988,204,94,8046.049999999999,0.0490196078431373,0.021739130434782705,0.0883512244213367
R_1mwMGZGvmcaA4pd,598,282,11262.45999999994,611,289,11551.6,0.021276595744680882,0.024822695035461084,0.025672899171234498
R_1mxX9jjBSLwxiDU,241,210,2680.9499999999985,242,210,2779.9500000000003,0.004132231404958664,0.0,0.03692720863872956
R_1myeUpVwl79jE6X,645,161,6137.589999999977,646,162,6236.59,0.001547987616099089,0.006211180124223503,0.016130109701042672
R_1mzxeFCZSlcG18B,761,297,13337.229999999938,765,297,13620.62,0.005228758169934622,0.0,0.021248040260238854
R_1n0dOD9WksQry1T,172,93,2830.2699999999945,175,93,2888.12,0.017142857142857126,0.0,0.020439746031299277
R_1n0nSAtvGuGWq79,425,281,11177.899999999989,434,287,12791.740000000002,0.020737327188940058,0.021352313167259718,0.14437774537256676
R_1n1v2rlOuRZSVHe,791,406,16023.00999999993,812,409,16643.66,0.025862068965517238,0.00738916256157629,0.038734919344122876
R_1n2XyR9n5YE8q8W,219,102,5564.099999999991,224,104,5697.1500000000015,0.022321428571428603,0.019607843137254832,0.023912223001026245
R_1n6AsdImGHrq26m,304,163,11074.53999999997,307,165,11157.420000000002,0.009771986970684043,0.012269938650306678,0.007483832285587688
R_1n6GpJR7EUFnaWr,58,32,3226.8099999999945,58,32,3226.8100000000004,0.0,0.0,1.7763568394002505e-15
R_1n6oODT2QBAqqOO,326,224,9390.339999999962,334,230,9679.48,0.0239520958083832,0.02678571428571419,0.03079121735741608
R_1n7TASZb65IwVOI,31,17,514.9900000000001,31,17,514.99,0.0,0.0,-2.220446049250313e-16
R_1n8BvyizxzPXoSE,449,195,14028.28999999995,456,197,14176.359999999997,0.015350877192982448,0.01025641025641022,0.010555099730619188
R_1n8Ra4QBF4msgGV,119,42,1899.2400000000007,121,42,1945.1999999999998,0.016528925619834656,0.0,0.02419915334554834
R_1n8h8059UUul8Dr,386,268,14008.579999999967,394,273,15144.649999999998,0.02030456852791873,0.018656716417910557,0.08109815555895272
R_1n8k1q4epLdcZ6Z,312,140,4734.669999999995,315,140,4927.490000000001,0.00952380952380949,0.0,0.04072511917409383
R_1nOCRAcsi1AU77q,462,285,10240.019999999968,468,287,10555.029999999999,0.012820512820512775,0.007017543859649145,0.030762635229231172
R_1nOCbm9LVjgq65b,671,299,14636.35999999995,682,300,14901.9,0.016129032258064502,0.0033444816053511683,0.01814248897950388
R_1nORk4YlSycK1zx,122,76,3110.5899999999947,124,77,3139.5699999999997,0.016129032258064502,0.013157894736842035,0.009316560523889406
R_1nSXVl0LaFfKuDi,99,76,2379.59,101,76,2422.29,0.01980198019801982,0.0,0.017944267709983475
R_1nSZ41dwhExEHOB,234,165,7594.139999999979,241,168,8037.130000000001,0.02904564315352698,0.018181818181818077,0.058333135812616455
R_1nVqc225Z4eIuF5,98,54,1742.020000000001,100,54,1770.8700000000001,0.020000000000000018,0.0,0.016561233510521856
R_1nW6XSWKs4hCzUa,540,246,21600.090000000015,553,248,21884.519999999997,0.023508137432188048,0.008130081300812941,0.01316800068888524
R_1nZzu0Kj9WQ8P4x,410,248,7040.39999999998,414,248,7141.32,0.009661835748792313,0.0,0.01433441281745651
R_1o4IsRkXnLlSU6K,3056,884,46293.810000000005,3103,893,47303.16999999998,0.015146632291330953,0.010180995475113086,0.021803346926942746
R_1o4QBmClTTv8jkV,551,220,21127.579999999987,561,221,23168.48,0.017825311942959,0.00454545454545463,0.09659885325247908
R_1o6au5rOnBHoiU9,558,174,13608.439999999942,575,176,14174.800000000001,0.029565217391304355,0.011494252873563315,0.041618289826024224
R_1o76EOS42TBWhZ1,196,69,4122.769999999993,199,70,4257.93,0.015075376884422065,0.01449275362318847,0.0327837837182301
R_1o7MWFPepoKDkKh,41,15,876.0600000000002,42,15,929.3500000000001,0.023809523809523836,0.0,0.06082916695203511
R_1o7tSCX9RpxAbC9,226,94,4582.729999999989,226,94,4582.7300000000005,0.0,0.0,2.6645352591003757e-15
R_1oAMGpojZBCuYA3,353,133,16855.129999999983,361,135,17533.26,0.02216066481994461,0.015037593984962516,0.04023285492310147
R_1oBAlEyCcdvHU6N,105,80,1456.2099999999996,105,80,1456.21,0.0,0.0,2.220446049250313e-16
R_1oFRyes3ggnKU4B,550,236,15246.789999999954,567,239,15671.1,0.029982363315696703,0.012711864406779627,0.02782946443153267
R_1oFSDeGAQcUN2v8,834,549,18455.449999999943,850,556,18845.870000000003,0.018823529411764683,0.012750455373406133,0.021154726652564015
R_1oGgkjm7HxJ8qBl,134,70,7554.579999999987,141,73,7964.06,0.049645390070921946,0.04285714285714293,0.054202880901388806
R_1oGw5Bp0BwUEDJc,619,237,14192.979999999934,630,239,14346.210000000003,0.01746031746031751,0.00843881856540074,0.010796182338034033
R_1oHfxbnrluT6eo4,74,57,1136.8500000000004,75,57,1259.8400000000001,0.013333333333333308,0.0,0.1081848968641419
R_1oHiQI5hcXpntpV,119,83,2552.269999999997,122,84,2592.3999999999996,0.024590163934426257,0.012048192771084265,0.01572325811924391
R_1oI7uUUxS2QV8f8,149,99,4020.3499999999935,155,101,4219.18,0.03870967741935483,0.02020202020202011,0.04945589314363352
R_1ob8zZqeqvY3QFc,139,68,11769.71999999999,147,70,11860.189999999999,0.05442176870748294,0.02941176470588225,0.00768667393956779
R_1obTvqaqyTDLSN2,407,240,8557.67999999996,413,242,8652.59,0.014527845036319653,0.008333333333333304,0.01109062269213612
R_1obsgZ53Sal9ZAu,50,21,1791.8800000000003,50,21,1791.8800000000003,0.0,0.0,0.0
R_1obwpb6iowh7vew,1488,399,21553.500000000153,1512,401,21906.890000000003,0.015873015873015928,0.005012531328320913,0.016395944974127108
R_1ocN9papgWPG37j,176,48,5534.499999999993,178,48,6609.49,0.011235955056179803,0.0,0.19423434817960228
R_1od3pz9nFmDAkiu,1552,728,42577.08999999998,1622,744,45270.949999999975,0.04315659679408135,0.0219780219780219,0.06327017651981359
R_1odlzSMsCNFupb4,714,285,15175.759999999937,729,287,15739.490000000002,0.020576131687242816,0.007017543859649145,0.03714673927368817
R_1ogPEvMIjoSK6eE,86,25,2732.319999999996,89,25,2811.3,0.0337078651685393,0.0,0.028905838261991335
R_1oiNHhsqcjHyaxb,310,134,8613.429999999982,314,136,8673.949999999999,0.01273885350318471,0.014925373134328401,0.0070262369346494324
R_1ojO3nxlUuAWLyE,906,191,19945.180000000026,927,192,20629.450000000004,0.02265372168284785,0.005235602094240788,0.034307536958803064
R_1ona5EOOGNmsNZI,335,152,8800.499999999964,339,152,8902.320000000002,0.01179941002949858,0.0,0.011569797170619678
R_1ooLwPR89VoxnlF,307,181,5257.359999999977,311,181,5983.27,0.012861736334405127,0.0,0.13807500342377677
R_1opr0et32YrgTVb,25,17,1686.72,25,17,1686.7200000000003,0.0,0.0,2.220446049250313e-16
R_1oqo8TsBiNOQg4v,484,239,9331.909999999963,495,241,9484.07,0.022222222222222254,0.008368200836819994,0.016305343707776476
R_1ot2z2xc5wpqufx,278,108,5781.149999999973,288,111,6020.860000000001,0.03472222222222221,0.02777777777777768,0.04146406856767748
R_1otq0g5FLSi9hVw,534,286,15202.629999999936,541,288,15411.500000000002,0.012939001848428888,0.006993006993007089,0.013739070147735344
R_1ou69fj4DQGsVcp,187,91,6491.919999999979,192,92,6648.420000000001,0.02604166666666663,0.01098901098901095,0.024106889795318276
R_1ouMT1Wc1YZ5fWI,142,71,3112.039999999996,149,72,3218.91,0.046979865771812124,0.014084507042253502,0.034340818241412
R_1ouRfsTlr2iWPge,441,160,9428.489999999943,451,160,9640.070000000002,0.022172949002217335,0.0,0.022440496834600143
R_1ovTLgykjbQcYOB,1155,698,27583.7800000003,1176,710,28754.34999999999,0.017857142857142905,0.017191977077363862,0.042436895885903825
R_1ovU2FdmDWK1ZHm,52,26,1324.0800000000004,52,26,1324.08,0.0,0.0,-3.3306690738754696e-16
R_1ovW8kFNzyVw0Cx,292,151,6437.089999999974,293,151,6440.7300000000005,0.0034129692832765013,0.0,0.0005654729077932963
R_1ovZlwoOEVQNF6w,424,248,9043.209999999955,436,254,9425.650000000001,0.02752293577981646,0.024193548387096753,0.04229029293802178
R_1ovuYxa7VKAqqI6,88,70,1945.7800000000004,89,70,1951.17,0.011235955056179803,0.0,0.0027700973388562478
R_1ow0Om61pqBADXh,149,64,3080.5899999999933,151,64,3113.58,0.013245033112582738,0.0,0.01070898756407268
R_1owkdABF1wNKFKI,387,248,5494.509999999976,391,251,5542.050000000001,0.010230179028132946,0.012096774193548487,0.008652272905140812
R_1oz0v0ZOUMJu105,665,432,12394.939999999968,681,442,12813.730000000003,0.023494860499265746,0.02314814814814814,0.03378717444376789
R_1pA325VZl0b6qNx,1417,595,33640.15999999999,1433,597,34235.439999999995,0.011165387299371998,0.003361344537815114,0.017695516311456494
R_1pArVyCAH9yJD1X,236,169,3894.4899999999902,244,173,4037.25,0.032786885245901676,0.023668639053254337,0.036656917850606874
R_1pDUHsNfwFbm6xw,1664,723,28579.930000000542,1696,735,29152.81999999999,0.018867924528301883,0.016597510373443924,0.02004518555501833
R_1pDWbdAWjte1JTJ,726,326,26686.04000000015,737,327,26855.6,0.014925373134328401,0.0030674846625766694,0.006353883903338575
R_1pEh9snKHmvLyFZ,345,105,5826.759999999975,352,108,6034.55,0.019886363636363646,0.02857142857142847,0.035661328079417354
R_1pFnsnm5zQGfh2E,23,8,609.4900000000001,24,8,628.48,0.04166666666666663,0.0,0.03115719700077091
R_1pGQGMurTlAloRf,805,358,14253.369999999924,815,360,14541.760000000002,0.012269938650306789,0.005586592178770999,0.020233109783867276
R_1pKZVLBbrpZM8bP,885,361,19736.30000000005,898,365,19927.24,0.014476614699331813,0.011080332409972193,0.009674559061219723
R_1pL4BK9laiUNvWN,57,38,1514.6900000000005,57,38,1514.69,0.0,0.0,-3.3306690738754696e-16
R_1pLs697IiOAJCa7,435,228,7254.8399999999665,442,229,7347.450000000001,0.015837104072398245,0.004385964912280604,0.012765271184483007
R_1pMUQH27gPJQw04,438,171,7713.429999999963,450,173,7880.73,0.026666666666666616,0.011695906432748648,0.02168944295858477
R_1pPw8i2Yto3pLYu,69,41,1972.29,70,41,2017.2800000000002,0.014285714285714235,0.0,0.022811047056974454
R_1pSArFUB4sIGaNg,207,96,4669.939999999991,208,97,4869.93,0.004807692307692291,0.01041666666666674,0.04282496134854186
R_1pSEkm1mOy4kpKO,86,49,3440.7299999999937,92,50,3802.17,0.06521739130434778,0.020408163265306145,0.10504747539039894
R_1pSRbGT6WzVupZo,192,145,6631.179999999986,202,151,6861.060000000001,0.04950495049504955,0.04137931034482767,0.0346665299388671
R_1pWJvtYt20XIeSA,277,131,4304.97999999999,280,131,4622.8,0.010714285714285676,0.0,0.0738261269506506
R_1pWrOYNDM30QOdV,35,10,261.6,35,10,261.6,0.0,0.0,0.0
R_1pXW6O7eeECXNNK,142,79,4582.329999999992,145,79,4650.03,0.020689655172413834,0.0,0.014774143285186447
R_1pXmZFz3j3TjBxz,291,181,5700.129999999981,297,183,5998.0700000000015,0.02020202020202022,0.011049723756906049,0.052268983338980224
R_1pZ3iFUrVbcqgdX,867,380,22353.45000000009,887,383,23497.300000000003,0.022547914317925577,0.007894736842105177,0.05117107202690896
R_1plD4x5sccHA0kX,132,82,3745.8699999999903,135,84,3816.84,0.022222222222222254,0.024390243902439046,0.018946199414290987
R_1plN2AGfPYfGLdD,233,60,2746.909999999996,234,60,3645.91,0.004273504273504258,0.0,0.32727683105744454
R_1pm2Wo5wrQSY0Gm,1027,488,14756.169999999916,1049,495,16340.5,0.02097235462345093,0.014344262295082011,0.10736729110603171
R_1pnhq1TIYM82Ou1,380,281,5369.669999999973,388,285,5489.58,0.020618556701030966,0.014234875444839812,0.022330981233488867
R_1prtkRarVfaLJU8,106,66,2531.0099999999957,109,67,2616.6499999999996,0.02752293577981646,0.015151515151515138,0.03383629460176141
R_1ps5hYxMGQuqcuP,251,107,7721.4499999999725,254,107,7765.68,0.011811023622047223,0.0,0.005728198719156197
R_1psTlOFeWx4gWdX,535,289,12138.279999999975,536,289,12142.07,0.001865671641791078,0.0,0.000312235341417777
R_1ptXmYOKR345Q4x,53,14,1550.6900000000005,53,14,1550.6900000000003,0.0,0.0,-1.1102230246251565e-16
R_1ptwRLUhiJsYcal,117,39,2788.0199999999986,121,40,2888.9199999999996,0.03305785123966942,0.02564102564102555,0.03619055817390149
R_1pu0ApV4WUQDdWW,370,212,8735.239999999972,374,213,8931.69,0.010695187165775444,0.004716981132075526,0.02248936491728082
R_1pu4x2PBb4LrSWk,769,403,20646.700000000044,791,411,21738.5,0.027812895069532217,0.01985111662531014,0.05288012127845865
R_1pu6yYPsuymsIIz,781,325,19454.800000000032,805,329,19857.33,0.029813664596273326,0.012307692307692353,0.020690523675389594
R_1pu7qL1RTxOuadp,76,66,2459.59,78,67,2488.3900000000003,0.02564102564102566,0.015151515151515138,0.011709268617940527
R_1pxM7P5tV3JinW2,308,86,5823.639999999983,311,86,6800.12,0.009646302250803873,0.0,0.1676751997032817
R_1q2PkAEghQ6YRci,21,15,321.07000000000005,21,15,321.07000000000005,0.0,0.0,0.0
R_1q3UKgnUTHUnyI9,287,140,6777.069999999979,293,142,6856.610000000001,0.020477815699658675,0.014285714285714235,0.011736635448655885
R_1q3vKaKE1RXo08q,49,25,1734.7400000000002,51,25,1776.9300000000003,0.039215686274509776,0.0,0.02432064747454943
R_1q4eVtHN10S5gPB,569,299,11239.919999999953,575,301,11371.230000000003,0.01043478260869568,0.006688963210702337,0.011682467490876425
R_1q51MUZiWC54X4d,93,55,1624.840000000001,94,55,1644.2500000000002,0.010638297872340385,0.0,0.01194579158563247
R_1q7AvsyRPpTSWFi,472,201,18693.62000000001,483,203,19151.54,0.022774327122153215,0.00995024875621886,0.024496058013375288
R_1q7GuBNrrAGdxx3,562,191,13287.269999999937,582,195,18093.510000000002,0.03436426116838487,0.020942408376963373,0.3617176440307217
R_1q9cuo94fxvO4rl,316,167,9217.559999999976,322,170,9386.029999999999,0.018633540372670843,0.017964071856287456,0.018277071155492708
R_1qU5mT6xlj8KYSL,1677,544,33750.65000000051,1710,547,34465.84,0.019298245614035037,0.005514705882353033,0.021190406703262665
R_1qXa6rLKlwTkwDN,538,309,15548.539999999975,556,315,15953.06,0.03237410071942448,0.01941747572815533,0.026016590625230762
R_1qaDMcvmS2zi8dl,406,213,9352.01999999995,414,217,9527.68,0.019323671497584516,0.018779342723004744,0.01878310782056203
R_1qb1cFLNdiuFGt2,365,234,10323.019999999977,372,239,10642.93,0.018817204301075252,0.02136752136752129,0.030989962239734492
R_1qbblQgKWPBaDgI,514,165,11252.789999999955,524,169,11861.93,0.01908396946564883,0.024242424242424176,0.05413235295424923
R_1qdM04tmzKHGwRP,11,11,732.8,12,12,1302.79,0.08333333333333337,0.09090909090909083,0.7778247816593886
R_1qdM6yLQigCFrkd,496,225,11316.369999999955,501,227,11788.68,0.009980039920159722,0.008888888888888946,0.041736882056706115
R_1qeyM2GF7cedcyA,87,57,2062.82,88,58,2072.81,0.011363636363636354,0.01754385964912286,0.004842884982693585
R_1qfF8W5w5vEIPDa,208,105,4853.2099999999855,212,105,5141.49,0.018867924528301883,0.0,0.059399861122847675
R_1qfSXsAL6NQlvsB,150,60,5560.069999999991,152,60,5582.050000000001,0.013157894736842146,0.0,0.0039531876397258525
R_1qfUBCkCaoauqLZ,157,80,3030.499999999994,158,80,3037.4900000000002,0.006329113924050667,0.0,0.0023065500742471823
R_1qgPz4asGPArm6S,67,32,1289.6000000000004,68,32,1349.3900000000003,0.014705882352941124,0.0,0.04636321339950378
R_1qgQimbKowqGngY,4,4,122.02,4,4,122.02000000000001,0.0,0.0,2.220446049250313e-16
R_1qh2Jd0oysYajeA,120,52,2967.6899999999955,121,52,3007.68,0.008264462809917328,0.0,0.013475127119073838
R_1qhe0MeBprincPa,66,26,1947.1800000000007,67,26,1982.17,0.014925373134328401,0.0,0.01796957651578146
R_1r18PD3TjJe3i53,1243,279,25769.920000000177,1274,280,26299.499999999996,0.024332810047095754,0.0035842293906809264,0.020550316027361237
R_1r2BD0NVLJaM7rU,881,401,27140.92000000009,897,403,27482.82,0.017837235228539527,0.004987531172069737,0.012597214832802628
R_1r33v6LzEZZ2k55,635,260,13198.139999999938,654,267,13881.29,0.02905198776758411,0.026923076923076827,0.05176108148572944
R_1r383E60yWIJ5G0,42,40,1084.4900000000002,42,40,1084.49,0.0,0.0,-2.220446049250313e-16
R_1r67uJMT2pr31JQ,306,178,5556.989999999983,310,180,5667.560000000001,0.012903225806451646,0.011235955056179803,0.019897462475192196
R_1r6N3kesE63C7Fn,73,26,1791.5600000000004,73,26,1791.56,0.0,0.0,-2.220446049250313e-16
R_1r7hO2SIueII6PO,129,73,3104.679999999996,132,74,3191.15,0.022727272727272707,0.013698630136986356,0.02785150160403127
R_1r7jkZtN6gSkJyg,382,270,9765.769999999971,389,275,10436.130000000001,0.01799485861182515,0.0185185185185186,0.0686438447761959
R_1r82CKnMNz2scZO,145,44,2094.24,149,44,2173.1000000000004,0.02684563758389258,0.0,0.037655665062266364
R_1r8gY2xmbOaJ5pE,231,75,4888.589999999981,238,75,5163.950000000001,0.02941176470588236,0.0,0.056327079996485896
R_1r8u9f1vT8Y3HrC,717,326,15457.319999999934,742,334,16762.55,0.03369272237196763,0.024539877300613577,0.0844408991985719
R_1rAK3r0iMJ5BheI,67,29,1037.5800000000002,69,30,1067.55,0.02898550724637683,0.034482758620689724,0.02888451974787465
R_1rAoEVZg0xO49I3,498,249,13158.969999999954,505,251,13303.63,0.013861386138613874,0.008032128514056325,0.010993261630662943
R_1rCUSJlDlnXVC1y,876,343,14287.929999999964,894,345,14525.93,0.020134228187919434,0.005830903790087438,0.016657416434713523
R_1rHP3EmlowTtvaq,21,12,470.1200000000001,21,12,470.12,0.0,0.0,-2.220446049250313e-16
R_1rHtpq9LwtHa0V4,196,110,3086.33999999999,200,111,3209.17,0.020000000000000018,0.009090909090909038,0.03979794837898942
R_1rJ5snEIaDSYcnn,145,108,8703.91999999999,148,111,9070.89,0.020270270270270285,0.02777777777777768,0.04216146288109379
R_1rMlnoUATCyO8KK,32,25,1124.7900000000002,34,27,1162.7800000000002,0.05882352941176472,0.08000000000000007,0.033775193591692565
R_1rMs03OIf8bVbx6,83,30,10368.609999999991,84,30,10406.949999999999,0.011904761904761862,0.0,0.0036976991129966663
R_1rN94b3BDRwMVcm,57,25,974.0,62,26,1077.8700000000001,0.08064516129032262,0.040000000000000036,0.10664271047227936
R_1rNf6ssFroMth4I,169,137,9762.91999999999,172,139,10389.84,0.01744186046511631,0.014598540145985384,0.06421439487366598
R_1rOfWmbojHyk1fc,3,2,36.36,3,2,36.36,0.0,0.0,0.0
R_1rPQIXSf3d1wvFO,676,172,15733.169999999953,682,173,16225.89,0.008797653958944274,0.005813953488372103,0.03131727426831654
R_1rcadhCsG2vfzpY,253,148,7590.609999999984,255,148,8895.490000000002,0.007843137254901933,0.0,0.17190713262834212
R_1rj2wuzuPHoYYzb,107,50,3437.2399999999952,112,52,3584.0299999999997,0.044642857142857095,0.040000000000000036,0.0427057755641167
R_1rkUn6bWRLPJ6Hy,52,40,938.78,52,40,938.78,0.0,0.0,0.0
R_1rlHEnAuKz9LH9S,465,176,8459.459999999957,474,178,8644.060000000001,0.01898734177215189,0.011363636363636465,0.021821723845262486
R_1rlhYXAI77eUSbB,359,163,5117.609999999973,367,167,5228.530000000001,0.021798365122615793,0.024539877300613577,0.021674179939469296
R_1roTOelTygZr5G8,1278,459,48756.72999999992,1329,471,50167.84,0.038374717832957095,0.02614379084967311,0.02894185069425448
R_1roblAhHdx5MsWd,35,23,942.22,35,23,942.22,0.0,0.0,0.0
R_1rpJ78WSTGhkjf3,84,41,3040.61,85,41,3056.2900000000004,0.0117647058823529,0.0,0.005156859972176742
R_1rpKvwP7VAtzJqH,167,105,3346.2299999999937,170,106,3412.57,0.01764705882352946,0.00952380952380949,0.01982529593004867
R_1rq9oimamSF6rsF,254,137,5754.9799999999905,257,137,5780.450000000001,0.011673151750972721,0.0,0.004425732148506167
R_1rqc9qLvNu03vWC,818,515,19444.550000000017,839,524,20428.170000000002,0.02502979737783073,0.01747572815533971,0.05058589681941639
R_1rr9XOz2pHFyWi3,196,124,3910.389999999992,198,125,3942.18,0.010101010101010055,0.008064516129032251,0.008129623899408411
R_1rrC3Wsd5Y38mOA,83,29,1815.4400000000005,84,29,1823.54,0.011904761904761862,0.0,0.004461728286255351
R_1rrj7tv0EQwdKmn,627,272,9743.109999999951,637,275,9889.09,0.015698587127158548,0.011029411764705843,0.014982895605207158
R_1rv4LkeRqQ0L6W7,8,7,346.11,8,7,346.11,0.0,0.0,0.0
R_1rv6C0xXvnmfYMh,265,111,6546.349999999976,269,112,6598.550000000001,0.014869888475836479,0.009009009009008917,0.007973909124936007
R_1rvSssRW5hO4UME,474,356,9418.889999999965,484,362,9638.09,0.02066115702479343,0.016853932584269593,0.023272381352795968
R_1rwP479XGz8y5Wk,124,67,2321.659999999998,125,68,2330.1100000000006,0.008000000000000007,0.014925373134328401,0.0036396371561737695
R_1rwPbDimMLAMIjX,516,203,12596.379999999945,524,206,12840.990000000002,0.01526717557251911,0.014778325123152802,0.019419071193474524
R_1rwhkWp9UYemFEH,288,121,5742.86999999998,304,123,6031.54,0.052631578947368474,0.016528925619834656,0.0502658078626228
R_1rwrLVr6jBONnIg,2944,847,63780.90999999946,3010,857,65269.72999999997,0.021926910299003288,0.011806375442739103,0.023342721199815397
R_1rwuX4wk0894iAd,150,60,3630.2499999999914,151,60,3646.4900000000007,0.0066225165562914245,0.0,0.00447352110736432
R_1rxh8W9RfDR9wu7,203,117,3637.139999999992,206,120,3674.1,0.014563106796116498,0.02564102564102555,0.01016183044920127
R_1zVJnDAfoFLamOd,782,371,15139.369999999915,801,377,15561.05,0.02372034956304614,0.016172506738544534,0.02785320657333079
R_20M6h8zoTN9Ddxq,1130,193,11309.0099999999,1132,193,11671.990000000002,0.0017667844522968323,0.0,0.032096531880341894
R_20MRqdCxs3CJOBI,1374,713,36420.530000000224,1400,724,37274.97999999999,0.018571428571428572,0.015427769985974837,0.023460669023755543
R_20Mey89p8tRQZQv,959,429,19609.40000000007,989,436,20133.88,0.030333670374115274,0.01631701631701632,0.026746356339303112
R_20Msk5SVRSNd9IG,225,27,2381.939999999997,229,27,2471.8199999999997,0.017467248908296984,0.0,0.037733947958388026
R_20O6baqxT4T2CbA,1038,603,33365.16000000041,1067,610,34488.46999999999,0.027179006560449914,0.011608623548922115,0.033667154600774074
R_20OIhkKq0f47R7P,125,63,2355.2999999999993,125,63,2355.3,0.0,0.0,4.440892098500626e-16
R_20ON9TjJWV64IZO,421,174,11177.809999999949,426,176,11297.26,0.011737089201877882,0.011494252873563315,0.010686350904162145
R_20Osd2RzVE5YY5I,88,67,1446.1400000000006,92,67,1496.93,0.04347826086956519,0.0,0.035121080946519445
R_20OviMsTBVJMnGX,107,57,4653.779999999995,119,58,5432.620000000001,0.10084033613445376,0.01754385964912286,0.1673564285376632
R_20S7crqtX9XLeBx,498,236,17634.260000000002,510,241,18067.350000000002,0.02352941176470591,0.021186440677966045,0.0245595789105979
R_20T14Qh9qBuMaHv,74,44,1774.6200000000003,76,44,1819.54,0.02631578947368418,0.0,0.025312461259311636
R_20TAzxGcUSMw2Gy,214,153,4263.70999999999,219,157,4447.32,0.022831050228310557,0.02614379084967311,0.04306343536497792
R_20TfrMlw0zMoVHi,121,85,3619.619999999994,122,85,3632.5899999999992,0.008196721311475419,0.0,0.0035832490703457953
R_20Tno99oqi4fxFc,106,56,1992.8800000000003,106,56,1992.88,0.0,0.0,-1.1102230246251565e-16
R_20UOk2sYH5wzAuK,29,10,369.72,31,11,390.8,0.06451612903225812,0.10000000000000009,0.057016120307259444
R_20URm9nTtAT8LS4,385,205,16157.109999999964,394,207,16875.509999999995,0.022842639593908642,0.009756097560975618,0.044463397228838186
R_20UwEYQV7dpm1dK,108,53,2225.2399999999993,108,53,2225.24,0.0,0.0,2.220446049250313e-16
R_20UxPwlfYjaIV5k,596,371,22891.130000000117,608,375,23350.439999999995,0.019736842105263164,0.010781671159029615,0.02006497713305877
R_20V73ixsOYXCBbP,512,231,9832.80999999997,520,234,9965.580000000002,0.01538461538461533,0.01298701298701288,0.013502752519374495
R_20V7srZUzANQQ4T,171,110,6837.419999999985,173,111,7000.4000000000015,0.011560693641618491,0.009090909090909038,0.02383647633171826
R_20VzvJRJfQuBK0A,175,110,3739.53999999999,177,110,3793.67,0.011299435028248594,0.0,0.014475042384894943
R_20Yd9DvrGselmZY,1501,800,26810.960000000297,1509,803,27008.19999999999,0.005301524188204065,0.00374999999999992,0.007356692934519682
R_20Z3XrmdVrFDp3r,703,301,15012.829999999934,715,303,15206.150000000001,0.016783216783216814,0.006644518272425293,0.012876985884744396
R_20rMPVuNlCXF2JH,57,34,2494.409999999998,57,34,2494.41,0.0,0.0,6.661338147750939e-16
R_210MlTBRwtBwWf6,102,19,775.7800000000003,102,19,775.78,0.0,0.0,-4.440892098500626e-16
R_210V9S2KUSs9UGB,239,141,6971.659999999977,240,142,7912.640000000001,0.004166666666666652,0.007092198581560183,0.13497215871112855
R_210tLKdUbUZuf7O,1136,551,28267.00000000025,1171,559,28955.019999999997,0.029888983774551625,0.014519056261343088,0.02434004315985927
R_214Wm7S7308feRf,127,89,3670.1199999999903,131,89,3870.04,0.03053435114503822,0.0,0.05447233332970325
R_2168OvDHlcfRvmt,523,147,9006.889999999952,527,148,9170.47,0.007590132827324458,0.006802721088435382,0.0181616518021257
R_216WhvHrMypmTfl,70,31,1526.6100000000006,72,31,1584.5300000000002,0.02777777777777779,0.0,0.0379402728922249
R_216bCmDHZYPaK04,624,286,11925.19999999996,634,289,12919.820000000002,0.01577287066246058,0.010489510489510412,0.08340489048402078
R_216xuriUk2Z7xTX,66,21,1326.4700000000005,68,22,1352.4,0.02941176470588236,0.04761904761904767,0.019548123968125664
R_217oxO4haoe4tcE,19,14,801.6800000000002,20,14,831.63,0.050000000000000044,0.0,0.03735904600339257
R_21A4xxuYvBDTAQm,63,47,1420.2600000000004,63,47,1420.26,0.0,0.0,-3.3306690738754696e-16
R_21A5SXlPE02tDEv,12,8,170.01999999999998,12,8,170.01999999999998,0.0,0.0,0.0
R_21B94A6XQ9h1HZb,178,100,4251.059999999995,180,100,4645.56,0.011111111111111072,0.0,0.09280038390425105
R_21BTXJTPRkjhIWZ,27,12,504.68000000000006,27,12,504.67999999999995,0.0,0.0,-2.220446049250313e-16
R_21BehoUEuWS1JQC,362,213,5393.909999999983,365,215,5523.31,0.008219178082191747,0.009389671361502261,0.023990018372575417
R_21EtjPQuJMuZSHZ,110,63,2666.339999999999,110,63,2666.34,0.0,0.0,4.440892098500626e-16
R_21G54IjScAJhDAM,258,122,5373.379999999982,264,123,5571.87,0.022727272727272707,0.008196721311475308,0.036939505488169155
R_21GPeeqYRjC1kb1,471,339,13015.399999999956,490,342,13807.410000000002,0.038775510204081653,0.008849557522123908,0.06085176022250938
R_21HZ93fyBrvys2R,501,215,14244.849999999951,509,217,14394.72,0.015717092337917515,0.009302325581395321,0.010520995307079284
R_21aNrgZVQUA7xK3,238,148,5207.489999999986,239,148,5246.800000000001,0.004184100418409997,0.0,0.007548742292354804
R_21aYCi0i7rVh5FQ,195,81,4125.529999999989,200,83,4240.47,0.025000000000000022,0.024691358024691468,0.027860662751213017
R_21bvhwyClIEWwTm,294,109,4567.07999999998,300,110,4663.82,0.020000000000000018,0.00917431192660545,0.021182024400715704
R_21cTMQKilozlXBu,486,248,7893.999999999971,494,249,8039.6,0.01619433198380571,0.0040322580645162365,0.01844438814289706
R_21cWNjOOx90MLTG,85,51,1584.7300000000007,89,53,1669.69,0.0449438202247191,0.03921568627450989,0.05361165624428099
R_21dFIMOBbJdo4uT,18,11,729.19,19,11,739.1799999999998,0.052631578947368474,0.0,0.013700133024314276
R_21dlgeiCiQxhcXo,34,25,1435.16,36,27,1477.14,0.05555555555555558,0.08000000000000007,0.029251093954681062
R_21hd1YVMlulldVy,50,12,1051.4600000000005,50,12,1051.46,0.0,0.0,-4.440892098500626e-16
R_21iH7SkDgNaQQ6b,531,297,9726.679999999938,551,301,9979.5,0.0362976406533575,0.013468013468013407,0.02599242495898535
R_21iJkzxgHehPTuM,2,2,48.98,2,2,48.980000000000004,0.0,0.0,2.220446049250313e-16
R_21j0vRI5h23O7fY,207,137,4399.629999999983,210,138,4519.220000000001,0.014285714285714235,0.007299270072992803,0.02718183119944606
R_21nqmq6huNc0eNi,7,6,512.87,7,6,512.87,0.0,0.0,0.0
R_21ntohm9l0O4R0Y,498,193,16511.309999999965,508,194,16885.800000000003,0.019685039370078705,0.005181347150259086,0.022680816967281192
R_21oJWIgfHT7JV10,123,77,2497.9199999999973,130,78,3098.26,0.05384615384615388,0.01298701298701288,0.24033595951832054
R_21sMUAqjBZfdrER,74,44,1158.0500000000004,74,44,1158.05,0.0,0.0,-4.440892098500626e-16
R_21t7tPEpo7aTEHh,54,34,1468.18,54,34,1468.1799999999998,0.0,0.0,-1.1102230246251565e-16
R_21tDv0WhjsIxabL,384,213,8653.199999999959,389,217,9073.740000000002,0.01285347043701801,0.018779342723004744,0.048599362085707476
R_21ttkGbeIL6HdlR,735,452,22084.010000000108,751,457,22985.019999999997,0.02130492676431428,0.01106194690265494,0.040799202681029545
R_21uLzgXIQaIAaBw,191,81,4676.88999999999,193,82,4797.38,0.010362694300518172,0.012345679012345734,0.02576284667802975
R_21uibgT9dgqRD9J,564,295,11421.269999999951,581,298,11977.710000000003,0.029259896729776247,0.01016949152542379,0.04871962575090638
R_21v64TCmtpIIH87,90,55,3416.949999999996,94,58,3823.9999999999995,0.04255319148936165,0.05454545454545445,0.11912670656579816
R_21vrOdR7S4szc1h,526,268,12282.399999999952,548,276,12682.970000000003,0.04014598540145986,0.029850746268656803,0.032613332899111835
R_21vtzOUrbyaVnsL,72,28,1138.4000000000003,73,28,1148.39,0.013698630136986356,0.0,0.008775474349964618
R_21yP1ZuMSzzaKJh,66,19,2381.4099999999985,66,19,2381.41,0.0,0.0,6.661338147750939e-16
R_22AmuBuGI7iFD1n,148,106,2320.9899999999984,151,109,2354.24,0.019867549668874163,0.028301886792452935,0.014325783394155689
R_22AqasPW903IXSY,343,226,7941.019999999974,347,227,7999.340000000002,0.011527377521613813,0.004424778761061843,0.007344144706854738
R_22DJIjS0M8yvaYO,691,353,15420.84999999993,712,358,15780.17,0.0294943820224719,0.014164305949008416,0.023300920506980738
R_22EqYPrCOjfHTvh,545,221,10802.74999999996,566,228,11521.779999999999,0.03710247349823326,0.03167420814479649,0.06655990372822118
R_22FDJUEGrcHh4VD,876,349,22291.250000000106,889,353,25509.980000000003,0.01462317210348707,0.011461318051575908,0.14439432512756722
R_22FSIF8elLuTFyK,21,5,296.8400000000001,22,5,308.73,0.045454545454545414,0.0,0.04005524861878418
R_22Gj4pgXDsezuKw,122,67,1872.760000000001,125,68,1921.69,0.02400000000000002,0.014925373134328401,0.026127213310834785
R_22Gn4dE4LeRGLs2,1388,771,39497.91000000018,1417,778,40384.449999999975,0.020465772759350687,0.009079118028534339,0.022445238241714405
R_22JMARsHO6ixPfT,43,25,1069.0000000000002,43,25,1069.0,0.0,0.0,-2.220446049250313e-16
R_22JlNGLs8i6SnZl,809,156,6474.479999999954,815,158,6591.030000000001,0.007361963190184007,0.012820512820512775,0.01800144567595341
R_22KXkjjsQLNRz8z,48,23,589.8900000000001,48,23,589.89,0.0,0.0,-2.220446049250313e-16
R_22KYqoomEYLo2wq,221,94,8465.689999999986,228,97,8775.919999999998,0.030701754385964897,0.03191489361702127,0.03664556580739586
R_22LhWfg76oW592Y,356,87,5343.739999999981,357,88,5354.73,0.0028011204481792618,0.011494252873563315,0.00205661203576879
R_22MjQTlyz2qtejW,71,19,2920.5499999999965,71,19,2920.55,0.0,0.0,1.3322676295501878e-15
R_22MkfF3QvG2hLAz,207,58,6701.829999999983,212,58,6786.2300000000005,0.02358490566037741,0.0,0.012593575187675343
R_22PN2HxbOVDaT5t,16,4,723.7400000000001,16,4,723.74,0.0,0.0,-1.1102230246251565e-16
R_22Psw7KTkXTMEGl,46,26,1037.09,46,26,1037.0900000000001,0.0,0.0,2.220446049250313e-16
R_22QYpfx86KSwry8,584,336,13436.049999999936,594,338,13637.150000000001,0.01683501683501687,0.005952380952380931,0.014967196460274224
R_22RhdxIZQO8iwin,350,199,8048.889999999973,352,199,8101.840000000002,0.005681818181818232,0.0,0.00657854685553283
R_22RkxPVW3ypCgrG,178,87,3668.2499999999905,185,88,3828.9500000000003,0.037837837837837784,0.011494252873563315,0.04380835548286255
R_22SxELlmhBQCe1C,1072,557,43303.44999999995,1097,566,43947.18999999998,0.022789425706472244,0.016157989228007263,0.014865790139123591
R_22Wzy1G9WL8KGax,758,347,16998.349999999977,763,348,17059.539999999997,0.006553079947575369,0.0028818443804035088,0.003599761153289638
R_22XEVzemearX7mD,165,89,4126.329999999994,174,90,4415.41,0.051724137931034475,0.011235955056179803,0.07005741179207847
R_22XOWVbIo1lxpmy,380,242,7579.509999999968,387,244,7705.680000000001,0.018087855297157618,0.008264462809917328,0.016646194806792636
R_22YdEF4Zn3bvwe6,580,184,13769.299999999936,588,185,13872.829999999998,0.013605442176870763,0.005434782608695565,0.007518900742961687
R_22YsYorxl1ol9UE,238,91,10215.779999999984,242,91,10311.970000000001,0.016528925619834656,0.0,0.009415825321220428
R_22lXuLrKWHb829H,253,149,6692.109999999979,262,152,6841.030000000001,0.03435114503816794,0.020134228187919545,0.02225307115394437
R_22mMopWqAj09mQc,1875,429,23378.880000000176,1876,429,23441.87,0.0005330490405117683,0.0,0.0026943121312834606
R_22nS4Bu8Q3B84gf,616,351,16511.189999999944,631,357,17097.760000000002,0.023771790808240878,0.017094017094017033,0.03552560415088557
R_22nsUyYCxtQPQIk,20,10,503.24000000000007,20,10,503.24,0.0,0.0,-1.1102230246251565e-16
R_22rJF9Az75VyMxb,111,46,1493.84,111,46,1493.84,0.0,0.0,0.0
R_22tZfZkw9b1zxls,659,401,16096.689999999924,663,402,16261.610000000004,0.006033182503770718,0.0024937655860348684,0.010245584651259465
R_22udnXca5oRyxME,463,196,7824.389999999954,473,196,8020.340000000001,0.02114164904862581,0.0,0.02504348581806992
R_22xbDhXGfMIVHB2,64,25,1031.2200000000005,65,25,1051.21,0.01538461538461533,0.0,0.019384806345881245
R_22yrF4uq6PhC732,98,51,2516.0999999999985,100,51,2540.08,0.020000000000000018,0.0,0.009530622789237775
R_22zUFw96HSXLvK9,130,96,4292.939999999995,131,97,4482.93,0.007633587786259555,0.01041666666666674,0.04425638373702068
R_231Z70wupQFdnTB,59,39,2834.5,62,39,3020.9700000000003,0.048387096774193505,0.0,0.06578585288410665
R_2338QGZaaaR1nho,594,325,15081.41999999995,614,337,15630.95,0.032573289902280145,0.036923076923076836,0.03643755031025275
R_233LIoxld2yja6j,102,54,2098.220000000001,102,54,2098.2200000000003,0.0,0.0,-4.440892098500626e-16
R_234BxGg5xeilRtQ,98,21,660.4400000000004,98,21,660.44,0.0,0.0,-5.551115123125783e-16
R_239wI20DbeKBIU5,165,108,2111.84,167,109,2128.21,0.0119760479041916,0.0092592592592593,0.007751534207136812
R_23LGwgsgRxQiNJ7,894,225,13751.119999999948,910,228,14292.25,0.01758241758241763,0.01333333333333342,0.03935170371577401
R_23ThXRxY2BTPyy5,562,166,11280.989999999942,574,168,11545.640000000001,0.020905923344947785,0.012048192771084265,0.023459820459025504
R_23UD8epqFL3A1rB,24,14,668.6600000000001,25,14,683.34,0.040000000000000036,0.0,0.021954356474142234
R_23V8820W0FIJSgd,178,99,5629.079999999988,182,101,5818.31,0.02197802197802201,0.02020202020202011,0.03361650571674457
R_23Wbrmncvkhzk2L,227,165,7343.219999999975,242,177,7821.46,0.06198347107438018,0.07272727272727275,0.06512674276407715
R_23ZDXN18izogrMk,684,162,8064.999999999933,689,164,8175.36,0.007256894049346929,0.012345679012345734,0.01368381897087012
R_23ZFbkgM7lOo1QE,51,39,787.4900000000004,52,39,793.28,0.019230769230769273,0.0,0.007352474317133595
R_23ZwAcyeCLyHKAW,878,538,24186.730000000072,904,553,24985.69,0.028761061946902644,0.027881040892193232,0.03303298957733958
R_23dSKA9sTXoQOMf,157,56,3004.2199999999925,160,56,3207.17,0.018750000000000044,0.0,0.06755497267177768
R_23dl1M82ZW221h1,199,74,7298.379999999986,200,74,7333.330000000001,0.0050000000000000044,0.0,0.004788733938218437
R_23eD9Db68xpXl0d,497,183,13251.429999999958,501,184,13475.960000000001,0.007984031936127733,0.005464480874316946,0.016943831722315394
R_23ehCkgc0yrsnyb,6,5,192.76,6,5,192.76,0.0,0.0,0.0
R_23enipHqTsjcQfN,783,378,17624.030000000006,803,380,18246.68,0.02490660024906599,0.005291005291005346,0.035329603955508215
R_23f82WqsqmRxv81,112,73,3938.799999999997,113,73,3966.84,0.008849557522123908,0.0,0.007118919467859142
R_23fX29Tyw0uC7Pd,372,244,8662.839999999966,381,250,8823.37,0.023622047244094446,0.024590163934426146,0.01853087440147072
R_23gCEoioC9LnEpm,127,89,1672.6800000000007,129,91,1778.8600000000001,0.015503875968992276,0.022471910112359605,0.06347896788387453
R_240KbZJVsY6fEEJ,443,147,12566.46999999996,454,147,12737.670000000002,0.024229074889867808,0.0,0.013623555381904628
R_242WvoRa1gqxJGV,187,140,5659.389999999983,192,143,5924.59,0.02604166666666663,0.021428571428571352,0.04686017397635034
R_246MTU2eVPGDYYV,10,8,289.0,11,8,307.99,0.09090909090909094,0.0,0.06570934256055372
R_247Ax9cFFZftmdh,1623,322,44546.510000000155,1659,322,46906.200000000004,0.02169981916817365,0.0,0.05297137755572412
R_248HEjiUt8tw60V,202,123,6650.139999999984,203,123,6659.120000000002,0.0049261083743842304,0.0,0.0013503475114835517
R_248iRXgLLXgwGMZ,391,185,12426.129999999965,407,190,12906.29,0.039312039312039304,0.027027027027026973,0.038641153762276614
R_249670wYZ5roq0q,211,153,3280.159999999996,213,153,3324.1400000000003,0.009389671361502372,0.0,0.013407882542316285
R_24AHhMXKhqmb8zh,70,51,1502.980000000001,70,51,1502.98,0.0,0.0,-5.551115123125783e-16
R_24B0L8fp0uSaj6n,455,312,11105.869999999974,457,313,11121.85,0.004376367614879695,0.0032051282051281937,0.0014388787190942054
R_24B0Lr48ZGfOyBr,36,22,645.3100000000001,37,23,658.72,0.027027027027026973,0.045454545454545414,0.020780710046334194
R_24BGQeYnh5rnOEv,105,44,3118.889999999996,107,44,3132.8199999999997,0.01869158878504673,0.0,0.004466332573448861
R_24CoylaWTDs52IQ,560,214,16059.859999999944,566,216,16431.86,0.010600706713780883,0.009345794392523255,0.023163340153653733
R_24DbIDhFrNpJkdz,176,73,6502.960000000014,177,73,6527.910000000001,0.005649717514124242,0.0,0.0038367143577673346
R_24GfMQK7Qh4FF51,798,286,22221.45000000018,818,287,22712.87,0.02444987775061125,0.0034965034965035446,0.022114668484721545
R_24HF9twScCsf5uy,164,69,2623.559999999996,165,69,2642.55,0.0060606060606061,0.0,0.007238256414949351
R_24HjnyxNZEm32Xb,565,333,14474.359999999935,587,338,15357.27,0.03747870528109032,0.01501501501501501,0.060998206483745765
R_24ID7qKg4psU9jp,74,37,2854.899999999997,78,39,2918.86,0.05128205128205132,0.054054054054053946,0.022403586815651355
R_24INqi2ERG7Q8v3,671,236,11662.22999999992,688,237,12506.16,0.02470930232558144,0.004237288135593209,0.07236437628138748
R_24LQ9mlsyZnQYF0,127,63,3301.919999999995,128,64,3312.91,0.0078125,0.015873015873015817,0.0033283665261438777
R_24MD1eLqJhcFMCz,198,123,5466.909999999991,200,124,5540.89,0.010000000000000009,0.008130081300812941,0.013532324475802548
R_24MKoSmvuiLEI76,939,399,34000.50000000028,982,408,35357.469999999994,0.04378818737270873,0.022556390977443552,0.03991029543682312
R_24N5KoItyOzouAl,663,205,6078.449999999974,667,205,6248.66,0.005997001499250421,0.0,0.028002204509377515
R_24NTzsFaCm0NMwA,361,122,6532.30999999997,372,123,6827.290000000001,0.029569892473118253,0.008196721311475308,0.045157073072164655
R_24O5ATFj4FIytz4,21,15,662.83,21,15,662.83,0.0,0.0,0.0
R_24OsVfTAzmYHix1,67,39,1575.7600000000002,67,39,1575.7599999999998,0.0,0.0,-3.3306690738754696e-16
R_24P0vykrD1RJG07,213,129,4049.729999999991,216,130,4085.62,0.01388888888888884,0.007751937984496138,0.00886231921634506
R_24PfvnRLl8MyeaF,66,34,1563.9200000000003,67,34,1598.98,0.014925373134328401,0.0,0.022418026497518895
R_24Pi9vmQksqxQqR,29,14,641.1500000000002,29,14,641.15,0.0,0.0,-3.3306690738754696e-16
R_24bE9NTxiBf6v2b,415,163,6278.459999999991,416,163,6299.45,0.0024038461538461453,0.0,0.0033431765114388945
R_24bGur3im5IAPdZ,837,292,13782.239999999923,873,299,14461.330000000004,0.04123711340206182,0.023972602739726012,0.04927283228271184
R_24clqkYBai6m1Xz,50,24,649.6600000000001,52,24,670.0500000000001,0.038461538461538436,0.0,0.0313856478773511
R_24csoaO569P4Yzz,4540,1122,72494.91000000005,4596,1124,73889.62999999998,0.012184508268059169,0.0017825311942958333,0.019238867942589666
R_24dbGLxukEKohG6,466,162,12020.749999999947,481,163,12667.960000000001,0.03118503118503113,0.006172839506172867,0.053841066489200395
R_24f9hBh5NSWGX7k,183,127,2708.7900000000004,195,137,3155.8,0.06153846153846154,0.07874015748031504,0.16502202090232165
R_24hYTLHKtH4gBcM,438,180,11391.189999999957,445,180,11512.560000000001,0.01573033707865168,0.0,0.01065472527453637
R_24i0mUSZwuZUkFB,616,333,21343.35,629,337,22042.44,0.020667726550079535,0.012012012012011963,0.0327544645053377
R_24iLkLePWOZEFuA,96,52,2317.15,100,53,2491.1000000000004,0.040000000000000036,0.019230769230769162,0.07507066870940604
R_24iMFCQKmehwlmL,139,83,5988.479999999984,144,84,6088.370000000001,0.03472222222222221,0.012048192771084265,0.016680359623813867
R_24k3UnBOhSTxgwO,71,26,1111.7,71,26,1111.7,0.0,0.0,0.0
R_24nLvo5DCDemQ4Q,2262,712,56449.689999999755,2307,722,58034.49999999998,0.01950585175552666,0.014044943820224809,0.028074733448496092
R_24orD5rutIXLwOr,109,60,2897.0699999999993,110,60,2908.5600000000004,0.009090909090909038,0.0,0.003966076069960689
R_24ovSGBcJmAm7rm,431,223,16034.159999999958,449,229,16846.21,0.04008908685968815,0.026905829596412634,0.05064499792942345
R_24pEE0Vw9ELB7LN,139,83,5442.529999999995,142,83,5800.480000000001,0.021126760563380254,0.0,0.06576904491109947
R_24q37XKZhX00HgC,887,478,19529.150000000023,911,486,20124.62,0.02634467618002201,0.01673640167364021,0.030491342429136647
R_24r8zX3cL47kTms,121,100,1494.5900000000006,125,102,1746.05,0.03200000000000003,0.020000000000000018,0.16824681016198362
R_24ubsh7FUCIQgTb,124,41,2700.959999999997,127,42,2793.82,0.023622047244094446,0.024390243902439046,0.03438036846158532
R_24vELmeU10p4Ojt,11,6,241.66000000000005,12,6,254.95,0.08333333333333337,0.0,0.05499462054125592
R_24vf4xIuT0kGsZ3,180,101,4703.769999999992,181,101,4711.76,0.0055248618784530246,0.0,0.0016986374758987122
R_24wSwlKgzswC6p1,209,75,4000.1899999999864,211,76,4172.48,0.009478672985781977,0.01333333333333342,0.04307045415343125
R_24zUdJ8NlmiSMK8,201,81,4603.429999999989,208,83,4725.78,0.033653846153846145,0.024691358024691468,0.026578008137412956
R_24zVkexcmyl1DOJ,87,41,1497.4300000000003,89,41,1521.3700000000001,0.022471910112359605,0.0,0.015987391731165923
R_25AXLIZuQdeTjjE,55,22,1207.5400000000009,57,24,1416.85,0.03508771929824561,0.09090909090909083,0.17333587293174468
R_25Abb3LR9hZH8jU,165,72,5213.3099999999895,168,74,5366.09,0.017857142857142905,0.02777777777777768,0.02930575776234501
R_25BcsVAyBEUzgpo,973,357,14677.059999999952,985,363,15030.870000000003,0.012182741116751217,0.01680672268907557,0.024106326471381223
R_25EHRGMe6DLAUM9,1188,405,25620.080000000264,1199,408,25763.289999999994,0.00917431192660545,0.007407407407407307,0.005589756160001347
R_25F3ZQBVC8dH4Ze,26,13,605.4499999999999,26,13,605.45,0.0,0.0,2.220446049250313e-16
R_25HMSJi9OsBKgjX,1832,458,28691.81000000039,1848,462,29194.219999999994,0.008658008658008698,0.008733624454148492,0.017510571832156874
R_25KMnVsE9ynaHcA,220,164,5032.619999999992,225,167,5199.1500000000015,0.022222222222222254,0.018292682926829285,0.033090120056751715
R_25LBtpI3BFlKN2g,619,184,25913.68000000022,627,186,27280.499999999993,0.012759170653907526,0.010869565217391353,0.05274511377773283
R_25LbyNi7m1rmyAQ,77,41,792.6000000000004,79,42,827.3700000000001,0.025316455696202556,0.024390243902439046,0.04386828160484457
R_25LpL5BEQ0owYip,456,176,10378.019999999957,468,176,10560.36,0.02564102564102566,0.0,0.017569825458039645
R_25MVNN7lUZpb14v,13,6,346.65000000000003,13,6,346.65,0.0,0.0,-1.1102230246251565e-16
R_25NqDDo75C1LLvz,308,168,9699.869999999974,316,172,10089.07,0.025316455696202556,0.023809523809523725,0.04012424908787726
R_25QFY4BkXVDEnLF,848,318,22518.75000000011,863,323,23771.0,0.017381228273464666,0.01572327044025168,0.05560921454343082
R_25QKrjN09fkby9c,26,6,158.22,26,6,158.22,0.0,0.0,0.0
R_25R5j9tYJt2A7SO,628,350,13271.499999999927,644,356,14128.720000000003,0.024844720496894457,0.017142857142857126,0.06459104095242285
R_25RsmPLCHnSkLaN,399,196,10745.949999999966,416,204,11284.240000000002,0.04086538461538458,0.04081632653061229,0.050092360377634204
R_25SbPPTyE45YzXP,1345,672,24418.610000000222,1395,682,25659.25,0.03584229390681004,0.014880952380952328,0.05080715077556697
R_25TJ2SCEMagHYxU,44,16,879.1500000000002,44,16,879.1499999999999,0.0,0.0,-3.3306690738754696e-16
R_25Wwg273Uw26jA1,851,406,22649.98000000016,880,411,24205.229999999996,0.03295454545454546,0.012315270935960632,0.06866451979206278
R_25Xxau8wxesYGsx,94,38,2654.079999999999,95,39,2668.9799999999996,0.010526315789473717,0.026315789473684292,0.00561399807089491
R_25YDxwSss8g9VCW,74,43,1561.9100000000003,76,43,1579.7699999999998,0.02631578947368418,0.0,0.011434717749421841
R_25YKRhjRfjRiZ8a,603,250,13079.979999999934,620,257,13908.250000000002,0.02741935483870972,0.028000000000000025,0.06332349132032866
R_25YqaojEWt641sK,300,135,7756.53999999997,304,135,7876.969999999999,0.013157894736842146,0.0,0.015526252684834985
R_25ZPSeJQqBglbHD,281,134,6777.229999999974,295,139,7093.15,0.0474576271186441,0.03731343283582089,0.04661491494312964
R_25ZREzNXsjQzRBK,220,134,8423.819999999983,227,134,8621.890000000001,0.03083700440528636,0.0,0.0235130855122756
R_25es5nymLXzTAS5,133,72,3406.819999999992,138,73,3571.31,0.036231884057971064,0.01388888888888884,0.04828256262438524
R_25sBe5SVEaoRnPQ,364,241,8035.049999999955,376,246,9555.130000000001,0.03191489361702127,0.020746887966804906,0.18918115008619174
R_25sIdih8VbvepDL,125,41,3180.1699999999946,128,41,3220.7400000000002,0.0234375,0.0,0.012757179647630679
R_25sb5CKUwyM4JKT,122,88,3910.059999999992,128,93,5309.61,0.046875,0.05681818181818188,0.3579356838514014
R_25thHabUddjXGzt,901,484,23472.09000000017,917,492,23922.979999999992,0.017448200654307522,0.016528925619834656,0.019209623003312304
R_25tskjLnC4mX6So,690,294,16650.719999999947,727,307,17608.48,0.050894085281980694,0.04421768707482987,0.057520635744283455
R_25ttAuAnnmTCHdB,357,226,15256.439999999971,359,228,15339.420000000004,0.005571030640668551,0.008849557522123908,0.005439014606293036
R_25u6PwLCFpZwuzY,657,293,29043.540000000063,668,294,29480.399999999994,0.01646706586826352,0.0034129692832765013,0.015041554851782157
R_25uYOnLDyNaoqsK,21,14,625.0400000000001,22,15,635.94,0.045454545454545414,0.0714285714285714,0.01743888391142967
R_25vIhDjw3kwMi6m,600,317,14191.019999999931,609,317,14521.080000000004,0.014778325123152691,0.0,0.023258370434265707
R_25yKg0PVMOCRZXm,51,36,841.0100000000002,52,37,900.9999999999999,0.019230769230769273,0.02777777777777768,0.07133089975148876
R_25ykPdwNtbJFP1g,91,41,1825.4900000000007,91,41,1825.4900000000002,0.0,0.0,-2.220446049250313e-16
R_25z5LHPaAsxktx7,1212,586,15694.649999999909,1228,592,15904.140000000001,0.013029315960912058,0.010238907849829282,0.013347860576699233
R_262vJPpUeeFKuHT,1264,561,21811.74000000024,1283,565,22355.019999999997,0.014809041309431059,0.007130124777183555,0.024907687328005412
R_262xe1Uv99c2Nwd,326,108,6475.629999999975,329,108,6520.6,0.00911854103343468,0.0,0.006944498064284987
R_263Hcv6xdwC9FFj,254,76,7093.229999999977,259,77,8453.070000000002,0.019305019305019266,0.013157894736842035,0.19170955967873993
R_263WvO5VwtIk4yF,215,87,6363.809999999985,226,89,6688.27,0.04867256637168138,0.02298850574712641,0.050985180261512664
R_2645ne4qL77SxOJ,3,3,69.97,3,3,69.97,0.0,0.0,0.0
R_2646TtJwpPm2ifp,79,42,1449.4400000000007,80,42,1458.4299999999998,0.012499999999999956,0.0,0.006202395407881145
R_264ulF7SprDMGcK,250,122,2772.6699999999923,252,122,2809.68,0.007936507936507908,0.0,0.013348144568234854
R_265TEOtAdZ1fDzP,13,12,293.88,13,12,293.88,0.0,0.0,0.0
R_265zDShpZJQSm6H,363,194,9239.529999999972,372,197,9362.68,0.024193548387096753,0.015463917525773141,0.013328600047840977
R_269iV9HutDzCzVT,198,115,7139.759999999983,202,115,7211.62,0.01980198019801982,0.0,0.0100647640817082
R_26aOAWhuugb22Wo,45,35,1796.28,48,37,1812.7200000000003,0.0625,0.05714285714285716,0.009152247979157035
R_26ffYQXUXrQ4nHm,114,43,2163.43,120,44,2288.32,0.050000000000000044,0.023255813953488413,0.05772777487600722
R_26liBXCuUxT0tvv,120,73,3022.489999999997,123,74,3161.4600000000005,0.024390243902439046,0.013698630136986356,0.045978646744903484
R_26m3NmUgbs4aZ3b,68,52,2814.3899999999967,70,53,2904.97,0.02857142857142858,0.019230769230769162,0.03218459417493791
R_26mBrU6Mdo5Efce,161,103,3291.9799999999977,164,104,3315.2300000000005,0.018292682926829285,0.009708737864077666,0.007062618849447144
R_26mSL35DzLZIh1H,70,46,2765.27,76,49,2882.62,0.07894736842105265,0.0652173913043479,0.04243708570953286
R_26nB6rfoaXIEb6Z,478,311,9921.599999999951,499,318,10289.560000000001,0.04208416833667339,0.022508038585209,0.037086760199972924
R_26nV92uvsFuoqys,380,251,12651.939999999977,384,251,12713.350000000002,0.01041666666666663,0.0,0.004853801077149056
R_26ndjFF4QlEU81o,294,169,8910.689999999984,298,170,9053.13,0.01342281879194629,0.00591715976331364,0.015985294068137756
R_26niIHQyfTEFqZ6,102,59,2852.989999999999,104,60,2883.1400000000003,0.019230769230769273,0.016949152542372836,0.010567860385070293
R_26njjH2ZOq7qmD9,503,149,14676.409999999953,516,152,15303.36,0.025193798449612448,0.020134228187919545,0.04271821242388629
R_26o6WhUr0npdIOj,418,251,7790.419999999965,433,256,8039.7300000000005,0.034642032332563466,0.019920318725099584,0.03200212568770833
R_271Ae0dhtM0nvux,58,33,1824.57,62,34,2833.9800000000005,0.06451612903225812,0.030303030303030276,0.5532317203505486
R_271BFns40qBDygZ,58,50,2475.9000000000005,60,52,2577.02,0.033333333333333326,0.040000000000000036,0.0408417141241566
R_271MengshrPzDvK,312,131,11349.309999999969,316,131,11432.800000000003,0.012658227848101222,0.0,0.007356394353492446
R_271gbx8Pps8AMbt,779,206,17581.78999999998,794,209,18004.05,0.018891687657430767,0.014563106796116498,0.024016894753038365
R_273Fv9uLHEkq2as,373,186,5700.469999999969,382,188,5846.85,0.023560209424083767,0.010752688172043001,0.025678584397432536
R_273TMGuLM3jXisi,815,397,13941.609999999935,823,399,14187.540000000003,0.009720534629404587,0.005037783375314797,0.017639999971313935
R_277i50HinKYVoY9,1233,503,36411.56000000034,1248,506,37087.90999999999,0.012019230769230727,0.005964214711729587,0.018575144816636247
R_277jw2dACBYPLk2,750,305,13069.80999999995,774,312,13490.570000000002,0.03100775193798455,0.022950819672131084,0.03219327595428334
R_278SNhphNm6lbrs,270,77,6621.439999999974,283,77,7016.1,0.04593639575971731,0.0,0.0596033491204373
R_279BIfQfAdPTlAp,119,55,3288.269999999995,123,55,3368.2100000000005,0.03252032520325199,0.0,0.024310655755155564
R_279ENCaNyRMf98u,710,402,14039.289999999932,727,410,14636.46,0.023383768913342484,0.01990049751243772,0.04253562680164524
R_279iRKETPanvFBW,354,174,7769.479999999971,362,176,7916.810000000001,0.02209944751381221,0.011494252873563315,0.018962659019655215
R_279w6VtL6RMPoAy,159,134,2957.4899999999975,164,139,3007.7400000000002,0.030487804878048808,0.03731343283582089,0.016990759055821814
R_27B5jMHYqArQV6X,433,326,17713.660000000003,438,330,18044.449999999997,0.011415525114155223,0.012269938650306678,0.0186742886563247
R_27BbXkdQZhUFk8v,17,12,370.36999999999995,17,12,370.37,0.0,0.0,2.220446049250313e-16
R_27BxaTTwHxVCbHW,105,49,2916.2499999999977,108,50,3057.22,0.02777777777777779,0.020408163265306145,0.048339477068153336
R_27DL80quzRiSEmq,1174,389,29463.730000000392,1204,396,30723.059999999994,0.02491694352159468,0.01799485861182526,0.04274170310410752
R_27EdXSyXrMPQDOm,100,74,2351.26,103,76,2636.6200000000003,0.029126213592232997,0.027027027027026973,0.12136471508893099
R_27EkAmfedK6OHpp,1042,533,33839.53000000042,1065,535,35048.15999999999,0.021596244131455444,0.0037523452157599557,0.035716512611125406
R_27HEcLJyeJig2Co,71,21,1712.9600000000005,72,21,1731.9499999999998,0.01388888888888884,0.0,0.011086073229964022
R_27HULKeImqXF8ij,688,284,29938.110000000288,707,286,30456.120000000003,0.026874115983026914,0.007042253521126751,0.017302695460725825
R_27HieEDP3NM4XfF,84,29,1595.7100000000007,84,29,1595.71,0.0,0.0,-4.440892098500626e-16
R_27IjOn4j4TKCXmr,82,42,3640.0399999999986,82,42,3640.04,0.0,0.0,4.440892098500626e-16
R_27IqGchrsKhdinq,14,9,485.65,15,9,496.64000000000004,0.06666666666666665,0.0,0.022629465664573356
R_27JPfTGI6PyGcI8,77,42,2059.6700000000005,82,44,2887.67,0.060975609756097615,0.04761904761904767,0.40200614661571965
R_27JXR7ydGbnvOv3,288,188,8894.169999999978,299,194,10525.48,0.03678929765886285,0.03191489361702127,0.18341340451104782
R_27KiIdiOjALLpvp,1154,372,23922.56999999989,1176,378,24672.519999999997,0.018707482993197244,0.016129032258064502,0.031349056560399324
R_27NFVTtp6RbmZtb,38,26,541.6400000000001,38,26,541.6400000000001,0.0,0.0,0.0
R_27NeinuChlzrANs,137,66,2608.1799999999976,141,67,2703.0499999999997,0.028368794326241176,0.015151515151515138,0.036374023265266286
R_27Nf8ImFlWu3J9O,282,163,6373.299999999981,284,165,6407.84,0.007042253521126751,0.012269938650306678,0.005419484411532283
R_27OmKbTDz2F6oo6,55,21,973.1400000000002,59,21,1005.71,0.06779661016949157,0.0,0.03346897671455262
R_27PZcbYfPDhwHcL,369,164,8695.809999999963,378,164,8996.200000000003,0.023809523809523836,0.0,0.034544223022356935
R_27THfLXi9UhJw15,279,172,7452.039999999985,282,172,7514.23,0.010638297872340385,0.0,0.008345365832713503
R_27TjWpxUwC1S5eE,67,43,1639.96,69,43,1663.4,0.02898550724637683,0.0,0.014293031537354617
R_27WIg9PkQDKOqFH,409,54,5143.019999999983,410,55,5193.009999999999,0.0024390243902439046,0.0185185185185186,0.00971996997873159
R_27dJXOwah9Eflzc,56,20,1314.8300000000006,58,20,1334.8100000000002,0.03448275862068961,0.0,0.01519588083630552
R_27eYkZcMXFibSdM,43,26,402.42,43,26,402.41999999999996,0.0,0.0,-1.1102230246251565e-16
R_27g6uEEgxm7kwNu,251,191,5548.799999999981,255,194,5645.6500000000015,0.015686274509803977,0.015706806282722585,0.01745422433679722
R_27jLM2aZ6l0vu01,71,43,5175.049999999996,73,43,6286.030000000001,0.0273972602739726,0.0,0.21468005140047075
R_27jseDkZ5GlSyTA,734,367,21952.990000000085,760,368,23080.600000000002,0.03421052631578947,0.0027247956403269047,0.05136475714697242
R_27k8w8r5FnOE9TL,377,71,5966.70999999999,381,72,6245.620000000001,0.01049868766404205,0.014084507042253502,0.046744353253302284
R_27kyN4a9wTMY5lb,130,76,2558.389999999999,134,78,2628.8900000000003,0.02985074626865669,0.026315789473684292,0.027556392887715164
R_27lBy3G8YEF0qXq,431,204,12602.549999999956,440,208,13186.300000000001,0.020454545454545503,0.019607843137254832,0.04631999079551741
R_27lE2A8TyANjHWE,265,143,7316.789999999978,275,145,7614.290000000001,0.036363636363636376,0.013986013986013957,0.0406599068717326
R_27llfKLBUotowNk,152,102,5605.3699999999835,152,102,5605.370000000001,0.0,0.0,3.1086244689504383e-15
R_27loasjQRh2UJom,74,52,1868.9600000000007,78,54,2030.48,0.05128205128205132,0.03846153846153855,0.086422395342864
R_27m4lDN7Y7TlgZw,51,28,911.25,52,29,1011.2400000000001,0.019230769230769273,0.03571428571428581,0.10972839506172849
R_27paPH4E01ppfkZ,259,164,6385.419999999982,271,170,6753.290000000001,0.044280442804428,0.03658536585365857,0.05761093240538906
R_27qJlbWdpVVH31y,136,75,4681.749999999989,138,76,4716.72,0.01449275362318836,0.01333333333333342,0.007469429166446551
R_27r3EsCD4HzyawI,128,57,2452.8199999999983,130,57,2587.8100000000004,0.01538461538461533,0.0,0.05503461322070202
R_27rsip0DcDtBlXs,229,122,5385.039999999985,239,125,6028.23,0.04184100418410042,0.024590163934426146,0.11944015271938846
R_27vCxdsPCb2NKoF,183,142,3317.6199999999963,185,143,3362.6200000000003,0.010810810810810811,0.007042253521126751,0.013563940415118214
R_27vVnfQ5TPzu3Ro,82,56,2645.2299999999987,83,57,2657.2200000000003,0.012048192771084376,0.017857142857142794,0.004532687138737224
R_27vWugCiFiKCdY1,203,62,4208.729999999984,207,62,4272.33,0.019323671497584516,0.0,0.01511144692104649
R_27wIB08amTLLAwh,643,282,10603.849999999951,646,283,10641.090000000004,0.004643962848297267,0.0035460992907800915,0.0035119319869718613
R_27ydwfqncX77Mnd,355,187,6628.259999999979,372,189,7032.5999999999985,0.045698924731182755,0.010695187165775444,0.061002435028200575
R_28A3bViTfrJjMFz,1269,417,29445.620000000363,1294,421,30686.929999999997,0.019319938176197815,0.00959232613908867,0.04215601505417843
R_28ANyXf1czOlXey,303,182,6185.789999999982,308,184,6285.43,0.016233766233766267,0.01098901098901095,0.01610788597738022
R_28BST1zc80UaP2C,847,402,21012.480000000138,861,403,23058.31,0.016260162601625994,0.0024875621890547706,0.09736261497928145
R_28BbvRDVobNodrT,259,77,7956.869999999971,273,80,9104.71,0.05128205128205132,0.03896103896103886,0.14425772948408522
R_28CGXr071cey1Wr,18,12,509.6100000000002,18,12,509.61,0.0,0.0,-3.3306690738754696e-16
R_28CjN2kODrNuNJ9,236,76,4637.929999999988,237,76,4647.92,0.00421940928270037,0.0,0.0021539781756112486
R_28G45wxjMMMq8H1,40,31,659.5600000000001,40,31,659.5600000000001,0.0,0.0,0.0
R_28GHQe7Xpe9foZe,41,21,885.1800000000003,43,21,967.16,0.046511627906976716,0.0,0.09261393162972453
R_28GxMZkrIGCzmKv,229,166,2783.319999999997,232,166,2806.7400000000002,0.012931034482758674,0.0,0.0084144115660445
R_28Gy0hS5BC0S69p,112,55,2170.75,114,55,2213.85,0.01754385964912286,0.0,0.019854888863296116
R_28IDNbS8mqpfyKD,441,266,10618.949999999968,449,270,11083.550000000001,0.017817371937639215,0.015037593984962516,0.04375197171095402
R_28MUrxegboyIHhY,1190,595,36583.040000000285,1219,604,37812.209999999985,0.0237899917965545,0.015126050420168013,0.03359944936231907
R_28NaRbv2bvDrApB,28,13,1139.01,28,13,1139.01,0.0,0.0,0.0
R_28NdvpiMbmD53BH,318,153,7042.419999999968,325,155,7189.230000000001,0.021538461538461506,0.013071895424836555,0.020846527188101982
R_28NkTn9kU8ZlUeT,56,34,1478.500000000001,56,34,1478.5000000000002,0.0,0.0,-4.440892098500626e-16
R_28SckJ1LanzFPvD,407,243,9088.099999999957,416,245,9335.650000000001,0.02163461538461542,0.008230452674897082,0.027238916825303994
R_28TGzmtgBsR6wng,37,27,1443.5900000000004,37,27,1443.59,0.0,0.0,-3.3306690738754696e-16
R_28UKFIYV8OeEOud,263,104,7939.029999999976,276,106,8472.750000000002,0.047101449275362306,0.019230769230769162,0.06722735649065781
R_28UkCLp8gWDUKVc,119,97,4186.899999999996,119,97,4186.900000000001,0.0,0.0,1.1102230246251565e-15
R_28Uuo40ERK6f9v4,14,8,242.89,14,8,242.89000000000001,0.0,0.0,2.220446049250313e-16
R_28ZAM5fkVb7PhIs,69,48,1597.1500000000003,79,54,2112.33,0.12658227848101267,0.125,0.32256206367592233
R_28zyyxw6Cd7ycE3,20,11,365.7200000000001,22,12,947.6899999999999,0.09090909090909094,0.09090909090909083,1.5912993546975822
R_294CXFq1Cuh1Jxw,550,131,8826.08999999997,564,136,9083.890000000001,0.024822695035460973,0.03816793893129766,0.02920885692305797
R_294j7DOOunkaWAs,42,30,754.4300000000001,43,31,2277.57,0.023255813953488413,0.03333333333333344,2.0189281974470794
R_296TilpFavYD0lz,201,129,4273.719999999991,205,130,4349.14,0.019512195121951237,0.007751937984496138,0.017647389159797466
R_297dOANqCntVXou,592,266,11388.319999999934,613,269,11948.350000000002,0.034257748776509,0.011278195488721776,0.0491758222459564
R_29aBXbsr6LBgSs6,559,137,18175.300000000003,575,137,19927.55,0.02782608695652178,0.0,0.09640831237998793
R_29b4hgcf5RMk5DB,85,41,1683.8900000000003,87,41,1715.76,0.02298850574712641,0.0,0.018926414433246608
R_29bHzqH6Blzwhem,332,239,17445.829999999987,358,254,18080.709999999995,0.07262569832402233,0.06276150627615062,0.03639150444547545
R_29bM1YBU1Urooz8,167,56,2011.8000000000009,168,56,2027.7899999999997,0.005952380952380931,0.0,0.007948106173575331
R_29bwiW5mHQ591tv,195,94,3459.31999999999,197,94,3475.09,0.010152284263959421,0.0,0.004558699397572363
R_29cyBHR3PpqJiZf,348,147,14413.38999999997,359,148,14698.0,0.03064066852367686,0.006802721088435382,0.019746222089323195
R_29gkDjbbzKphGiY,154,89,4007.839999999991,159,90,4085.09,0.03144654088050314,0.011235955056179803,0.0192747215457727
R_29h3CKi0SFMJ3f9,86,44,3320.5500000000006,90,45,3393.1899999999996,0.0444444444444444,0.022727272727272707,0.02187589405369561
R_29iGyG3WSmKo5Te,398,118,8928.109999999962,404,119,9093.69,0.014851485148514865,0.008474576271186418,0.018545918453070076
R_29iXgeacv5R6Qm1,270,101,4339.59999999999,277,102,4519.280000000001,0.02527075812274371,0.00990099009900991,0.04140473776385156
R_29j42T3WUvUh78M,458,125,10921.049999999945,477,127,11240.15,0.03983228511530401,0.016000000000000014,0.029218802221403273
R_29jjkyPmjEPPlXA,34,28,2188.66,35,29,2268.6500000000005,0.02857142857142858,0.03571428571428581,0.036547476538156154
R_29lVeJYqWavvBrf,212,143,5726.949999999987,213,143,5738.450000000001,0.0046948356807511304,0.0,0.0020080496599435005
R_29mKAJoipAmfUj5,288,183,12897.539999999975,298,187,13324.24,0.03355704697986572,0.021857923497267784,0.033083828388981606
R_29ntYmnUVN4BYq5,109,82,4148.1199999999935,112,85,4313.049999999999,0.0267857142857143,0.03658536585365857,0.03976018051551211
R_29oUfTgQ6sWbFG2,1143,326,20755.15000000023,1155,329,20867.5,0.010389610389610393,0.009202453987730008,0.005413114335466984
R_29sSdZhPXE2rY6T,99,56,2858.0299999999957,100,56,2864.41,0.010000000000000009,0.0,0.00223230686871867
R_29tYnNf049lSPEe,257,140,6119.609999999972,262,141,6173.4400000000005,0.01908396946564883,0.0071428571428571175,0.008796312183297461
R_29tZUWisKTCWczv,999,324,29294.10000000038,1019,326,29993.589999999997,0.01962708537782143,0.006172839506172867,0.02387818707519962
R_29uBVByYo0xAXiZ,536,313,12064.689999999957,557,320,13042.280000000002,0.037701974865350096,0.022364217252396124,0.08102901939461771
R_29uGaYsDuHuS5fc,501,127,4779.179999999971,507,131,4949.8,0.011834319526627168,0.03149606299212593,0.035700685054764536
R_2A08FacDLVG7J7s,147,71,3693.639999999996,152,71,3852.7700000000004,0.03289473684210531,0.0,0.043082162852905226
R_2A0c83aff4ORZ8M,194,85,5492.949999999987,197,85,5535.24,0.015228426395939132,0.0,0.007698959575458186
R_2A0ela1cSqwR0lX,16,10,431.24000000000007,16,10,431.24,0.0,0.0,-1.1102230246251565e-16
R_2A1ndNJQgbHz1mr,694,124,26981.00000000005,708,126,28100.890000000003,0.019774011299435013,0.016129032258064502,0.041506615766648824
R_2AFQYaxoE9vBsiq,13,12,103.65,13,12,103.64999999999999,0.0,0.0,-1.1102230246251565e-16
R_2AFgFpz54dta2Rq,239,81,10514.569999999974,252,82,11502.670000000002,0.051587301587301626,0.012345679012345734,0.09397436129104952
R_2AGpSTOzeeHqMYd,628,391,12265.04999999994,641,397,12585.86,0.020280811232449292,0.01534526854219953,0.026156436378169
R_2AHiSANbVno9jis,209,120,4540.759999999987,214,122,4726.720000000001,0.02336448598130836,0.016666666666666607,0.04095349677146887
R_2AHzIRVacBX5dji,70,22,1531.6000000000006,71,23,1571.59,0.014084507042253502,0.045454545454545414,0.026109950378688573
R_2AKmlpuYamEE1sg,500,232,10524.629999999994,506,233,10579.2,0.011857707509881465,0.004310344827586299,0.005184980374607573
R_2ALKJ7sFYmnh0DW,38,21,989.7300000000002,38,21,989.7299999999999,0.0,0.0,-3.3306690738754696e-16
R_2ANH0YK71nWYvgi,126,66,2653.379999999997,128,66,2663.35,0.015625,0.0,0.0037574716022594767
R_2AQiu69aAVY6utf,432,209,12444.519999999951,443,212,14835.519999999997,0.02483069977426633,0.014354066985645897,0.19213276205109198
R_2ARuK9Yt1gaelL1,216,107,5332.669999999989,220,109,6427.68,0.018181818181818188,0.01869158878504673,0.20533991415182506
R_2ASBFgthVbaGlF3,1027,348,15389.549999999912,1048,349,15700.250000000004,0.020038167938931317,0.002873563218390718,0.020189024370439235
R_2ASiZ75YMNKqVVp,33,28,1264.4600000000005,34,28,1275.45,0.02941176470588236,0.0,0.008691457222845811
R_2ASz0xBmcxqYzUJ,686,375,11272.249999999936,701,382,11603.49,0.021398002853067033,0.01866666666666661,0.02938543768990809
R_2AWPIO2mAHQfarO,794,386,19651.32,795,386,19671.31,0.0012578616352201255,0.0,0.001017234465674699
R_2AWkL1j4mAcAll8,380,160,12458.83999999997,394,163,13130.19,0.035532994923857864,0.018750000000000044,0.053885433956936124
R_2AXcJk6rRN4M33l,604,151,9150.909999999954,610,152,9258.970000000001,0.00983606557377048,0.0066225165562914245,0.011808661652234376
R_2AXrxS8YlU9cken,166,76,5528.369999999993,171,76,5609.299999999999,0.0292397660818714,0.0,0.014639034652168093
R_2AZjhhXYzCdBCDm,26,13,627.7199999999999,26,13,627.72,0.0,0.0,2.220446049250313e-16
R_2AZp2CmhF7MrutF,356,193,13926.259999999967,366,198,15095.149999999998,0.02732240437158473,0.02590673575129543,0.08393423647124454
R_2B2MGUXpwb5RnOZ,18,16,704.0200000000001,18,16,704.0200000000001,0.0,0.0,0.0
R_2B2MxyY9jNHjyuL,301,95,7916.069999999965,312,96,8140.1,0.03525641025641024,0.010526315789473717,0.02830065929179959
R_2B2sctnVne767kg,348,156,8528.509999999967,353,156,8689.550000000001,0.014164305949008527,0.0,0.01888254806525813
R_2B2vjRzPyTBEvyh,45,21,739.0000000000002,46,21,748.99,0.021739130434782594,0.0,0.013518267929634398
R_2B38co9cwVRvVZA,348,238,7513.179999999968,360,243,7663.050000000002,0.033333333333333326,0.021008403361344463,0.019947612063072606
R_2B3bueiWdZ91lDI,185,66,4530.309999999988,187,66,4537.63,0.010695187165775444,0.0,0.0016157834673593552
R_2B4K5vrltR4MtxH,206,122,3602.3999999999924,211,124,3642.4800000000005,0.023696682464455,0.016393442622950838,0.011125916055964913
R_2B4mWUorTZ2cm8o,1033,474,23084.20000000013,1042,476,24240.689999999995,0.008637236084452993,0.00421940928270037,0.050098768854881515
R_2B57BR9z6oNT8FQ,121,90,1725.530000000001,124,92,1755.8000000000002,0.024193548387096753,0.022222222222222143,0.017542436236981818
R_2B9CZjuvZfC5Gpz,31,16,596.8400000000001,31,16,596.8399999999999,0.0,0.0,-3.3306690738754696e-16
R_2BA0Y3Cy0zVnisH,48,31,1284.3800000000003,49,31,1298.37,0.020408163265306145,0.0,0.010892415017362156
R_2BA2MUQ7az7mp0J,547,289,15359.129999999946,563,299,16171.01,0.028419182948490218,0.03460207612456756,0.052859764843455004
R_2BaEdBiHdzJwaqI,379,143,6291.389999999977,387,147,6530.730000000001,0.02067183462532296,0.027972027972027913,0.03804246756281615
R_2BaJphTs4oWCFD0,14,12,359.81000000000006,14,12,359.80999999999995,0.0,0.0,-3.3306690738754696e-16
R_2BbRHkapw0FWoFx,81,60,1886.33,82,61,1895.1100000000001,0.012195121951219523,0.016666666666666607,0.004654540827957021
R_2BbXrd596mMP6Fy,193,114,5579.629999999992,194,114,5611.62,0.005154639175257714,0.0,0.005733355079101665
R_2BbrM9dlmfJjriA,236,113,6360.769999999986,240,113,6432.450000000001,0.01666666666666672,0.0,0.011269075913767468
R_2BerWIZecBBDdTk,77,53,3011.2499999999973,79,53,3334.52,0.025316455696202556,0.0,0.1073540888335418
R_2BesSIAnd7POW2C,331,240,9123.519999999971,341,249,9380.28,0.029325513196480912,0.03750000000000009,0.028142646697769003
R_2Bf9LCfyZyvdTjk,587,217,15568.46999999995,598,220,15822.91,0.018394648829431426,0.01382488479262678,0.016343288711096804
R_2BfmqVKFYNmifjt,611,176,14180.019999999971,628,178,14646.359999999997,0.027070063694267565,0.011363636363636465,0.03288711863594185
R_2Bg2FwMbTIyoh0G,923,357,27497.520000000175,939,358,28493.239999999998,0.017039403620873306,0.0028011204481792618,0.03621126559776355
R_2BgqL4UmaxJfKMj,690,245,8256.409999999953,694,247,8285.680000000002,0.0057636887608069065,0.008163265306122547,0.0035451243337054628
R_2BkZfa84LLXauaE,53,34,996.99,53,34,996.99,0.0,0.0,0.0
R_2BlHZxuSDn1CqwC,52,20,1097.9100000000003,52,20,1097.91,0.0,0.0,-2.220446049250313e-16
R_2Bljhn8FOxqwglz,411,117,6947.609999999961,422,117,7089.420000000001,0.026066350710900466,0.0,0.020411335696741917
R_2Bm1kPnJO8CxELI,37,26,1147.7600000000002,37,26,1147.76,0.0,0.0,-2.220446049250313e-16
R_2BmozPxkGPgL7AT,75,44,4612.219999999993,80,47,5761.490000000001,0.0625,0.06818181818181812,0.24917935397704571
R_2BnFUPIU2DExYF3,362,155,13033.139999999974,370,157,13252.51,0.021621621621621623,0.012903225806451646,0.016831707478015767
R_2BqZ1DNgxCWMozc,8,3,341.51,8,3,341.51,0.0,0.0,0.0
R_2BriYyFstlrx4JH,373,165,4764.329999999978,378,166,5001.59,0.013227513227513255,0.0060606060606061,0.049799237248474126
R_2BsOEd1kkGunQti,231,108,5593.629999999982,239,109,7231.360000000001,0.03347280334728031,0.0092592592592593,0.29278482845665943
R_2BsQo2hVc1VWdPq,49,21,1278.2200000000005,49,21,1278.22,0.0,0.0,-3.3306690738754696e-16
R_2BstrkPd4gMc6Ih,394,275,7265.349999999965,405,281,7615.849999999999,0.02716049382716046,0.021818181818181737,0.04824268617479355
R_2BtA3kIOBjhD26o,411,199,13372.779999999984,422,202,13614.81,0.026066350710900466,0.015075376884422065,0.01809870498131394
R_2Btfrg37csFmKTw,301,175,5140.239999999975,305,175,5189.240000000001,0.013114754098360604,0.0,0.009532628826674605
R_2BxKzKp6GeWepzD,403,232,16714.349999999962,414,237,17173.33,0.02657004830917875,0.02155172413793105,0.02746023626405103
R_2BxhxogZnX0zogL,509,253,8138.459999999955,521,258,8412.720000000001,0.02303262955854124,0.01976284584980248,0.03369925022670728
R_2ByB8s94wVocXKj,76,46,1168.010000000001,81,46,1205.13,0.06172839506172845,0.0,0.03178054982405909
R_2Byb17bNJrQUQTo,240,100,6166.009999999986,248,102,6313.780000000001,0.032258064516129004,0.020000000000000018,0.023965254678473658
R_2ByxuAREdcxnaAy,98,43,1552.6900000000005,98,43,1552.69,0.0,0.0,-3.3306690738754696e-16
R_2Bzo4VQAjZDIzXx,212,124,7744.399999999979,223,127,8657.069999999998,0.04932735426008972,0.024193548387096753,0.11784902639326766
R_2CB235JQzMtpihu,491,120,5500.179999999963,499,121,5594.120000000001,0.01603206412825653,0.008333333333333304,0.017079441036482068
R_2CB6arsMS9zZGIq,37,19,1427.0400000000004,39,20,1478.42,0.05128205128205132,0.05263157894736836,0.03600459692790636
R_2CCIe1MGUGLmt3X,38,22,1451.82,39,22,1468.81,0.02564102564102566,0.0,0.011702552658042986
R_2CCeHam1G2gOh8y,17,11,220.59,17,11,220.59,0.0,0.0,0.0
R_2CHqHcCikYB56qe,3,2,31.97,3,2,31.97,0.0,0.0,0.0
R_2CIKXJBmVNzKe2I,124,88,2630.7100000000005,124,88,2630.71,0.0,0.0,-2.220446049250313e-16
R_2CJ9tQVGVUnaesS,636,311,26098.140000000185,665,320,27245.179999999997,0.043609022556390986,0.02893890675241151,0.043951024862300736
R_2CKdeuvfVrO8I49,740,376,13286.449999999935,758,381,13551.250000000004,0.0237467018469657,0.013297872340425565,0.01993007914078393
R_2CNCdSz3Pm4L8Yi,142,84,3634.259999999995,144,84,3672.44,0.01388888888888884,0.0,0.010505577476571437
R_2CNWHdyyZ83IHvz,69,41,1261.4100000000003,73,43,1491.5900000000001,0.0547945205479452,0.04878048780487809,0.18247833773317135
R_2COe0fHazciDtdD,6,6,1122.51,7,7,1157.51,0.1428571428571429,0.16666666666666674,0.031180123116943292
R_2CPzjeQqe1GCW73,406,180,11947.519999999964,418,182,12429.060000000001,0.028708133971291905,0.011111111111111072,0.04030459877866188
R_2CTZpyWT7zqd3ba,499,186,10480.59999999996,508,187,10799.26,0.017716535433070835,0.005376344086021501,0.030404747819785305
R_2CUG0NuB8UE98kw,217,169,6023.669999999989,219,170,6052.21,0.0091324200913242,0.00591715976331364,0.004737975353897417
R_2CVcd0LWcIXgOOf,570,195,10833.809999999943,578,196,10938.34,0.01384083044982698,0.00512820512820511,0.009648498542992545
R_2CVxHRKIkQ8pd1C,132,110,4416.899999999995,135,111,4449.67,0.022222222222222254,0.009090909090909038,0.007419230682153888
R_2CWyXLZNxMXT6xY,11,6,231.2,11,6,231.20000000000002,0.0,0.0,2.220446049250313e-16
R_2CeM1EkDEHL5UHX,89,29,2565.2700000000004,91,29,2591.2500000000005,0.02197802197802201,0.0,0.010127588908769747
R_2Cjrj7tElQLDt65,818,306,22415.680000000044,826,307,22661.709999999995,0.009685230024213065,0.0032679738562091387,0.01097579908349644
R_2Ck8lsGxJTKsGgy,42,31,802.2600000000002,43,32,812.48,0.023255813953488413,0.032258064516129004,0.012739012290279739
R_2CkWe0IZCr5jMki,253,143,6704.769999999986,257,144,6795.6900000000005,0.015564202334630295,0.006993006993007089,0.013560494990881855
R_2CkaALNgqjkhfZM,48,44,1457.4500000000005,49,45,1627.4400000000003,0.020408163265306145,0.022727272727272707,0.1166352190469655
R_2ClZTreQFwcrcpb,565,299,11376.44999999994,587,303,12085.450000000004,0.03747870528109032,0.013377926421404673,0.062321726021743906
R_2ClhUlJ48Q5Z2fx,30,17,988.2400000000002,33,18,1032.5,0.09090909090909094,0.05882352941176472,0.04478669149194503
R_2Cp5sjenoyePcm6,53,37,2770.9099999999994,56,38,3048.35,0.0535714285714286,0.027027027027026973,0.10012595140224723
R_2CpiFcJopu6f4hG,50,35,930.6700000000002,51,35,959.66,0.019607843137254943,0.0,0.03114960189970639
R_2Cpizjag5FXuVyX,171,61,3016.199999999996,181,62,3266.99,0.05524861878453036,0.016393442622950838,0.08314766925270334
R_2CpozrevorP48sb,529,218,13427.179999999951,541,220,13621.86,0.02218114602587795,0.00917431192660545,0.014498949146436457
R_2CptgySFCdD1K5P,38,30,632.0900000000001,38,30,632.0899999999999,0.0,0.0,-3.3306690738754696e-16
R_2Cq5Z4QKdtxJfTn,105,43,5047.819999999993,107,44,5093.790000000001,0.01869158878504673,0.023255813953488413,0.009106901593164407
R_2CqTKH1f8HiEcxG,94,66,1697.7400000000002,95,67,1714.23,0.010526315789473717,0.015151515151515138,0.00971291246009387
R_2CsrokFpormEkh1,28,9,647.85,28,9,647.85,0.0,0.0,0.0
R_2CwxK4zDVgcRjSZ,7,7,423.88000000000005,7,7,423.88000000000005,0.0,0.0,0.0
R_2D07GlHSiz5PCkt,26,22,728.1000000000001,26,22,728.1000000000001,0.0,0.0,0.0
R_2D0jGDh4HnsnQc7,67,32,1738.84,67,32,1738.8400000000001,0.0,0.0,2.220446049250313e-16
R_2D0l8Hq0cs2tG0W,494,272,11259.529999999955,506,276,11871.260000000002,0.02371541501976282,0.014705882352941124,0.05432997647326743
R_2D1SG6DgS10SnwW,117,73,2456.3000000000006,121,76,2634.18,0.03305785123966942,0.041095890410958846,0.0724178642673936
R_2D1zydYR5SZ0LpK,1243,526,28949.630000000292,1253,528,29359.379999999994,0.007980845969672745,0.0038022813688212143,0.01415389419483759
R_2D2DtCVqTuqp1Bj,45,17,1116.15,45,17,1116.15,0.0,0.0,0.0
R_2D2HATrOKH8Rrns,110,70,3135.6099999999947,111,70,3163.5099999999998,0.009009009009009028,0.0,0.008897790222637703
R_2D2K5rKv8NODIDZ,497,267,12521.429999999951,505,269,13592.31,0.015841584158415856,0.0074906367041198685,0.08552377803494116
R_2D6Q9rGf1bLlHJ1,38,24,703.7800000000001,38,24,703.78,0.0,0.0,-1.1102230246251565e-16
R_2D6v6VH3RC5ZGC4,557,355,15366.94999999994,571,358,15810.39,0.024518388791593737,0.008450704225352101,0.028856734745675627
R_2D7Gsn84N2m2dJQ,383,179,10384.86999999996,394,180,10698.740000000002,0.027918781725888353,0.005586592178770999,0.030223777476274805
R_2D8LYcpt7M7DgbA,350,137,3719.089999999992,355,137,3803.9300000000003,0.014084507042253502,0.0,0.02281203197556625
R_2DMQ4Npnlu3WWyq,411,260,8911.599999999953,415,261,9019.52,0.009638554216867434,0.0038461538461538325,0.012110058799772006
R_2DMmbUvmU2O3lTZ,322,188,5650.479999999977,329,191,5755.710000000001,0.021276595744680882,0.015957446808510634,0.018623196613389403
R_2DMpKQjt53QcOBk,535,374,8326.299999999945,551,381,8539.18,0.029038112522686066,0.018716577540107027,0.02556717869882874
R_2DNtqbBKGHzSDN9,707,224,15487.629999999928,724,224,15848.129999999997,0.023480662983425438,0.0,0.023276640777192492
R_2DOWnSX3XtTVapF,288,182,7535.069999999976,297,183,7885.05,0.030303030303030276,0.005494505494505475,0.046446814694491856
R_2DSIdH6iUv9yJ8V,1662,474,42084.06,1700,475,44324.37999999998,0.022352941176470575,0.0021097046413502962,0.053234407516765
R_2DSmjafbkSAict9,1214,483,29257.66000000039,1240,492,29829.059999999994,0.020967741935483897,0.01863354037267073,0.019529928230747062
R_2DSy6NpOABvLOqK,134,80,3115.709999999998,134,80,3115.71,0.0,0.0,6.661338147750939e-16
R_2DTC3SPg5IQBacX,227,77,7636.939999999981,231,77,7682.21,0.017316017316017285,0.0,0.005927766880454488
R_2DTeu3D5LJmnc1P,117,62,2278.7199999999993,119,63,2299.67,0.01680672268907568,0.016129032258064502,0.009193757899171873
R_2DUObZm4n9gj106,86,36,1694.4400000000007,90,36,1774.6,0.0444444444444444,0.0,0.047307665069284965
R_2DV0bsqugjyav1y,526,203,12535.149999999949,537,204,12706.870000000003,0.020484171322160183,0.0049261083743843415,0.013699078192128011
R_2DXPyU9bPnWuZPM,351,212,6182.949999999989,358,214,6311.890000000001,0.019553072625698276,0.009433962264151052,0.02085412303188816
R_2DYMaORoIHXuYlw,584,119,15448.379999999936,599,119,16070.120000000003,0.025041736227045086,0.0,0.040246291196880835
R_2DYNUe9cQV68GxO,534,194,24207.090000000095,552,196,24903.61,0.03260869565217395,0.010309278350515427,0.028773388292434365
R_2DYwyekq8TyEswA,49,44,1485.31,53,48,1549.27,0.07547169811320753,0.09090909090909083,0.043061717755889406
R_2DZYURuEmbx0uQs,51,31,761.0000000000002,52,32,773.99,0.019230769230769273,0.032258064516129004,0.01706964520367915
R_2E0Fry0vUQFqY2f,939,355,23973.700000000183,957,359,24731.410000000003,0.018808777429467072,0.011267605633802802,0.03160588478206594
R_2E0Q3pbtzJQqLg7,961,507,19627.609999999993,983,513,20073.59,0.02238046795523907,0.01183431952662728,0.02272207365033263
R_2E10WNimiuveGog,2,2,49.09,3,3,69.08,0.33333333333333337,0.5,0.40721124465267855
R_2E1eT64HKBzh2Vb,14,9,544.6099999999999,14,9,544.61,0.0,0.0,2.220446049250313e-16
R_2E5Ly4rFRocdRTu,96,57,2034.730000000001,101,61,2391.6400000000003,0.04950495049504955,0.07017543859649122,0.1754090223272864
R_2E5XCpTY2B5ZQ1f,709,320,16762.479999999963,726,322,18178.69,0.023415977961432466,0.006250000000000089,0.08448690169951223
R_2E6JLryon34m1Nn,33,17,611.7400000000001,34,18,691.73,0.02941176470588236,0.05882352941176472,0.13075816523359585
R_2E6m9YqpJPCG21q,75,32,1471.1600000000003,79,32,1573.12,0.05063291139240511,0.0,0.06930585388400967
R_2E9JSBmmNNT5YMi,1366,500,36340.80000000038,1394,502,37197.71999999999,0.020086083213773365,0.0040000000000000036,0.023580108308006276
R_2EAVmWg0gRATOgM,298,232,3611.7399999999857,304,235,3680.6400000000003,0.019736842105263164,0.012931034482758674,0.01907667772320676
R_2EAiqNzmPqLIqi0,299,149,7713.979999999979,310,151,8017.600000000001,0.03548387096774197,0.01342281879194629,0.03935970795879995
R_2EBkC3HUQpHkFG4,1253,647,35701.28000000025,1297,654,36653.33999999998,0.033924441017733176,0.010819165378670892,0.026667391197170653
R_2EBrYkcmnTSuO46,66,23,1934.5400000000004,66,23,1934.54,0.0,0.0,-2.220446049250313e-16
R_2EGdmk75AThrKlh,17,13,251.92000000000004,17,13,251.92,0.0,0.0,-2.220446049250313e-16
R_2EGmp1SfybQ9rzo,84,42,1537.7900000000009,87,43,1601.6699999999996,0.03448275862068961,0.023809523809523725,0.04154013226773401
R_2EaSTjkQlVDnBig,712,359,13210.029999999935,722,363,13602.17,0.013850415512465353,0.011142061281337101,0.02968501964038439
R_2EbAN7GWrFzgtkb,462,256,13250.97999999995,469,258,13470.29,0.014925373134328401,0.0078125,0.016550474002681392
R_2EcMw7OZYbjr73v,47,20,1033.15,49,21,1061.9399999999998,0.04081632653061229,0.050000000000000044,0.027866234331897388
R_2EcrBnvSSbcqsl8,269,104,5702.3199999999815,274,105,5781.75,0.018248175182481785,0.009615384615384581,0.01392941820171778
R_2EglJpTWGEiwQYa,4051,1215,108951.25000000218,4126,1227,111477.82999999996,0.018177411536597243,0.009876543209876631,0.023190004703917744
R_2EgloEvdjU98Rhc,474,165,14542.779999999955,490,168,15084.25,0.03265306122448974,0.018181818181818077,0.03723290870109053
R_2EhkQGvcl4F3ugv,272,120,4308.249999999988,281,120,4555.660000000001,0.03202846975088969,0.0,0.0574270295363577
R_2Ehm9Yqn76kYwsA,269,102,6531.349999999973,273,103,6605.1900000000005,0.0146520146520146,0.009803921568627416,0.011305472834869823
R_2EhnkgIeZYCK0jH,144,103,3218.689999999995,146,105,3236.2700000000004,0.013698630136986356,0.01941747572815533,0.005461849385931972
R_2EmedYCvGOapQws,479,293,10610.809999999952,489,295,10812.560000000001,0.020449897750511203,0.006825938566553003,0.019013628554281015
R_2En0sbvQ7s48ufv,748,349,15536.049999999928,758,350,16032.46,0.01319261213720313,0.002865329512893977,0.03195213712623701
R_2Etbay1rgJ6LZQO,291,172,4721.209999999986,296,176,4779.1,0.016891891891891886,0.023255813953488413,0.012261687152237188
R_2Etc0qZ3B702xxn,387,196,13948.219999999965,399,199,14860.410000000002,0.03007518796992481,0.015306122448979664,0.065398308888162
R_2EzTe8QpUidgyXU,22,7,806.0200000000001,22,7,806.02,0.0,0.0,-1.1102230246251565e-16
R_2EzW4lFtbLQWiHB,26,24,655.41,26,24,655.4100000000001,0.0,0.0,2.220446049250313e-16
R_2EzwXpjplwOepGq,33,31,1036.77,34,31,1042.14,0.02941176470588236,0.0,0.005179548019329294
R_2EzwbYWmZw0kKvr,86,39,1803.8100000000009,88,39,1840.23,0.022727272727272707,0.0,0.020190596570591746
R_2OHLj8YzL2D0sfV,333,169,8499.459999999963,338,170,8672.21,0.014792899408283988,0.00591715976331364,0.020324820635668317
R_2OHgbfVLtFIinBW,684,329,16739.989999999954,702,333,17029.659999999996,0.02564102564102566,0.012158054711246091,0.017304072463606213
R_2OINNCvsJ418e6o,613,289,18899.92000000001,620,290,19009.28,0.011290322580645107,0.0034602076124568004,0.00578626787838199
R_2OJ4XMYnJIuEZqw,212,93,5529.86999999998,219,95,5757.9,0.03196347031963476,0.021505376344086002,0.04123605075707393
R_2OJRIBzhVd0uoiu,115,44,1806.4900000000005,117,44,1838.57,0.017094017094017144,0.0,0.01775819406694712
R_2ONDyHxQviDmrWg,242,130,4682.749999999986,245,132,4723.2300000000005,0.01224489795918371,0.01538461538461533,0.00864449308633053
R_2OOWs0gBQpUEU7C,207,66,5150.079999999983,207,66,5150.08,0.0,0.0,3.3306690738754696e-15
R_2OOq3ysdOS3TtBd,648,364,11961.439999999931,660,369,12192.350000000002,0.018181818181818188,0.013736263736263687,0.019304531895831367
R_2OSBfO6qK8yJzir,696,178,12443.639999999934,697,178,12469.12,0.0014347202295552641,0.0,0.002047632364811758
R_2OTIQ8boNbA8jt5,102,78,1795.7200000000005,102,78,1795.7199999999998,0.0,0.0,-3.3306690738754696e-16
R_2OUwN214Sx61xAC,347,165,8708.86999999996,355,166,8808.76,0.022535211267605604,0.0060606060606061,0.011469915155472465
R_2OYI87DbF4B4aUA,766,415,21320.420000000093,790,419,21899.019999999997,0.03037974683544309,0.009638554216867545,0.027138302153517646
R_2P0PDu9g2eap2XE,416,231,7424.47999999999,418,233,7447.91,0.004784688995215336,0.008658008658008587,0.0031557765661716086
R_2P1ge2DGU400qax,278,119,8181.349999999979,288,120,9951.19,0.03472222222222221,0.008403361344537785,0.21632615644117714
R_2P1kvyZGc8VnwOq,560,230,26141.050000000218,576,233,27155.89,0.02777777777777779,0.01304347826086949,0.03882169996996199
R_2P50Iq3Uo8HiCwT,306,149,4777.729999999983,307,149,4795.61,0.0032573289902280145,0.0,0.003742363005028837
R_2P59RGdcNoSD2Rv,474,308,10754.439999999951,491,314,11148.540000000005,0.03462321792260692,0.01948051948051943,0.03664532974288348
R_2P5PPfIQY9aoCMu,375,204,8974.989999999963,381,204,9201.53,0.015748031496062964,0.0,0.02524125375070474
R_2P6HO9T6VGYEUQP,208,66,5473.169999999985,215,66,5571.820000000001,0.032558139534883734,0.0,0.018024289397189586
R_2P6gheLR59JfOIS,158,38,2850.569999999996,164,38,2909.8,0.03658536585365857,0.0,0.020778300480256195
R_2P7oJmP5i7tHjC2,153,76,2819.069999999996,159,77,3008.46,0.037735849056603765,0.013157894736842035,0.06718173014504925
R_2PAUaAgHTLkGxU1,194,141,4796.2599999999875,197,143,4939.27,0.015228426395939132,0.014184397163120588,0.029816982398788605
R_2PBGUY8tvT7VTN2,23,20,715.58,24,21,765.57,0.04166666666666663,0.050000000000000044,0.06985941474049029
R_2Pb6kMuBgOduMwf,179,98,3139.349999999996,182,98,3192.0099999999998,0.016483516483516536,0.0,0.016774172997596315
R_2PbSVE0LSsvWyXI,924,432,28209.120000000206,939,436,29478.38999999999,0.015974440894568676,0.0092592592592593,0.04499502288620749
R_2PbVQOMgo1DokRC,530,251,15455.13999999994,549,256,17398.140000000003,0.03460837887067392,0.019920318725099584,0.12571869293969984
R_2PcESd79zlVjd8V,552,243,16452.309999999954,571,246,16762.19,0.03327495621716292,0.012345679012345734,0.018835045048388066
R_2PczkBPRGmqC8Ru,1489,460,25705.090000000386,1497,462,25840.96,0.005344021376085473,0.004347826086956497,0.005285723566796019
R_2Pd2JtrvgaRUFB3,334,166,9610.229999999969,339,168,9704.359999999999,0.014749262536873142,0.012048192771084265,0.009794770780723328
R_2PdHkMSzW7totCp,51,23,1616.78,53,24,1646.72,0.037735849056603765,0.04347826086956519,0.018518289439503288
R_2Pe4BqKB0X9aMTb,124,51,1958.420000000001,133,53,2267.33,0.06766917293233088,0.03921568627450989,0.15773429601413325
R_2Pe6tHUCkAWyCiD,351,139,7000.139999999965,358,139,7083.550000000001,0.019553072625698276,0.0,0.011915475976199907
R_2PiMka1SHyZrLEK,626,288,11906.229999999963,645,291,12209.29,0.029457364341085257,0.01041666666666674,0.025453901024928838
R_2Pj1Yfol7kKA3yt,112,50,2821.3799999999965,112,50,2821.3799999999997,0.0,0.0,1.1102230246251565e-15
R_2PjmJHMFnJg4Jue,116,45,2450.58,120,45,2524.0399999999995,0.033333333333333326,0.0,0.029976576973614222
R_2PmN7GkFmSU1M1e,113,29,2121.130000000001,117,30,2247.06,0.03418803418803418,0.034482758620689724,0.059369298439981844
R_2Pnj0H5ydChbT9z,205,101,3870.059999999993,209,104,3915.9400000000005,0.019138755980861233,0.02970297029702973,0.011855113357417624
R_2PolzJvrZL29iF7,694,360,15462.619999999924,698,363,15576.140000000001,0.005730659025787954,0.008333333333333304,0.007341576007175776
R_2PpVNZupgA2k9mX,73,36,2314.059999999999,74,36,2341.05,0.013513513513513487,0.0,0.01166348322861177
R_2PqhFgM0oAFa4ho,87,40,1985.6000000000004,91,42,2305.56,0.04395604395604391,0.050000000000000044,0.16114020950846064
R_2PyR5zSbB74ltZ1,609,394,15625.719999999952,625,404,15956.0,0.025599999999999956,0.025380710659898442,0.021136946009530977
R_2QECV61zCoWvPwV,976,403,21360.340000000146,994,406,22268.27,0.01810865191146882,0.007444168734491274,0.042505409558080576
R_2QEQOSl4i81CHb1,543,268,15494.61999999996,554,273,15968.739999999996,0.019855595667869985,0.018656716417910557,0.030599007913716836
R_2QETvia1oJUfZUy,192,122,6408.059999999987,196,124,6531.349999999999,0.020408163265306145,0.016393442622950838,0.019239832336153784
R_2QEeH4ETBBV2lPr,306,134,5970.239999999979,311,136,6629.970000000001,0.01607717041800638,0.014925373134328401,0.11050309535295466
R_2QFJ3DY729sxK7B,164,126,5107.629999999994,165,126,5119.11,0.0060606060606061,0.0,0.00224761777967597
R_2QKex2DoB3N5VEt,30,17,675.8900000000001,30,17,675.89,0.0,0.0,-2.220446049250313e-16
R_2QKhcChxM8s25SS,923,445,32955.09000000021,945,451,42758.030000000006,0.023280423280423235,0.01348314606741563,0.29746360880822165
R_2QLMZccLATlAlfz,83,38,1342.5700000000002,83,38,1342.5700000000002,0.0,0.0,0.0
R_2QLMv0UtT8vuLkB,235,126,10688.269999999971,246,127,11213.160000000002,0.04471544715447151,0.007936507936507908,0.0491089764760837
R_2QLigoO9nrSSnPT,487,130,13250.539999999964,499,130,13633.400000000001,0.024048096192384794,0.0,0.02889391677622477
R_2QM76i5yRebcpiD,549,277,12423.949999999952,564,280,12819.310000000001,0.02659574468085102,0.010830324909747224,0.03182240752740073
R_2QMWZw0JtTsvBVk,274,160,8637.989999999974,275,160,8644.13,0.0036363636363636598,0.0,0.0007108135110165392
R_2QQl58nFfrZayxf,333,141,11934.189999999957,338,142,12028.570000000003,0.014792899408283988,0.007092198581560183,0.007908370823662692
R_2QRMdwLStyElYoU,430,105,6350.759999999972,435,106,6419.920000000001,0.011494252873563204,0.00952380952380949,0.01089003520838916
R_2QRS9mrQwSKNLye,331,185,13976.73999999998,340,193,14667.250000000002,0.026470588235294135,0.043243243243243246,0.04940422444719039
R_2QRtVOQUzfFxAg0,391,121,7964.709999999969,396,123,8255.65,0.012626262626262652,0.016528925619834656,0.036528636949748616
R_2QX6bqN2BA5Ex0p,65,38,1865.6200000000008,67,40,1904.2100000000003,0.02985074626865669,0.05263157894736836,0.020684812555611165
R_2QX9bXWJvSVIbXl,207,134,5245.77999999999,213,135,5321.73,0.028169014084507005,0.00746268656716409,0.014478304465686653
R_2QXJIE0UXBTy8wd,1188,310,14365.979999999949,1197,315,15278.88,0.007518796992481258,0.016129032258064502,0.06354596066540918
R_2QXq900Df6biUD7,187,103,3440.8699999999963,194,107,3512.67,0.03608247422680411,0.03883495145631066,0.020866815659994042
R_2QYCIl75oJ8y4OX,1227,395,26071.250000000317,1247,396,26709.609999999997,0.016038492381716174,0.0025316455696202667,0.024485208802787373
R_2QZ0AVY4isbLDdN,329,193,12099.599999999971,336,196,12202.080000000002,0.02083333333333337,0.015544041450777257,0.00846970147773729
R_2QfACJcif9NnW0C,341,160,11403.339999999976,352,162,11618.32,0.03125,0.012499999999999956,0.01885237132278994
R_2QfJrJ6NScKkMV6,223,117,5965.959999999987,229,117,6063.4,0.026200873362445365,0.0,0.01633266062796479
R_2Qfzb9ygW4pFpaQ,73,28,3365.4899999999984,74,28,3371.06,0.013513513513513487,0.0,0.0016550338880820803
R_2QgQk2MGsl392HX,528,108,7678.80999999995,528,108,7678.8099999999995,0.0,0.0,6.439293542825908e-15
R_2Qh94pYDlaxRsdw,648,313,11544.359999999971,654,313,11776.02,0.00917431192660545,0.0,0.020066941779364855
R_2QhsbIvy6Z9M6s4,297,196,5757.289999999975,299,197,5786.27,0.006688963210702337,0.005102040816326481,0.005033618247478389
R_2QlbbNmO9Ln2Sii,154,96,4796.829999999989,157,98,5714.44,0.019108280254777066,0.02083333333333326,0.1912950844620327
R_2Qlbt5GuAhhMPAi,66,25,1295.9600000000005,68,26,1373.5299999999997,0.02941176470588236,0.040000000000000036,0.05985524244575391
R_2QlfFCEdKYPO953,415,172,8119.0899999999665,416,173,8125.08,0.0024038461538461453,0.005813953488372103,0.0007377674098985043
R_2QmRrF3XTzpGmRn,35,28,551.9100000000001,36,28,601.9,0.02777777777777779,0.0,0.09057636208802133
R_2QnAW2x8VUxsLV8,168,104,6933.789999999989,172,107,7392.25,0.023255813953488413,0.028846153846153744,0.06611968346315811
R_2QoKsJMXOFitzk6,1644,554,29818.11000000017,1684,560,31083.339999999997,0.02375296912114011,0.010830324909747224,0.042431596100484414
R_2QoiDL34V8QAI4a,85,25,1429.9100000000008,87,25,1469.48,0.02298850574712641,0.0,0.027673070333097405
R_2QrIY4M7cndTBf7,1096,236,9264.69999999988,1103,236,9321.23,0.006346328195829587,0.0,0.006101654667730161
R_2QrmzNCNpcA7B9p,474,173,8802.23999999995,486,174,8927.620000000003,0.024691358024691357,0.005780346820809301,0.014244101501442064
R_2QswpKsGnL3NBXE,328,110,5332.449999999985,334,112,5548.789999999999,0.017964071856287456,0.018181818181818077,0.040570469484010996
R_2QtiIPWanuleOw1,291,116,8832.919999999971,293,116,8845.730000000001,0.0068259385665528916,0.0,0.0014502565403093914
R_2QtjN5zKxD0QMhy,275,153,4647.619999999981,284,154,5000.26,0.03169014084507038,0.006535947712418277,0.07587539428783363
R_2Qu0fgUOnDpaKDH,1109,470,29024.110000000383,1133,472,29538.079999999994,0.02118270079435125,0.004255319148936065,0.017708381066623646
R_2Qu5a3KjzsknWfD,104,79,3913.639999999994,108,81,4025.5300000000007,0.03703703703703709,0.025316455696202445,0.028589752762136156
R_2QxhYoQlRBK7D8d,410,223,7775.709999999966,420,226,8197.180000000002,0.023809523809523836,0.013452914798206317,0.05420341036381737
R_2QzXEtUXQ3koh8l,95,38,1438.7900000000006,100,38,1538.35,0.050000000000000044,0.0,0.06919703361852614
R_2R1EvJ8XC7pZDDn,23,17,649.0300000000002,24,18,681.02,0.04166666666666663,0.05882352941176472,0.04928893887801755
R_2R20tGsAciB0E9U,476,236,12115.52999999996,492,242,13107.150000000001,0.03252032520325199,0.025423728813559254,0.08184701783578952
R_2R2DBMXF76ROyOu,56,37,2357.0899999999992,56,37,2357.0899999999997,0.0,0.0,2.220446049250313e-16
R_2R3ayuIYVgX07CZ,820,273,14000.579999999927,832,274,14210.869999999999,0.014423076923076872,0.00366300366300365,0.015020092024764287
R_2R4boYTdbWuqO7J,297,124,5655.059999999976,302,124,5780.63,0.01655629139072845,0.0,0.02220489260945513
R_2R4f4lluvVE0PT6,90,49,1586.9500000000005,90,49,1586.9500000000003,0.0,0.0,-1.1102230246251565e-16
R_2R7E5Ezaz55PIIg,361,261,8495.919999999976,363,262,8516.900000000001,0.0055096418732781816,0.003831417624521105,0.0024694206160162935
R_2R7XoHLye7zu5Lb,275,120,4773.229999999988,280,121,4924.52,0.017857142857142905,0.008333333333333304,0.03169551854823949
R_2R8I34UkpD6LvFu,105,61,5322.609999999996,107,63,5831.6,0.01869158878504673,0.032786885245901676,0.09562789684008499
R_2R9xo9Nv9razqCD,337,169,6245.70999999998,342,172,6328.4000000000015,0.014619883040935644,0.01775147928994092,0.013239487584281395
R_2RNW7kAsLnsGOkP,5,3,120.0,5,3,120.0,0.0,0.0,0.0
R_2RO1woXi87CUxaN,15,6,735.1700000000001,15,6,735.17,0.0,0.0,-1.1102230246251565e-16
R_2RP7nQbTOJwWJRC,871,336,12606.28999999993,882,341,12793.93,0.012471655328798237,0.014880952380952328,0.014884632988775515
R_2RPrq50LY9ibnQU,359,92,5245.919999999972,366,93,5407.490000000001,0.01912568306010931,0.010869565217391353,0.03079917345289851
R_2RQZEfADuF3JHjR,85,34,4120.619999999998,90,36,4205.74,0.05555555555555558,0.05882352941176472,0.020657085584208534
R_2RQhQ3wTIHN55hy,107,73,2974.8999999999955,108,73,2986.8900000000003,0.0092592592592593,0.0,0.0040303875760545615
R_2RTZVrtkdWtJ4BV,937,84,5015.999999999954,938,85,5035.88,0.0010660980810234255,0.011904761904761862,0.003963317384379383
R_2RUDh7piHU7frzt,873,417,19450.61000000003,892,419,19752.22,0.02130044843049328,0.004796163069544335,0.015506454553351867
R_2RUGhslRGz8ESz1,763,363,17917.679999999968,795,371,19198.359999999997,0.040251572327044016,0.02203856749311295,0.07147577141683703
R_2RUJuDHC9no4oe2,1351,220,12749.789999999915,1359,223,15677.420000000002,0.005886681383370118,0.013636363636363669,0.22962182122216168
R_2RVXjEovu4Y1yen,534,312,12572.989999999949,547,316,12754.2,0.02376599634369292,0.012820512820512775,0.014412641702574502
R_2RVr1VA8MPt5THg,207,113,5745.6699999999855,213,116,5897.030000000001,0.028169014084507005,0.026548672566371723,0.02634331592312389
R_2RaxX6jSq9lvO4q,26,11,2456.5099999999993,27,11,2466.46,0.03703703703703709,0.0,0.004050461834065766
R_2S0NrcvRufXExKs,128,50,4584.639999999989,134,53,5042.59,0.04477611940298509,0.06000000000000005,0.0998878865079944
R_2S0iEzXiELAXyfC,43,27,755.3000000000002,43,27,755.3000000000001,0.0,0.0,-1.1102230246251565e-16
R_2S0u8lcDVOW3xTU,1753,663,39798.86000000002,1781,667,40466.12999999999,0.015721504772599704,0.006033182503770718,0.016766058123272032
R_2S2CgleghqVouH5,397,228,8618.129999999954,406,230,8781.390000000001,0.022167487684729092,0.00877192982456143,0.01894378478858494
R_2S31p8yhb8bRYXo,32,14,749.48,33,14,1618.48,0.030303030303030276,0.0,1.159470566259273
R_2S31vSPrwOLWHLA,904,497,21136.600000000104,928,507,21642.03,0.025862068965517238,0.02012072434607637,0.023912549795136906
R_2S33CMyMpIbJcBm,313,155,6887.159999999973,321,158,7276.769999999999,0.024922118380062308,0.019354838709677358,0.0565704876901405
R_2S3qeN5pcwmrE8f,7,4,338.69,7,4,338.69,0.0,0.0,0.0
R_2S77QZkb1rhRuyi,149,85,5990.049999999988,152,86,6742.64,0.019736842105263164,0.0117647058823529,0.12564001969933702
R_2S7gh75tbvkUpDq,440,214,7688.419999999957,470,221,9182.52,0.06382978723404253,0.032710280373831724,0.19433121499606565
R_2S8Z1Ysvkfaa8Dk,49,27,1028.1800000000003,51,27,1132.6399999999999,0.039215686274509776,0.0,0.10159699663483002
R_2S8hrusB2bp2PBb,156,62,3726.259999999993,160,63,3852.3100000000004,0.025000000000000022,0.016129032258064502,0.0338274838578112
R_2S942svAtx2khyI,293,191,6421.999999999979,297,192,6464.580000000002,0.013468013468013518,0.005235602094240788,0.006630333229526997
R_2S9b47bd0M7IKFu,167,112,3866.3299999999936,172,114,3914.4600000000005,0.029069767441860517,0.017857142857142794,0.012448497670919823
R_2S9n3K498i96n0T,229,46,1864.31,232,47,1914.68,0.012931034482758674,0.021739130434782705,0.02701803884547105
R_2SD0ezsMpLxCClb,139,55,2537.979999999997,140,55,2546.4700000000003,0.0071428571428571175,0.0,0.003345180025060568
R_2SDfLbdsggP13gM,292,85,5813.879999999971,297,86,5917.849999999999,0.01683501683501687,0.0117647058823529,0.017883066041959772
R_2SHTXyLNJsIiqjI,534,156,9793.049999999952,539,157,9828.560000000001,0.00927643784786647,0.0064102564102563875,0.003626040916777651
R_2SHtAd3zttOHall,28,21,1127.0100000000002,28,21,1127.01,0.0,0.0,-2.220446049250313e-16
R_2SIYchF5txvb4ur,415,236,3530.5099999999898,417,237,3841.1500000000005,0.004796163069544335,0.004237288135593209,0.08798728795556787
R_2Sc7RkHYHw76aWg,248,103,6200.069999999985,255,105,6465.66,0.027450980392156876,0.01941747572815533,0.04283661313501552
R_2SdTIZ3yJDeoull,99,76,3191.8099999999986,101,78,3350.63,0.01980198019801982,0.026315789473684292,0.049758600919228124
R_2SdTz3Z6EBi5IpB,598,220,13798.25999999996,612,221,14149.290000000003,0.022875816993464082,0.00454545454545463,0.02544016419461892
R_2Se2NF3W7re09yf,86,43,2074.790000000001,87,43,2091.78,0.011494252873563204,0.0,0.008188780551284358
R_2Ser7goSgo0gVBj,633,342,14241.52999999992,655,350,14820.999999999998,0.03358778625954195,0.023391812865497075,0.04068874622319929
R_2Sf9qUuSJuIUfg2,87,56,3233.8699999999935,88,57,4333.860000000001,0.011363636363636354,0.017857142857142794,0.34014663545535506
R_2SiVXI2QZ5GDasH,835,473,17765.72,850,479,18028.64,0.01764705882352946,0.012684989429175397,0.014799287616825918
R_2SiXkZxNq21reCS,296,117,7189.879999999965,303,118,7402.65,0.02310231023102305,0.008547008547008517,0.029592983471217416
R_2SksQStmmNpRaiB,281,185,10555.06999999998,287,187,10802.310000000003,0.020905923344947785,0.0108108108108107,0.023423814337567128
R_2SlgQWzfKwbWUov,595,297,11343.059999999954,609,300,11575.16,0.02298850574712641,0.010101010101010166,0.020461850682271576
R_2SowakeS8ZQebAD,420,138,7743.439999999968,425,138,7832.52,0.0117647058823529,0.0,0.011503931069399842
R_2SoygRRucWXdLxT,339,108,5291.189999999981,350,110,5581.210000000001,0.03142857142857147,0.0185185185185186,0.054811866517743724
R_2SqSD8OrS7uQi3n,215,120,6539.95999999998,224,122,6995.31,0.0401785714285714,0.016666666666666607,0.06962580810892138
R_2SqWTZJSEFu0jiK,908,320,18221.649999999987,930,329,18936.8,0.023655913978494647,0.028124999999999956,0.039247269045339594
R_2SvpYLyaAECyXfr,23,18,965.03,24,18,979.02,0.04166666666666663,0.0,0.01449695864377265
R_2SwUvSGD0Anb9Xo,105,61,2393.2699999999995,112,62,2516.84,0.0625,0.016393442622950838,0.05163228553401855
R_2TAYUtpnPVkxsFq,12,10,570.47,12,10,570.47,0.0,0.0,0.0
R_2TAj5UWX19L0U5X,41,16,878.57,44,16,948.0999999999999,0.06818181818181823,0.0,0.07913996608124552
R_2TBmftW1hJkzU7b,137,93,5633.449999999984,144,98,6051.759999999999,0.04861111111111116,0.053763440860215006,0.07425467519903717
R_2TEGPne2Cu1LmmT,488,261,17307.979999999978,493,261,17517.72,0.010141987829614618,0.0,0.012118109681200417
R_2TEHhHhGG0nUPl0,84,62,3020.6099999999997,84,62,3020.61,0.0,0.0,2.220446049250313e-16
R_2TI4euxLM9qQBOa,376,261,13299.799999999976,385,265,13840.470000000001,0.023376623376623384,0.015325670498084198,0.040652491014904424
R_2TKKMv7TMpR8EHA,383,164,6905.839999999974,399,165,7261.830000000001,0.040100250626566414,0.0060975609756097615,0.05154912364028541
R_2TKO641FpWMebOd,603,257,10593.119999999975,606,258,10703.920000000002,0.004950495049504955,0.0038910505836575737,0.010459619073514448
R_2TL7w44l8M5vEok,613,233,17396.37999999997,622,233,17881.45,0.014469453376205754,0.0,0.027883387233437862
R_2TLTMppAcsnGrYQ,56,34,1601.6400000000003,56,34,1601.64,0.0,0.0,-1.1102230246251565e-16
R_2TLur93rwoQN4Th,602,337,15010.329999999984,613,341,15506.870000000003,0.01794453507340943,0.011869436201780381,0.0330798856520822
R_2TMjqyOFnomTeK0,418,251,11856.989999999974,427,253,12282.260000000002,0.021077283372365363,0.007968127490039834,0.035866606955055946
R_2TOkoRACY7yBNRm,105,74,2706.3899999999953,108,76,2745.0099999999998,0.02777777777777779,0.027027027027026973,0.014269931532411961
R_2TS0B3GqlPn9eGu,112,65,3152.6599999999967,114,65,3191.4000000000005,0.01754385964912286,0.0,0.01228803613456697
R_2TXA2hvlVB8PZfO,59,30,2364.2999999999993,61,31,2710.2900000000004,0.032786885245901676,0.03333333333333344,0.1463392970435229
R_2TXBHPMwNAwKR7Q,300,158,4221.949999999991,303,158,4270.84,0.00990099009900991,0.0,0.011579957128817098
R_2TZbGs7PnuXKEr3,42,24,786.7700000000001,42,24,786.7700000000001,0.0,0.0,0.0
R_2TmKTVoITgoXQmz,94,40,2737.02,96,40,2835.44,0.02083333333333337,0.0,0.03595881652307997
R_2TmxGlIzibhIy1h,15,3,285.18,15,3,285.18,0.0,0.0,0.0
R_2TnuiSdfJ77v7e9,568,227,13519.279999999952,578,231,13697.81,0.01730103806228378,0.017621145374449254,0.013205584912809654
R_2ToOV1oNsaLjnTv,109,81,2649.0299999999993,112,82,2694.74,0.0267857142857143,0.012345679012345734,0.017255372721335815
R_2ToRb0eNQrFNM3u,415,232,10986.15999999996,431,237,11614.839999999998,0.037122969837587005,0.02155172413793105,0.057224726383016566
R_2TsCKRGiAjwQl2h,992,457,24241.99000000012,1007,464,24632.62999999999,0.014895729890764597,0.015317286652078765,0.016114188645398597
R_2TsKflmSJ7ECTe1,29,23,712.21,29,23,712.21,0.0,0.0,0.0
R_2Tts5u5bLVSiIwt,505,216,13669.059999999932,510,216,13884.400000000001,0.009803921568627416,0.0,0.015753826525018555
R_2TuFcjWqzxzC2Cd,175,132,5027.369999999992,178,133,5326.83,0.016853932584269704,0.007575757575757569,0.0595659360659766
R_2TvlIymGfskM9v9,60,39,2853.499999999999,64,40,2960.06,0.0625,0.02564102564102555,0.037343613106711304
R_2Tw1pYGELWTykuP,156,89,2870.6699999999937,157,90,2890.6600000000008,0.006369426751592355,0.011235955056179803,0.006963531161717329
R_2TyNqXQy4tqlDRP,218,82,6203.339999999988,220,82,6300.48,0.009090909090909038,0.0,0.015659306115739513
R_2U0gZProLDLI67D,46,24,645.3800000000002,47,24,662.45,0.021276595744680882,0.0,0.026449533608106535
R_2U0l40aPYAoBJLV,403,278,20533.020000000055,409,283,20860.57,0.014669926650366705,0.017985611510791477,0.015952353818383447
R_2U3f0mE7ZGgYLhZ,57,28,880.7300000000002,59,29,906.59,0.03389830508474578,0.03571428571428581,0.02936200651732057
R_2U45wkV0hf1A79G,471,247,11726.99999999995,490,252,12532.45,0.038775510204081653,0.020242914979757165,0.06868338023365328
R_2U4rstjwoewgGNv,277,153,8174.209999999958,280,155,8233.27,0.010714285714285676,0.013071895424836555,0.007225163043284022
R_2U8TbRGvfB10UAt,44,31,1766.42,46,31,1860.8400000000004,0.04347826086956519,0.0,0.053452746232492965
R_2U9Jk9fsyaEVhgv,435,278,9413.059999999969,440,279,9482.810000000001,0.011363636363636354,0.003597122302158251,0.007409917710078595
R_2U9mEuhxpSv5aA7,1424,652,33281.810000000405,1453,659,34680.79,0.019958706125258074,0.010736196319018454,0.0420343725296064
R_2UVZt35HGVmsoum,39,19,869.2500000000002,41,19,914.81,0.04878048780487809,0.0,0.052412999712395436
R_2UVhfjk1qQb6KI5,545,222,22964.87000000016,562,224,23622.0,0.030249110320284656,0.009009009009008917,0.028614575218576688
R_2UVqdxTYEyCf52R,811,456,20262.49000000008,841,467,21331.879999999997,0.0356718192627824,0.02412280701754388,0.052776830488252546
R_2UWV48wISmhfYqI,115,70,3280.669999999995,117,71,3334.250000000001,0.017094017094017144,0.014285714285714235,0.016332029737829767
R_2UWpwUpnUU92Yah,114,74,4635.10999999999,116,75,4668.24,0.017241379310344862,0.013513513513513598,0.007147618934612243
R_2UXcGktpoM2AYrg,701,393,14773.829999999958,717,400,15188.140000000003,0.02231520223152017,0.01781170483460559,0.02804350666009059
R_2Ua7ev5fWion36a,962,477,19693.110000000044,995,485,20769.430000000004,0.03316582914572863,0.016771488469601747,0.05465464825007116
R_2UaV2vSZDxrE35n,318,185,6913.009999999979,322,185,6969.82,0.012422360248447228,0.0,0.00821783853922109
R_2UbJL30HRjK1sdD,442,263,18246.540000000005,449,268,18922.679999999997,0.015590200445434244,0.019011406844106515,0.03705579249545354
R_2UbJUrmy1ldwwWm,132,30,3061.389999999995,135,30,3099.7799999999997,0.022222222222222254,0.0,0.012540055334343103
R_2UbUEmGy30TkE8M,191,138,2032.8900000000017,198,142,2089.59,0.03535353535353536,0.02898550724637672,0.02789132712542175
R_2Uc0eY0mHq5DQgt,371,212,12675.539999999974,384,218,13076.470000000001,0.03385416666666663,0.028301886792452935,0.031630210626137245
R_2Ucjp97InU6pI1m,477,318,13297.889999999958,487,322,13764.68,0.02053388090349073,0.012578616352201255,0.035102561383801856
R_2UckkA7ZpK0f7lT,52,34,788.5200000000004,55,36,1137.49,0.054545454545454564,0.05882352941176472,0.442563283112666
R_2UctLzmpg4UJRZu,367,215,6842.759999999983,370,216,6897.6,0.008108108108108136,0.0046511627906977715,0.008014310015259651
R_2UfTIFhpicfXgPX,649,294,13264.44999999994,674,301,14744.78,0.0370919881305638,0.023809523809523725,0.11160131026918307
R_2UgruQ1jzpNXLQZ,613,264,7582.659999999961,620,267,7725.8600000000015,0.011290322580645107,0.011363636363636465,0.01888519332266525
R_2V2OaRDTmuvkS3h,251,139,5988.829999999983,257,140,6142.38,0.023346303501945553,0.007194244604316502,0.025639398680546543
R_2V3AHWuz3pHaB7H,1826,846,18884.31,1844,852,19090.739999999998,0.009761388286334105,0.007092198581560183,0.01093129693380357
R_2V7HVsDu8mbPFDf,435,129,10847.089999999962,455,131,11897.05,0.04395604395604391,0.015503875968992276,0.09679646799280195
R_2V8Ac6RCBNKviX0,212,116,4978.119999999986,214,116,5006.959999999999,0.009345794392523366,0.0,0.005793351707072736
R_2V9ImR9eGQwqhoo,9,7,163.17,10,8,179.16,0.09999999999999998,0.1428571428571428,0.09799595513881232
R_2VC0DIxeSbfkTsv,209,142,5474.819999999983,210,143,5514.37,0.004761904761904745,0.007042253521126751,0.007223981793011758
R_2VCMiRJVXAvWTen,462,224,8409.359999999955,472,227,8929.230000000001,0.021186440677966156,0.013392857142857206,0.06182040012558021
R_2VDTJvFdvAEK8AE,45,26,2071.55,48,26,2096.52,0.0625,0.0,0.012053776157949336
R_2VEjaDyhAdA2o7W,60,30,1078.9800000000002,60,30,1078.98,0.0,0.0,-2.220446049250313e-16
R_2VIWjKayaOipDma,1704,522,42538.96000000011,1732,526,44734.619999999995,0.0161662817551963,0.00766283524904221,0.05161527221163564
R_2VJ7KiUFzWY3H0p,434,203,17927.100000000017,438,205,18012.03,0.0091324200913242,0.009852216748768461,0.00473752029050889
R_2VJ8X7CyTWfrVn8,77,40,2182.1299999999997,77,40,2182.13,0.0,0.0,2.220446049250313e-16
R_2VJdNqrMivzixoI,36,18,801.0300000000002,36,18,801.03,0.0,0.0,-3.3306690738754696e-16
R_2VL8e1BX9FsuiCT,460,203,13430.799999999965,478,207,13853.449999999999,0.03765690376569042,0.019704433497536922,0.03146871370283488
R_2VNKgvs9hlcy6RT,874,400,20372.980000000083,883,403,23425.089999999997,0.010192525481313663,0.007500000000000062,0.14981166230958354
R_2VOnAk4olRc2qX8,207,101,6583.209999999982,213,103,6729.58,0.028169014084507005,0.01980198019801982,0.02223383425411285
R_2VPbKqVsCPL36lS,422,132,6791.189999999961,429,133,6891.42,0.01631701631701632,0.007575757575757569,0.014758827245304529
R_2VPet6qQvuFwQAr,67,32,1625.1500000000003,68,33,1688.9500000000003,0.014705882352941124,0.03125,0.039257914654031945
R_2VQ4fJhyE3krisI,96,49,1745.870000000001,98,49,1768.76,0.020408163265306145,0.0,0.013110941822700894
R_2VQG7Cq554P9Ov7,126,71,5595.489999999991,128,71,6670.48,0.015625,0.0,0.192117222977793
R_2VaWg2jhtCG6zmh,945,548,25092.630000000197,966,559,25954.429999999986,0.021739130434782594,0.02007299270072993,0.03434474584767644
R_2Ve98NPCnS8wzMk,67,26,1786.0900000000008,69,26,1843.8300000000002,0.02898550724637683,0.0,0.03232759827332288
R_2Vg5Du0x87AijTs,186,65,6587.539999999987,187,65,6897.53,0.005347593582887722,0.0,0.04705701976762389
R_2VgZ0EttZLvI0QY,26,19,785.6500000000002,26,19,785.6500000000002,0.0,0.0,0.0
R_2Vjq0u3IGbVbOBl,275,165,5607.179999999981,280,168,5688.030000000001,0.017857142857142905,0.018181818181818077,0.014419012765778838
R_2VkFzKtUReuEWm9,256,155,7058.049999999986,262,158,8686.62,0.022900763358778664,0.019354838709677358,0.2307393685224699
R_2Vky5Hd2QCJTwJT,44,15,1997.3600000000004,45,15,2010.3500000000001,0.022222222222222254,0.0,0.006503584731845979
R_2VpWRgz8AMA7t7T,1104,577,23068.570000000153,1127,581,24398.169999999995,0.020408163265306145,0.006932409012131657,0.05763686262303347
R_2VsCpLMEP8xSuge,333,194,10189.109999999975,341,198,11257.029999999999,0.02346041055718473,0.020618556701030855,0.10480993923905291
R_2Vsju2WVzoX9ueP,8,6,104.86,8,6,104.86,0.0,0.0,0.0
R_2VvStBjp5jR1hKH,13,8,245.62000000000003,13,8,245.62000000000003,0.0,0.0,0.0
R_2VwjXhJ5OznStEi,1988,809,44694.41999999982,2009,814,45187.24999999998,0.010452961672473893,0.006180469715698411,0.011026656123967138
R_2Vx6HINEcSJWbIz,9,4,147.27,10,5,173.51000000000002,0.09999999999999998,0.25,0.17817613906430374
R_2VxLpaBYauMk3iU,1408,435,22214.8800000001,1444,439,23127.770000000004,0.024930747922437657,0.009195402298850519,0.041093627334466865
R_2Vxxas8YTz85ckg,774,407,30783.520000000142,788,412,32224.21999999999,0.017766497461928932,0.01228501228501222,0.046801015608346264
R_2VyJfJ14xDTZniQ,15,10,400.98,15,10,400.98,0.0,0.0,0.0
R_2VyUSFk11bbTVej,2677,794,45975.06000000016,2721,803,46741.769999999975,0.016170525542080094,0.01133501259445846,0.016676650340419652
R_2Vymj1aiyDx3hun,146,73,3452.3299999999936,146,73,3452.3299999999995,0.0,0.0,1.7763568394002505e-15
R_2WAagX64hf1kdMI,1885,742,33415.7600000005,1932,751,34590.67999999998,0.02432712215320909,0.0121293800539084,0.03516065473296037
R_2WAtpUZeSuUt5qk,173,91,3023.789999999991,175,92,3134.17,0.011428571428571455,0.01098901098901095,0.03650385774144693
R_2WDs50tr0PZjXrr,148,89,3086.619999999997,154,89,3207.5600000000004,0.038961038961038974,0.0,0.03918201787068165
R_2WG22kKQqVhH86R,890,496,21750.000000000116,909,502,22487.449999999997,0.020902090209020896,0.012096774193548487,0.03390574712643102
R_2WGwF7VzvL1EVL7,101,61,2535.0699999999974,102,61,2539.3999999999996,0.009803921568627416,0.0,0.0017080396202084902
R_2WHxAVIqdyfoX8D,482,72,4778.3199999999615,492,73,5454.110000000001,0.020325203252032575,0.01388888888888884,0.14142836812939374
R_2WIj92JZ0jczfjG,1727,268,19499.150000000096,1741,268,19857.13,0.008041355542791506,0.0,0.018358748971104122
R_2WMQprO1e6US68f,824,330,21413.460000000116,854,335,22581.989999999998,0.03512880562060894,0.015151515151515138,0.05456988268126106
R_2WMWkiZaazUyfmr,195,131,5424.589999999988,197,131,5541.57,0.010152284263959421,0.0,0.021564763419910316
R_2WMt9IboH8O03gc,224,119,4162.80999999999,230,121,4654.25,0.02608695652173909,0.01680672268907557,0.1180548715891454
R_2WPtjBPlJszCwQl,186,66,3694.029999999987,189,66,3747.0000000000005,0.015873015873015928,0.0,0.014339352955989426
R_2WSDyKoVDJhO1Os,267,193,4967.869999999987,273,196,5112.09,0.02197802197802201,0.015544041450777257,0.0290305503163355
R_2WUO75pc34ZmHIV,240,100,10144.009999999977,245,101,10741.089999999998,0.020408163265306145,0.010000000000000009,0.058860352069844524
R_2WV9XVt4hBJfITJ,130,92,3493.0099999999925,136,94,3851.5500000000006,0.044117647058823484,0.021739130434782705,0.10264499672202732
R_2WVFToWQi393WIA,86,37,1659.5800000000004,86,37,1659.5800000000002,0.0,0.0,-1.1102230246251565e-16
R_2WVIxBGaj1uOr8S,841,418,18672.199999999983,858,422,19023.35,0.019813519813519864,0.009569377990430672,0.01880603249751056
R_2WVw3lmZv3Lkg8C,506,141,16229.44999999994,520,144,16765.940000000002,0.02692307692307694,0.02127659574468077,0.03305657308165477
R_2WZ34ccdn1Fltl4,518,239,12954.739999999963,532,243,13147.62,0.02631578947368418,0.01673640167364021,0.014888758863554008
R_2WZPO77ofaGQyBR,113,62,2165.6000000000013,116,63,2217.86,0.025862068965517238,0.016129032258064502,0.02413188031030611
R_2WtXpsDK0Q6SGvv,387,166,7178.069999999959,398,168,7397.049999999999,0.027638190954773822,0.012048192771084265,0.030506807540194192
R_2Wu88yZoHaNzChK,133,77,3330.5399999999927,137,77,3400.1000000000004,0.029197080291970767,0.0,0.020885502050720817
R_2WuN1R3SeAwzhIF,222,124,4197.229999999989,232,128,4403.57,0.0431034482758621,0.032258064516129004,0.049160994274798364
R_2WumP0iKDvwiM2r,631,394,19065.960000000003,638,396,19273.090000000004,0.010971786833855801,0.0050761421319796,0.010863864185176153
R_2WumnAOCybZNFxx,221,136,3460.4399999999923,225,140,3521.4000000000005,0.01777777777777778,0.02941176470588225,0.017616256892189597
R_2WuuY0g77i5Z7eq,698,435,21114.45000000005,718,442,21569.469999999994,0.027855153203342642,0.016091954022988464,0.021550170617749442
R_2Wv4nxYeG1ijW2W,144,78,3628.9899999999952,149,80,3809.3900000000003,0.03355704697986572,0.02564102564102555,0.04971080107688519
R_2WvawQtC74DuLAN,79,45,2879.709999999997,84,47,4141.570000000001,0.059523809523809534,0.04444444444444451,0.43818995662757887
R_2Ww27zoK4AhPAVM,254,190,7681.399999999984,256,192,7787.380000000001,0.0078125,0.010526315789473717,0.013796964095089015
R_2WwzM8WiFsk4o3g,294,176,6293.48999999998,297,177,6338.710000000001,0.010101010101010055,0.005681818181818121,0.007185202487017817
R_2WxwIp31iX2k3Fx,88,45,1977.5900000000008,89,46,1985.5,0.011235955056179803,0.022222222222222143,0.0039998179602440675
R_2X1h9KVfL3KzT8u,48,34,658.1200000000001,49,35,664.08,0.020408163265306145,0.02941176470588225,0.009056099191636635
R_2X4flRyyhiTPB4p,67,34,1693.1300000000003,67,34,1693.13,0.0,0.0,-1.1102230246251565e-16
R_2X4zTw22waSJRIZ,47,31,1711.9100000000003,48,31,1725.8999999999999,0.02083333333333337,0.0,0.008172158583102718
R_2X5mdNuURaQh7R9,108,45,2764.189999999998,110,45,2789.18,0.018181818181818188,0.0,0.009040623112015478
R_2X6EgWVHbIZF7VL,182,129,2644.609999999996,184,131,2702.39,0.010869565217391353,0.015503875968992276,0.021848212023702462
R_2X6cD7g7IYVpJnS,178,95,2639.489999999997,184,97,2776.9300000000003,0.03260869565217395,0.021052631578947434,0.05207066516637804
R_2XaO5d390HYeZ5d,57,23,808.8900000000002,58,24,823.84,0.017241379310344862,0.04347826086956519,0.018482117469618586
R_2XasM6V6LLwsutN,131,57,2293.5600000000013,134,57,2347.12,0.02238805970149249,0.0,0.02335234308236922
R_2XbKIBwSCWm3wDJ,234,193,8281.119999999983,236,194,8551.0,0.008474576271186418,0.005181347150259086,0.03258979461715539
R_2XbMfw7iPCOBI3Q,64,32,2253.489999999999,66,32,2377.4,0.030303030303030276,0.0,0.054985821991666795
R_2XbxD4y0TC9xKi2,47,35,1258.61,47,35,1258.61,0.0,0.0,0.0
R_2XcHeqtjXcsxznp,239,121,6080.839999999978,240,121,6090.079999999999,0.004166666666666652,0.0,0.0015195269074701478
R_2XdJmAF2o143mtj,96,70,1951.5900000000008,97,70,1963.3799999999999,0.010309278350515427,0.0,0.006041227921847803
R_2XdMB4tf1qMJDlU,1364,441,30057.070000000265,1413,443,31341.77,0.034677990092002786,0.0045351473922903285,0.042742023756797476
R_2XgIs9q9SLkpzcz,1016,520,31447.690000000333,1051,532,32792.539999999986,0.033301617507136005,0.023076923076922995,0.042764667293516245
R_2XgsktfoDDrhQSG,388,150,5938.999999999979,392,151,5969.030000000001,0.010204081632653073,0.006666666666666599,0.005056406802495639
R_2XhQI2sjxP9OIhX,559,342,10036.139999999945,590,355,10494.91,0.05254237288135588,0.03801169590643272,0.04571179756361077
R_2Xiy4KUuKun1iKj,197,115,7392.819999999985,212,119,7984.129999999999,0.07075471698113212,0.034782608695652195,0.07998436320646451
R_2Xj7LtCe2Mt8jNi,913,479,18614.69,929,482,18899.129999999997,0.017222820236813763,0.006263048016701411,0.015280404884529197
R_2Xn5A8skNbA3DXb,305,164,6443.82999999998,318,170,6842.720000000001,0.04088050314465408,0.03658536585365857,0.061902626233159896
R_2XnTa8UZ2c0QgRw,354,222,8405.41999999997,364,227,8602.140000000001,0.027472527472527486,0.022522522522522515,0.023403946501190154
R_2XniK7bvebFbdvp,21,9,707.08,21,9,707.08,0.0,0.0,0.0
R_2XnwTIr876b33Rs,113,66,2985.7599999999957,114,66,3003.75,0.00877192982456143,0.0,0.006025266598790324
R_2XoI6KbLJRGFz5X,2381,858,52507.98999999986,2448,866,54245.859999999964,0.027369281045751648,0.00932400932400923,0.03309724862825836
R_2XoIMjsU1XI9unr,187,125,5103.579999999986,191,127,5933.54,0.020942408376963373,0.016000000000000014,0.1626230998632363
R_2XoY9eLCodDQ7PG,288,120,6590.539999999973,297,122,6827.87,0.030303030303030276,0.016666666666666607,0.03601070625472702
R_2XpoQZjmJ9BOKQR,1524,556,35577.25000000048,1545,558,36595.78999999999,0.013592233009708687,0.003597122302158251,0.02862896935540271
R_2Y52DxnkdAlaiq8,113,76,3558.109999999992,116,78,3871.5900000000006,0.025862068965517238,0.026315789473684292,0.08810295353432274
R_2Y5FZROYd6S1JW2,347,174,6051.069999999963,356,175,6227.99,0.0252808988764045,0.005747126436781658,0.029237804223060992
R_2Y9fPhqa2Xf2QdZ,1000,372,18366.269999999982,1017,374,19024.94,0.01671583087512296,0.005376344086021501,0.035863024990921755
R_2YAk7iAuNrR5Dfr,251,70,6270.639999999985,252,70,6286.63,0.003968253968253954,0.0,0.0025499789495195824
R_2YCU6JHbCzus4zy,216,125,7277.90999999998,220,125,7672.870000000001,0.018181818181818188,0.0,0.05426832703345075
R_2YCZHo7x8Bmh5ac,42,27,630.6200000000001,43,28,644.6,0.023255813953488413,0.03703703703703698,0.022168659414544267
R_2YDKY1n2zHf51tP,23,12,947.74,23,12,947.74,0.0,0.0,0.0
R_2YER9r6cGtKk7a7,71,46,1785.8600000000006,76,50,1878.84,0.06578947368421051,0.08695652173913038,0.052064551532594594
R_2YEwr7udVArG9IG,46,24,879.6500000000003,46,24,879.6500000000001,0.0,0.0,-2.220446049250313e-16
R_2YFLegfpzYFyRpy,55,20,2477.1899999999982,58,22,2686.35,0.051724137931034475,0.10000000000000009,0.08443437927651964
R_2YFY1hXcHTcmRtH,198,115,4334.599999999991,205,115,4444.82,0.034146341463414664,0.0,0.025427951829467332
R_2YJJio1KANIFFO2,85,35,1609.6500000000003,85,35,1609.65,0.0,0.0,-1.1102230246251565e-16
R_2YJLVqCGAyLiODQ,356,138,10222.51999999997,361,138,10371.570000000002,0.013850415512465353,0.0,0.014580553523009243
R_2YK6kp0D3NwX0H9,43,23,595.4000000000001,45,24,630.4200000000001,0.0444444444444444,0.04347826086956519,0.05881760161236138
R_2YKPfnktaDrPIYT,1018,322,19546.110000000004,1029,322,19778.670000000002,0.010689990281827044,0.0,0.011898019605947052
R_2YKwm75bMpyuLW9,695,335,17894.349999999995,704,337,18061.6,0.01278409090909094,0.005970149253731405,0.009346525579303266
R_2YKywNTVPO7hJ0A,107,42,2515.949999999997,108,42,2523.9399999999996,0.0092592592592593,0.0,0.003175738786542759
R_2YLHuI0WiiWMbKI,177,85,3818.369999999991,182,87,3887.9399999999996,0.027472527472527486,0.0235294117647058,0.01821981630905567
R_2YPUmag8Im3MDIV,222,72,4129.589999999989,222,72,4129.59,0.0,0.0,2.6645352591003757e-15
R_2YPn3BGBQEYnIRt,127,72,2412.64,130,74,2441.6100000000006,0.023076923076923106,0.02777777777777768,0.012007593341733847
R_2YQeZHEvWwMkF5q,34,23,1597.7100000000005,34,23,1597.71,0.0,0.0,-3.3306690738754696e-16
R_2YR2Yn7wGzAeAj0,1930,709,70521.84999999993,1996,727,74133.98999999995,0.033066132264529036,0.02538787023977429,0.051220153753765985
R_2YRGyQvfHvDkV8z,540,335,10064.079999999954,554,340,10341.510000000002,0.02527075812274371,0.014925373134328401,0.02756635479845637
R_2YRIGf16PJa2shD,69,45,2376.799999999999,72,46,2450.6699999999996,0.04166666666666663,0.022222222222222143,0.031079602827331243
R_2YRiGsmsqxtUimr,386,179,7712.869999999966,406,182,8434.869999999999,0.049261083743842415,0.016759776536312776,0.09360977171922191
R_2YV9FbQPr8SnA0P,457,192,11310.779999999952,470,194,11715.04,0.02765957446808509,0.01041666666666674,0.03574112483843295
R_2YVQQRVSdj7M8Va,800,432,24213.91000000014,836,443,24969.429999999997,0.0430622009569378,0.02546296296296302,0.031201900064873778
R_2YYB0ZXHHFsMn1o,297,154,8425.649999999978,302,156,8866.279999999999,0.01655629139072845,0.01298701298701288,0.0522962620094618
R_2YaGEfeZQtpLVc8,207,107,4370.09999999999,212,108,4453.570000000001,0.02358490566037741,0.009345794392523255,0.019100249422212334
R_2YbuDFbvaGnuvff,217,112,3494.499999999994,222,113,3610.3,0.022522522522522515,0.008928571428571397,0.033137787952498554
R_2Yce5zXLtFZz2qE,495,275,13891.449999999966,500,276,13947.360000000004,0.010000000000000009,0.0036363636363636598,0.004024777830970772
R_2YeJ7ZNQ5xBFmxw,580,361,15312.569999999934,607,368,16043.780000000002,0.04448105436573313,0.01939058171745156,0.04775227149982464
R_2YeNK8zMAjz7WyR,95,49,1090.5700000000002,95,49,1090.57,0.0,0.0,-2.220446049250313e-16
R_2Yg1mhKIH5TW8mN,223,92,4964.979999999987,230,93,5132.75,0.0304347826086957,0.010869565217391353,0.033790669851643695
R_2YgMqdVXQ7ap4v8,531,365,14614.139999999945,540,368,14890.750000000002,0.01666666666666672,0.008219178082191858,0.01892755919951905
R_2YgscGGqQjXeGhK,81,36,1375.8000000000006,83,37,1440.78,0.02409638554216864,0.02777777777777768,0.04723070213693803
R_2YijCafrDkRdx8U,254,105,4204.689999999983,256,105,4218.67,0.0078125,0.0,0.0033248586697276483
R_2YkUPwjQ50TEEjq,18,8,303.46999999999997,18,8,303.46999999999997,0.0,0.0,0.0
R_2YkZ80PY6z9YT37,149,89,3153.489999999997,154,91,3199.7,0.03246753246753242,0.022471910112359605,0.01465360600477661
R_2YlhHzEptxRGFBL,167,76,3678.409999999995,169,78,3928.3799999999997,0.011834319526627168,0.026315789473684292,0.06795599185517798
R_2YmiCqtyRRmqGj3,240,158,6107.889999999984,245,161,7631.530000000001,0.020408163265306145,0.018987341772152,0.24945439423434612
R_2YqUaWh6eblpHDD,142,76,2780.9899999999952,144,76,2823.9700000000003,0.01388888888888884,0.0,0.015454927921353612
R_2YrIsuxiBaSwICV,635,79,5637.429999999965,644,79,6137.9,0.013975155279503104,0.0,0.08877626861886312
R_2YsjHAMz6J9snFb,77,25,1426.0900000000004,78,25,1433.08,0.012820512820512775,0.0,0.004901513929695511
R_2Ysu2QpwwnLCChx,305,214,10134.409999999993,325,228,11010.24,0.06153846153846154,0.06542056074766345,0.08642140983046942
R_2Yu31boRFb6mCr1,98,51,1542.6200000000008,100,52,1558.5999999999997,0.020000000000000018,0.019607843137254832,0.010358999624015652
R_2YynbgGxQgA13bf,163,75,2936.6099999999938,169,79,3102.86,0.035502958579881616,0.05333333333333323,0.056612897184170397
R_2YzwllA3OWyo30M,732,261,14803.499999999942,743,262,15014.16,0.014804845222072704,0.003831417624521105,0.014230418482119589
R_2ZBMRrCN09X0ZKV,766,282,13823.089999999926,782,285,13957.86,0.020460358056266004,0.010638297872340496,0.009749629062682397
R_2ZBU5PNdR1kOb6q,201,102,6506.619999999988,205,105,6572.17,0.019512195121951237,0.02941176470588225,0.010074355041482796
R_2ZCwBno7W7PmguU,31,19,473.8300000000001,32,19,493.82000000000005,0.03125,0.0,0.04218812654327486
R_2ZDGeuEsPzT9nBn,177,122,1950.0900000000008,177,122,1950.0899999999997,0.0,0.0,-5.551115123125783e-16
R_2ZEQSnRGlS7ZscC,1051,550,27832.51000000028,1071,551,28335.139999999992,0.01867413632119519,0.0018181818181817189,0.018059097077471886
R_2ZEoREY3x7s7zEM,150,126,2426.2999999999975,171,143,2693.6600000000003,0.1228070175438597,0.13492063492063489,0.11019247413757705
R_2ZHo9wnvuEIY0DH,100,80,2197.22,100,80,2197.2200000000003,0.0,0.0,2.220446049250313e-16
R_2ZHvij28yPTjxOE,799,433,11929.72999999991,817,441,12711.600000000002,0.022031823745410017,0.018475750577367167,0.0655396224390743
R_2ZIHNY6kK2Ife6g,593,272,15329.879999999948,605,273,16385.93,0.01983471074380161,0.003676470588235281,0.06888834093939789
R_2ZIHUKwXYNXR0DI,259,122,8339.699999999972,263,124,8399.13,0.01520912547528519,0.016393442622950838,0.007126155617111829
R_2ZIvE4bPXZXhf0T,9,6,159.84999999999997,9,6,159.85,0.0,0.0,2.220446049250313e-16
R_2ZK2OE3L10Eo2vx,23,14,430.1700000000001,23,14,430.16999999999996,0.0,0.0,-2.220446049250313e-16
R_2ZK5JH2NcMfnWuS,379,182,8346.549999999977,385,183,8469.35,0.01558441558441559,0.005494505494505475,0.014712665712183215
R_2ZKqoOzAsMTAnNk,48,34,1061.0600000000002,48,34,1061.0600000000002,0.0,0.0,0.0
R_2ZKwvQaCWvHI4ey,505,242,16357.86999999995,524,246,17111.239999999998,0.0362595419847328,0.016528925619834656,0.04605550722679963
R_2ZNPweVWnwFNjiC,281,81,3365.579999999992,284,81,3496.5200000000004,0.010563380281690127,0.0,0.03890562696474564
R_2ZOgImZ5BSZcQoz,783,299,22936.590000000066,801,303,23657.83,0.022471910112359605,0.013377926421404673,0.031444953238468853
R_2ZOjCN0NmPOTw9H,543,276,23745.26000000013,551,278,24168.6,0.014519056261342977,0.007246376811594235,0.017828400278618428
R_2ZOzP63AylmR887,253,144,8516.619999999984,254,144,8545.58,0.003937007874015741,0.0,0.003400410021817901
R_2ZPqsX1an4DPSal,135,95,3815.119999999996,137,95,3951.1099999999997,0.014598540145985384,0.0,0.03564501247667273
R_2ZQhqi8UnqgEMIo,158,88,3504.679999999996,160,89,3541.62,0.012499999999999956,0.011363636363636465,0.01054019197187861
R_2ZTFfLAcuwm22Yh,1015,380,32435.430000000302,1046,388,33661.17999999999,0.029636711281070705,0.021052631578947434,0.03779046554954513
R_2ZU2290oXuLzisq,509,210,13403.16999999996,529,213,14113.880000000003,0.03780718336483935,0.014285714285714235,0.05302551560563984
R_2ZZSS68rfn9BMtt,122,49,2897.3599999999988,122,49,2897.3599999999997,0.0,0.0,2.220446049250313e-16
R_2ZZvT7qDtXZzTXT,123,78,3554.7699999999977,125,79,3600.75,0.016000000000000014,0.012820512820512775,0.01293473276752155
R_2a6N79YhPHNWjBv,120,79,3263.6099999999938,124,81,3791.09,0.032258064516129004,0.025316455696202445,0.161624703932151
R_2a8rpLIyhmxoRdv,207,53,2475.6899999999964,207,53,2475.69,0.0,0.0,1.5543122344752192e-15
R_2aFBz3vD6yPLBLf,148,57,3035.899999999994,150,58,3060.8799999999997,0.013333333333333308,0.01754385964912286,0.00822820250996581
R_2aFZa3cTIAltqRd,458,253,12767.289999999952,469,257,13073.670000000004,0.023454157782516027,0.015810276679841806,0.023997261752498167
R_2aFurnCFaTm2kzX,119,65,3809.819999999992,124,66,3953.16,0.040322580645161255,0.01538461538461533,0.03762382474762793
R_2aIBZFEO1VsI6xB,104,35,2170.3999999999996,108,36,2216.06,0.03703703703703709,0.02857142857142847,0.021037596756358523
R_2aKRZG8QP41ImcR,405,186,8292.089999999956,408,186,8313.06,0.007352941176470562,0.0,0.002528916111624868
R_2aKnRIuNnEcqWWn,268,141,23288.300000000032,275,145,25221.739999999998,0.025454545454545507,0.028368794326241176,0.0830219466427331
R_2aKrOq0DBielcig,515,372,15091.669999999956,531,382,15779.78,0.030131826741996215,0.026881720430107503,0.045595351607876866
R_2aKybkmbo2d0Vay,309,110,6703.599999999967,313,110,6756.15,0.012779552715655007,0.0,0.007839071543653153
R_2aOUTzNgkEajgjw,113,69,1984.2700000000011,114,69,2019.2599999999998,0.00877192982456143,0.0,0.017633688963698768
R_2aP0GyIR66gSTiR,160,122,1787.7400000000014,163,124,1806.5200000000004,0.018404907975460127,0.016393442622950838,0.010504883260428866
R_2aPLoxPKyV7LSir,16,11,289.35999999999996,16,11,289.36,0.0,0.0,2.220446049250313e-16
R_2aPMLWeVjjgoLoA,598,264,6741.62999999997,616,269,7086.69,0.02922077922077926,0.018939393939394034,0.05118346749970426
R_2aPkBpvjkFtR9bD,157,102,4782.979999999992,159,103,4818.800000000001,0.012578616352201255,0.009803921568627416,0.007489054940645445
R_2aQbEKl3eZydCDl,64,31,1607.6500000000003,66,32,1850.5400000000002,0.030303030303030276,0.032258064516129004,0.15108388019780405
R_2aRHDRQpAhGhdmD,1031,615,21591.9000000001,1054,621,22158.469999999994,0.0218216318785579,0.009756097560975618,0.026239932567300395
R_2aV7W397pASsmOo,101,57,2001.610000000001,103,57,2074.59,0.01941747572815533,0.0,0.036460649177411764
R_2aWA5qQMQhq7HRL,84,18,1379.8400000000004,84,18,1379.8400000000001,0.0,0.0,-1.1102230246251565e-16
R_2aWh3gp0LOMr2rP,104,71,2311.7999999999993,106,73,2588.66,0.018867924528301883,0.028169014084507005,0.11975949476598347
R_2aXreqioeZcvDH1,50,24,1176.8000000000002,50,24,1176.8,0.0,0.0,-2.220446049250313e-16
R_2aY0qGl9YtWv316,773,392,16842.559999999976,793,404,17224.200000000004,0.02522068095838592,0.030612244897959107,0.02265926319989542
R_2aaw2bhbdPwHa1w,26,21,718.13,28,21,804.11,0.0714285714285714,0.0,0.11972762591731301
R_2afWFspSOeog4QC,11,7,213.63,11,7,213.63,0.0,0.0,0.0
R_2afZYlR9lZxsy4J,41,26,1007.6800000000002,41,26,1007.68,0.0,0.0,-2.220446049250313e-16
R_2afdoudnLFPjXSo,106,84,4721.9599999999955,109,85,6055.94,0.02752293577981646,0.011904761904761862,0.28250556972104923
R_2afxBgXyqkJY04O,68,28,3252.819999999994,70,28,3281.8,0.02857142857142858,0.0,0.00890919263900436
R_2agW9mQow8LMpEq,174,105,8980.41999999998,176,107,9028.8,0.011363636363636354,0.01904761904761898,0.0053872758735136195
R_2ahkbz8YjmE3vuw,144,60,4890.35999999999,147,60,4909.62,0.020408163265306145,0.0,0.003938360366110061
R_2alDLWrajjnLX6F,382,183,8689.54999999998,387,183,8785.17,0.012919896640826822,0.0,0.011004022072491848
R_2alEUsLBV9uZSKj,51,14,1827.6100000000004,52,14,1836.09,0.019230769230769273,0.0,0.004639939593239051
R_2alXU7eybD40gy7,270,154,6109.729999999981,276,158,6583.84,0.021739130434782594,0.025974025974025983,0.07759917377691328
R_2aldwxmUZox7Yfd,911,376,17066.509999999937,928,380,17288.43,0.018318965517241326,0.010638297872340496,0.013003244365723532
R_2alybIrtMFx3zDD,2014,586,56184.770000000346,2064,596,58364.93999999999,0.02422480620155043,0.017064846416382284,0.038803576129254
R_2am2kEZGpe6HleR,206,75,4889.769999999985,209,75,5066.72,0.014354066985645897,0.0,0.03618779615401446
R_2amNlc55klRXpK1,31,18,511.2900000000001,31,18,511.29,0.0,0.0,-1.1102230246251565e-16
R_2an9oy1DH2K2W8o,283,81,5768.079999999977,288,83,5863.339999999999,0.01736111111111116,0.024691358024691468,0.016515027530828785
R_2anp6XBwXhcuYxE,335,166,14366.259999999977,339,169,14415.830000000002,0.01179941002949858,0.01807228915662651,0.003450445697072535
R_2arcRfiSGuktBYg,33,15,575.78,33,15,575.7800000000001,0.0,0.0,2.220446049250313e-16
R_2ary1I4SkdMpWws,288,166,6563.589999999978,297,169,6804.78,0.030303030303030276,0.01807228915662651,0.03674665845977931
R_2awplSTVkAfH3Gp,49,27,1339.5800000000002,49,27,1339.58,0.0,0.0,-2.220446049250313e-16
R_2awuEacPaWBUkGg,230,70,4343.299999999989,232,72,4917.29,0.008620689655172376,0.02857142857142847,0.1321552736398619
R_2awxWgzoilIrv93,60,38,1316.9800000000005,60,38,1316.98,0.0,0.0,-3.3306690738754696e-16
R_2axGyt2hsFZDZn8,544,362,22778.540000000125,555,369,24108.149999999998,0.01981981981981984,0.01933701657458564,0.058371168652594285
R_2axdjnr5pU1XpjJ,392,172,11469.179999999964,409,176,12060.62,0.041564792176039145,0.023255813953488413,0.05156776683250586
R_2az4dQRzcF4kQeg,234,133,5358.889999999984,240,135,5483.310000000001,0.025000000000000022,0.015037593984962516,0.023217494667742367
R_2azaaoLBiSg9AiC,1005,513,23434.75000000015,1027,519,24057.229999999992,0.02142161635832518,0.011695906432748648,0.026562263305554223
R_2azdeUYMtQ1OJih,149,76,2500.899999999996,150,76,2517.1800000000003,0.00666666666666671,0.0,0.006509656523653318
R_2b0Cs6lnDpcnGzL,246,118,7481.229999999972,250,118,7943.160000000001,0.016000000000000014,0.0,0.06174519430628789
R_2b1MfkpNO4V6xMv,462,157,13290.329999999962,471,159,13906.11,0.019108280254777066,0.01273885350318471,0.04633293529957805
R_2b1XOZR0PYTA1jX,1236,575,43264.13999999995,1287,580,44780.819999999985,0.03962703962703962,0.008695652173912993,0.03505628448872522
R_2b1vSrje3vtFi67,187,128,6370.139999999985,193,128,6494.7300000000005,0.031088082901554404,0.0,0.01955843984590855
R_2b2HfsI0sUHFVyL,690,379,12787.16999999995,697,380,13032.339999999998,0.010043041606886627,0.0026385224274405594,0.01917312431132534
R_2b3rWdtxovRszfm,225,93,3950.5799999999927,235,94,4217.48,0.04255319148936165,0.010752688172043001,0.0675597000946715
R_2bFoMr1RQvP1aLL,525,323,12015.219999999956,536,326,12438.710000000003,0.020522388059701524,0.009287925696594534,0.03524612949243111
R_2bIBzFGLRT37EZT,22,15,527.63,22,15,527.63,0.0,0.0,0.0
R_2bIczstyl0SzIN4,80,45,1896.8300000000004,84,45,2002.25,0.04761904761904767,0.0,0.05557693625680726
R_2bO84Ktdkq0012R,140,80,3194.979999999995,144,80,3319.1099999999997,0.02777777777777779,0.0,0.038851573405781936
R_2bOT9I7PH69jROd,110,78,3062.509999999996,110,78,3062.51,0.0,0.0,1.3322676295501878e-15
R_2bOxePQdRLlrSF5,87,32,2429.839999999998,88,32,2469.83,0.011363636363636354,0.0,0.01645787376946717
R_2bPZUcXMwF3Vzib,1325,524,37032.76000000016,1351,530,37792.37999999999,0.01924500370096227,0.011450381679389388,0.02051210873831244
R_2bPqsz2zSDeVrzS,213,124,8238.709999999983,223,128,8586.010000000002,0.04484304932735428,0.032258064516129004,0.04215465770733773
R_2bTLZFP7p4CPlTT,455,279,5569.509999999966,470,281,5745.660000000001,0.03191489361702127,0.007168458781362075,0.0316275579000731
R_2bToXEqeq3gv28I,63,18,1887.8400000000004,64,18,1907.8300000000002,0.015625,0.0,0.010588821086532585
R_2bUiaHZeb8qa8uG,66,29,1939.1000000000004,66,29,1939.1,0.0,0.0,-2.220446049250313e-16
R_2bV1u86jJhXJh7j,7,6,180.8,8,7,187.77,0.125,0.16666666666666674,0.038550884955752096
R_2bVQmKqvWLa097x,45,30,2270.7699999999995,47,31,2307.38,0.04255319148936165,0.03333333333333344,0.016122284511421503
R_2bVSCM3iJc3wgJK,487,308,14175.319999999956,496,311,14298.28,0.01814516129032262,0.009740259740259827,0.008674230987381293
R_2bVhRIlk0QpQuYi,33,10,556.0700000000002,33,10,556.0699999999999,0.0,0.0,-4.440892098500626e-16
R_2bW4aarsfN4ohuV,125,43,3294.729999999996,128,43,3381.5900000000006,0.0234375,0.0,0.02636331353403909
R_2bZegGjMiS1Luvj,134,97,5463.689999999994,135,97,5482.18,0.007407407407407418,0.0,0.003384159789447505
R_2c0HSktNV0gqAh9,272,89,6937.0999999999785,282,89,7279.660000000002,0.03546099290780147,0.0,0.0493808652030423
R_2c0LvQZZyDEtFnA,345,227,7291.699999999975,352,231,7452.130000000002,0.019886363636363646,0.017621145374449254,0.022001727992104314
R_2c0kxk2rIJClCxm,531,222,16970.94999999998,546,227,17333.93,0.027472527472527486,0.022522522522522515,0.021388313559348227
R_2c12UVhtx0YA4jg,93,39,7680.259999999997,99,39,8009.669999999999,0.06060606060606055,0.0,0.042890475062042466
R_2c1UYDhiZ7kSQwD,244,136,6225.929999999988,246,136,6248.209999999999,0.008130081300813052,0.0,0.0035785818343623266
R_2c1s3BLAcJcVmii,450,216,8436.17999999996,460,218,8541.92,0.021739130434782594,0.0092592592592593,0.012534109039878283
R_2c2EaQAx9B87TDi,455,212,13054.439999999948,466,214,13730.640000000001,0.023605150214592308,0.009433962264151052,0.05179846856702053
R_2c2zFkBJcs7MFXI,43,30,931.8800000000002,43,30,931.8800000000001,0.0,0.0,-1.1102230246251565e-16
R_2c5FfLrVx5lxFQQ,13,11,233.49,13,11,233.48999999999998,0.0,0.0,-1.1102230246251565e-16
R_2c631mUa0YmTtWV,524,148,10058.799999999954,536,150,10314.7,0.02238805970149249,0.013513513513513598,0.02544041038692968
R_2c6MujRUgeJkJC4,47,21,948.04,50,21,1152.0,0.06000000000000005,0.0,0.2151386017467618
R_2c6ZPDvvitYUf1E,74,38,1253.000000000001,76,40,1364.49,0.02631578947368418,0.05263157894736836,0.08897845171588115
R_2c6eurXv5jRvtuT,129,75,4031.639999999993,132,76,4134.82,0.022727272727272707,0.01333333333333342,0.025592562828032017
R_2c7P0KnO3rHg32r,159,91,3920.1799999999953,160,92,3945.1700000000005,0.006249999999999978,0.01098901098901095,0.006374707283850478
R_2c7x9eq7kVIBxTQ,179,76,3053.4899999999966,182,77,3193.1099999999997,0.016483516483516536,0.013157894736842035,0.045724728098013534
R_2c7xwiUdPFTdQLj,351,220,10569.589999999964,359,224,10875.400000000001,0.02228412256267409,0.018181818181818077,0.028933004969922127
R_2cA8go1B2rU2JtD,83,57,2063.600000000001,83,57,2063.6000000000004,0.0,0.0,-2.220446049250313e-16
R_2cBADxleVyzT89z,940,457,22572.89000000014,955,462,23091.979999999996,0.015706806282722474,0.010940919037199182,0.022996169298652225
R_2cCUbXO4ck4ZxjE,1383,427,25714.700000000536,1403,434,26292.209999999995,0.014255167498218091,0.016393442622950838,0.02245836039306104
R_2cCx0AHlJbsWbKA,476,255,11381.829999999987,477,255,11401.82,0.002096436058700246,0.0,0.0017563080805118592
R_2cCxAKd7w2q4g8d,33,19,340.32000000000005,33,19,340.32,0.0,0.0,-2.220446049250313e-16
R_2cbjhVUB74akzNq,188,116,16087.41999999999,199,119,19104.29,0.055276381909547756,0.02586206896551735,0.18752975927774718
R_2cblokO1kLZdZKI,190,136,6186.059999999991,191,136,6194.870000000001,0.005235602094240788,0.0,0.001424169826999666
R_2cbwryA0rLvLjnL,230,89,4203.789999999994,234,89,4266.049999999999,0.017094017094017144,0.0,0.01481044486047245
R_2ccFg0mHox1ElSE,141,78,3177.769999999995,142,79,3189.7599999999993,0.007042253521126751,0.012820512820512775,0.003773086157904615
R_2ccGCp4V670rxQy,958,458,13190.129999999926,979,468,13794.68,0.021450459652706866,0.02183406113537112,0.04583351339221653
R_2ccKVp1NeZmvJcy,315,150,8114.879999999974,322,150,8222.95,0.021739130434782594,0.0,0.01331751054852659
R_2cd9jCAamQMAsxe,733,177,14018.36999999994,751,178,14533.83,0.023968042609853524,0.005649717514124353,0.03677032351122578
R_2cdBFX77dZBSWSs,80,55,1922.1500000000008,85,58,2141.3399999999997,0.05882352941176472,0.05454545454545445,0.11403376427437961
R_2cdDkpDqDzaxMGK,454,114,4811.589999999978,458,115,4892.5599999999995,0.008733624454148492,0.00877192982456143,0.016828117108901974
R_2cde4xaJBUPbGeZ,773,255,15706.91999999992,786,255,17075.04,0.01653944020356235,0.0,0.08710300937421778
R_2cdsWcK6yWNSmhS,70,28,3701.489999999997,71,29,3740.1800000000003,0.014084507042253502,0.03571428571428581,0.010452547487634245
R_2ceL9KN7HJm0e43,95,50,1804.980000000001,106,54,2463.5,0.10377358490566035,0.08000000000000007,0.36483506742456906
R_2ceym1bWxLke53s,22,13,1077.72,22,13,1077.72,0.0,0.0,0.0
R_2cmFD4NTF42JLfH,444,87,14127.70999999996,456,88,15846.040000000003,0.02631578947368418,0.011494252873563315,0.12162834599521433
R_2cnNyjA4yHdU4ij,181,110,3021.099999999996,186,111,3116.7999999999997,0.026881720430107503,0.009090909090909038,0.03167720366753968
R_2coOZoRiRqZOdqN,86,38,1707.0800000000006,89,39,1799.0500000000002,0.0337078651685393,0.026315789473684292,0.05387562387234324
R_2cozRynbM2kFaF6,475,196,8985.759999999957,483,198,9122.740000000002,0.0165631469979296,0.010204081632652962,0.015244119584770344
R_2cpVeiPz8GKOxkm,669,288,17443.21999999998,691,291,17980.76,0.03183791606367581,0.01041666666666674,0.030816557952030532
R_2cpjBpTxUz0sR3Y,80,26,1351.6700000000003,80,26,1351.67,0.0,0.0,-2.220446049250313e-16
R_2cuOE8Vi57bFRM8,1349,605,21662.51000000013,1370,609,22223.84,0.01532846715328462,0.006611570247933907,0.025912509676850437
R_2cvgeckGvoIIyzW,204,108,4672.32999999999,212,110,4841.650000000001,0.037735849056603765,0.0185185185185186,0.03623887867509601
R_2cvmrv8q51q8yh1,1283,651,24492.200000000208,1323,660,25582.229999999992,0.03023431594860171,0.01382488479262678,0.04450518940723058
R_2cw4rjR5lnZ4Npj,470,252,25955.980000000152,494,256,27525.350000000002,0.04858299595141702,0.015873015873015817,0.06046275270669188
R_2dBeaxt7r33lzUL,53,20,1353.6500000000008,54,21,1553.64,0.01851851851851849,0.050000000000000044,0.14774129206220166
R_2dEHNCOc5pns5g3,18,14,370.93000000000006,19,14,377.82,0.052631578947368474,0.0,0.01857493327582005
R_2dEe5MXA0pGB5Fr,256,90,8067.31999999998,261,90,8261.86,0.019157088122605415,0.0,0.024114575844273123
R_2dF6KFGsXpdTXQs,99,69,6110.739999999996,100,70,6198.73,0.010000000000000009,0.01449275362318847,0.014399238062821063
R_2dF9dY6XnMjOapK,731,163,13742.78999999993,753,166,14200.9,0.02921646746347939,0.018404907975460016,0.03333457034561915
R_2dFHfsIqQ6eEtVW,542,267,14627.39999999996,557,270,15092.5,0.026929982046678624,0.011235955056179803,0.03179649151592501
R_2dFIbbYWUgwBiHk,3,3,56.879999999999995,3,3,56.879999999999995,0.0,0.0,0.0
R_2dGCaOSuAKevfs7,179,138,11583.099999999971,183,139,12106.060000000001,0.021857923497267784,0.007246376811594235,0.045148535366182685
R_2dGaacOj5xLJbDr,58,14,1422.520000000001,58,14,1422.52,0.0,0.0,-6.661338147750939e-16
R_2dHhwQewrLPWukn,122,65,3062.0899999999974,125,67,3086.06,0.02400000000000002,0.03076923076923066,0.007827986767208861
R_2dHne3wyTYwxWBl,560,284,15239.76999999994,577,290,15730.120000000003,0.029462738301559765,0.021126760563380254,0.032175682441405895
R_2dJVmHgMI38jr3y,152,76,2597.359999999997,153,76,2613.3099999999995,0.006535947712418277,0.0,0.006140850709952739
R_2dKD7iOheWgyN01,306,115,8448.559999999976,310,116,8601.95,0.012903225806451646,0.008695652173912993,0.01815575672067493
R_2dKGe5V8cM8t8Lh,109,62,1709.9900000000005,109,62,1709.9899999999998,0.0,0.0,-4.440892098500626e-16
R_2dKffzwAvXT0QKV,562,161,8732.699999999959,569,161,8832.460000000001,0.012302284710017597,0.0,0.01142372920174095
R_2dL049KyJSlVaMx,32,27,569.1800000000001,34,27,583.16,0.05882352941176472,0.0,0.024561650093116283
R_2dMef2oXr2I6RKU,313,197,10053.789999999974,323,200,12216.46,0.03095975232198145,0.015228426395939021,0.21510992372031157
R_2dQjkDYWyYNuSjS,110,69,2736.069999999999,110,69,2736.07,0.0,0.0,4.440892098500626e-16
R_2dQmuRnBhjbMgNd,142,81,3974.4799999999905,148,81,4139.4,0.04054054054054057,0.0,0.04149473641835155
R_2dRR9SjNrn4s7xU,211,102,5561.299999999989,211,102,5561.3,0.0,0.0,1.9984014443252818e-15
R_2dSe3kBH99Oi0D5,303,181,6130.409999999972,313,186,6316.26,0.03194888178913735,0.027624309392265234,0.030316080001179246
R_2dVVW6wvkXEmYsw,48,29,1632.5000000000005,50,29,1656.44,0.040000000000000036,0.0,0.014664624808575555
R_2dWMLgcNB9pmhBe,26,17,790.7300000000002,26,17,790.7299999999999,0.0,0.0,-4.440892098500626e-16
R_2dWRc2LodSZC6yT,70,39,1237.260000000001,70,39,1237.26,0.0,0.0,-7.771561172376096e-16
R_2dX8oLhgW3U0Q0m,379,216,9729.279999999975,397,218,10426.390000000001,0.04534005037783373,0.0092592592592593,0.0716507285225656
R_2dXwiYpA2ystzCd,337,111,6203.039999999969,346,114,6663.530000000001,0.026011560693641633,0.027027027027026973,0.0742361809693366
R_2dY2NzAgp2digAs,506,288,21086.660000000156,515,294,21764.589999999997,0.01747572815533982,0.02083333333333326,0.0321497098165302
R_2dYGdPlFmvZpCk6,302,128,8369.179999999973,307,129,8462.02,0.016286644951140072,0.0078125,0.011093081998478693
R_2dYdWa6vmPtZBmi,504,245,15579.35999999995,514,246,16218.62,0.01945525291828798,0.004081632653061273,0.0410324942744793
R_2dYk5auG9Fv5Qve,51,21,860.5200000000001,51,21,860.52,0.0,0.0,-1.1102230246251565e-16
R_2dhWPLW3Gyixefe,178,83,5100.5299999999825,187,83,5175.750000000001,0.048128342245989275,0.0,0.014747487025861705
R_2diGjJelIirkHCV,141,46,2126.14,145,47,2186.3599999999997,0.02758620689655178,0.021739130434782705,0.02832362873564298
R_2dihfHjL0WReue6,177,113,3476.759999999991,177,113,3476.76,0.0,0.0,2.6645352591003757e-15
R_2dj3dRaXK0gtaCy,437,244,11779.119999999955,454,252,12760.650000000001,0.037444933920704804,0.032786885245901676,0.08332795658759307
R_2djaIfKORskyeuO,876,285,21326.000000000124,909,289,22180.39,0.0363036303630363,0.01403508771929829,0.04006330301040384
R_2dlRQrBO4HHFGWg,158,61,5858.199999999996,164,61,6021.9800000000005,0.03658536585365857,0.0,0.02795739305588829
R_2dmZyPIDedcDR2J,490,276,22030.880000000117,509,285,23627.969999999994,0.037328094302554016,0.032608695652173836,0.07249324584400929
R_2dmqKX6ss6HMnb7,340,218,5072.259999999967,345,219,5218.140000000001,0.01449275362318836,0.004587155963302836,0.028760355344567445
R_2dp9d9leOJ6XXbN,1690,722,19374.499999999985,1702,724,19688.0,0.007050528789659172,0.0027700831024930483,0.016181062737103735
R_2dpa6TUZ2ogehoZ,46,22,1098.3500000000004,47,22,1109.34,0.021276595744680882,0.0,0.010005917967860434
R_2drQfJcqWLcLnGm,180,77,7511.699999999981,182,77,7778.76,0.01098901098901095,0.0,0.035552538040659165
R_2dtpXL3ow92qYia,250,106,5788.0099999999875,257,108,6356.030000000001,0.027237354085603127,0.018867924528301883,0.09813735636255205
R_2du26zXaU8cUilQ,88,41,3496.509999999999,91,42,3720.4700000000003,0.03296703296703296,0.024390243902439046,0.06405244086246031
R_2dv7xbr7eyfwkxw,18,14,656.0600000000001,18,14,656.0600000000001,0.0,0.0,0.0
R_2dvh9tu7PLPeipE,1351,708,31346.610000000397,1373,718,33562.61999999999,0.016023306627822254,0.01412429378531077,0.07069376879986589
R_2dvk9UuFSRtf7aJ,136,81,2682.029999999998,137,81,2693.9100000000003,0.007299270072992692,0.0,0.004429480654579709
R_2dxMXdrOUumZV2I,386,244,11294.029999999975,393,246,11503.920000000002,0.01781170483460559,0.008196721311475308,0.018584154637452555
R_2dyITPHbbfmCXJn,522,168,15792.759999999951,533,169,16550.71,0.0206378986866792,0.005952380952380931,0.04799351095059068
R_2dyiVIsEABWR3HH,124,58,3104.8199999999943,126,59,3137.8,0.015873015873015928,0.01724137931034475,0.010622193879196162
R_2dz21GRV17aGMQ6,342,218,7764.909999999967,350,221,7992.700000000001,0.02285714285714291,0.013761467889908285,0.029335819732622115
R_2dz3LTOMlLK2R8T,252,77,6403.619999999985,255,78,6450.57,0.0117647058823529,0.01298701298701288,0.0073317904560255
R_2dzIuPT8QnK8NCo,617,163,9189.289999999964,632,164,10324.27,0.02373417721518989,0.006134969325153339,0.12351117442153203
R_2e22WIu9GyCivaX,48,27,1327.6900000000005,48,27,1327.69,0.0,0.0,-3.3306690738754696e-16
R_2e2WQWm1z9j93zW,447,212,10769.329999999958,462,217,11189.320000000003,0.03246753246753242,0.02358490566037741,0.03899871208330019
R_2e38cV58JaByKpt,72,42,1201.2200000000005,75,45,2308.67,0.040000000000000036,0.0714285714285714,0.9219376966750463
R_2e3UMfLV5sMAVqW,56,17,767.1200000000003,56,17,767.12,0.0,0.0,-4.440892098500626e-16
R_2e3bppvzM7Ynmch,346,110,8764.659999999978,348,110,9225.650000000001,0.005747126436781658,0.0,0.05259644983376699
R_2e4rbn396I6cXMY,435,182,10352.809999999954,444,183,10655.990000000002,0.020270270270270285,0.005494505494505475,0.029284802869950166
R_2e54NDgSan7NaX8,449,214,16805.07999999996,455,216,17071.4,0.01318681318681314,0.009345794392523255,0.015847588943345814
R_2e5uE0r1nJvfEkv,9,6,193.51,9,6,193.51,0.0,0.0,0.0
R_2e88p3uAByfi8sR,296,179,6235.649999999969,302,185,6379.600000000001,0.019867549668874163,0.033519553072625774,0.02308500316727735
R_2e8OR7pgD3uDTKa,35,23,680.7500000000002,36,24,700.7,0.02777777777777779,0.04347826086956519,0.029305912596400807
R_2e8OXP3JydqCcm8,537,353,12546.119999999955,544,356,12835.63,0.012867647058823484,0.008498583569405138,0.02307566004470263
R_2e9KCDaD5lkHoEQ,424,188,3981.259999999982,446,193,4313.47,0.04932735426008972,0.02659574468085113,0.08344343248117925
R_2e9bD8grdjxsQBQ,144,89,5050.32999999999,144,89,5050.330000000001,0.0,0.0,2.220446049250313e-15
R_2e9e8lhWqVtpb7m,799,268,15140.559999999905,828,272,15663.250000000002,0.035024154589372025,0.014925373134328401,0.034522501149237605
R_2eOt3aWhoJtGi07,5,5,372.96,5,5,372.96000000000004,0.0,0.0,2.220446049250313e-16
R_2eOtab1oC9I4JJ4,64,30,3465.1199999999976,66,30,3507.0600000000004,0.030303030303030276,0.0,0.012103476935864554
R_2eOv3Cki1qfnEUd,187,70,1202.5000000000002,187,70,1202.5,0.0,0.0,-2.220446049250313e-16
R_2eP9RaoDUn9qgIR,84,49,3111.3899999999976,86,49,3140.12,0.023255813953488413,0.0,0.009233815111574728
R_2eRWBFkVnLg6ueY,98,67,1741.6500000000003,99,68,1760.9999999999998,0.010101010101010055,0.014925373134328401,0.011110154164154284
R_2eRyZubbsYSEg2S,148,79,5016.299999999995,148,79,5016.3,0.0,0.0,1.1102230246251565e-15
R_2eUWEWjmzfqQgCx,339,159,8977.849999999973,345,162,9336.859999999999,0.017391304347826098,0.018867924528301883,0.03998841593477587
R_2eVCymbtZ7HEoUB,301,169,10469.569999999972,308,173,10784.560000000003,0.022727272727272707,0.023668639053254337,0.030086240409112452
R_2eVvJOCbUPKJBLF,234,76,7190.3999999999805,241,79,7970.889999999999,0.02904564315352698,0.03947368421052633,0.10854611704495176
R_2eaIHfPqBAh3Zqa,415,166,8951.149999999954,415,166,8951.150000000001,0.0,0.0,5.329070518200751e-15
R_2eahHEkn4gYfPpS,81,57,2696.769999999998,83,57,2722.7400000000002,0.02409638554216864,0.0,0.00963003889838654
R_2ebyEGI9jY5WIax,120,70,3062.7399999999975,124,70,3192.91,0.032258064516129004,0.0,0.04250115909283925
R_2ebzj3o225IisIQ,2105,940,39960.22000000027,2134,945,40536.749999999985,0.013589503280224902,0.005319148936170137,0.014427598246448792
R_2f1kM62xCV8fir6,264,132,4980.319999999987,275,134,5111.79,0.040000000000000036,0.015151515151515138,0.026397902142836882
R_2f27EFpSQMRhxnI,115,79,3058.1399999999967,116,79,3089.02,0.008620689655172376,0.0,0.010097641049789496
R_2f2HuzhFg7Fnduq,779,456,22069.01000000005,785,458,23303.75,0.007643312101910826,0.004385964912280604,0.055949043477706795
R_2f3d4w7vqBG6l92,239,102,4669.099999999986,250,104,4798.21,0.04400000000000004,0.019607843137254832,0.02765201002334816
R_2f7MFUqYnEv92pF,551,261,14454.21999999996,562,267,15138.320000000002,0.019572953736654797,0.02298850574712641,0.0473287385967589
R_2f8uuZBnUJ3Fr6f,59,52,1289.3900000000003,63,55,1359.35,0.06349206349206349,0.05769230769230771,0.0542582151249813
R_2f9Ei4oz2kgmLFJ,91,51,1307.6000000000006,92,52,1321.5900000000001,0.010869565217391353,0.019607843137254832,0.010698990516977425
R_2fD6Jy2muMgaubH,664,424,19073.52000000003,686,434,19474.14,0.03206997084548102,0.02358490566037741,0.02100398877606069
R_2fDtnk8jwaRUZjn,158,61,5463.249999999986,163,63,5632.450000000001,0.030674846625766916,0.032786885245901676,0.030970576122274274
R_2fE4M9t9gZQtHCQ,42,15,1688.8500000000004,43,15,1700.44,0.023255813953488413,0.0,0.006862658021730583
R_2fGP2IUNlOit4kE,135,87,6004.599999999991,138,89,6064.09,0.021739130434782594,0.02298850574712641,0.009907404323353575
R_2fImfpKkUn0Fl1Z,1062,575,23240.790000000135,1083,575,24355.059999999994,0.01939058171745156,0.0,0.04794458363936216
R_2fIpcmjmR7iDqYo,414,174,8027.739999999963,426,175,8314.46,0.028169014084507005,0.005747126436781658,0.03571615423519403
R_2fJ9xT1RLazSUd4,3,3,185.05,3,3,185.05,0.0,0.0,0.0
R_2fJTjhPhMdpNQLO,155,59,4065.889999999992,159,60,4467.830000000001,0.02515723270440251,0.016949152542372836,0.09885658490515215
R_2fJyhJIzbORi2SC,57,42,1419.9300000000003,57,42,1419.93,0.0,0.0,-1.1102230246251565e-16
R_2fQoqPD5ygeWViN,471,195,21039.510000000097,486,196,22181.17,0.030864197530864224,0.00512820512820511,0.0542626705659921
R_2fczRSkERZkjyDP,359,119,7489.349999999977,367,119,7700.66,0.021798365122615793,0.0,0.028214731585521236
R_2feRvKSb9cwQOgc,21,16,618.46,21,16,618.46,0.0,0.0,0.0
R_2feZdiUVUKMKbmp,115,84,2490.929999999998,116,84,2529.93,0.008620689655172376,0.0,0.015656802880852583
R_2ffGFIWWg0kUQK1,172,61,4446.079999999988,180,61,4628.39,0.0444444444444444,0.0,0.041004660285018035
R_2fiYglD2HzQVm0g,224,107,6504.149999999981,228,108,6561.3,0.01754385964912286,0.009345794392523255,0.008786697723763837
R_2fjlGgn57pSPgdU,248,129,5333.079999999978,256,130,5451.39,0.03125,0.007751937984496138,0.022184178748494876
R_2fjs77gvSmIDAes,84,46,1904.4400000000007,85,46,1917.4299999999998,0.0117647058823529,0.0,0.006820902732561418
R_2foDWbM9hrc4GlL,76,47,1048.3000000000006,76,47,1048.3,0.0,0.0,-6.661338147750939e-16
R_2foIkyims4WyyYQ,447,220,10952.429999999977,449,221,10970.78,0.0044543429844098315,0.00454545454545463,0.001675427279610453
R_2fpS4mILjPqDOeX,4,2,76.28,4,2,76.28,0.0,0.0,0.0
R_2fqVnvxjsSVrRDe,482,193,10822.789999999952,494,194,11715.36,0.02429149797570851,0.005181347150259086,0.08247134056930361
R_2frj956dhgNpdqD,111,68,2393.369999999999,111,68,2393.37,0.0,0.0,4.440892098500626e-16
R_2fs0Ps4LT36ylOI,592,282,15706.399999999936,602,282,15953.14,0.01661129568106312,0.0,0.015709519686246676
R_2fs9tvXgHNz8rMA,100,66,1979.5400000000004,103,69,2048.3500000000004,0.029126213592232997,0.045454545454545414,0.03476060094769484
R_2fuPf0OEnWfOjjm,77,35,1304.5400000000006,77,35,1304.54,0.0,0.0,-5.551115123125783e-16
R_2fusKB1BrcMCMWB,507,282,12054.54999999996,516,285,12268.190000000002,0.01744186046511631,0.010638297872340496,0.01772276858116184
R_2fwcmF11OiCN6PF,95,44,1449.7000000000007,97,44,1514.6799999999998,0.020618556701030966,0.0,0.044823066841414905
R_2fx4q9kzHTIS3EV,85,37,1765.6400000000006,88,37,1843.2,0.03409090909090906,0.0,0.04392741442196568
R_2fxhde3AmAoBQBS,348,141,7344.629999999979,352,141,7377.9400000000005,0.011363636363636354,0.0,0.00453528632484157
R_2fy7JSBbIRNQKLb,337,149,11003.569999999969,341,150,11181.83,0.011730205278592365,0.006711409395973256,0.01620019684520857
R_2gfcoSzxRJDOfdv,85,39,2459.9299999999985,87,39,2572.39,0.02298850574712641,0.0,0.04571674803754644
R_2mAJniG0xVBIInL,1215,498,20818.550000000123,1241,502,21228.399999999998,0.020950846091861375,0.008032128514056325,0.019686769731795506
R_2mCnxi2Pst7t8wV,61,19,1313.3900000000006,62,19,1330.28,0.016129032258064502,0.0,0.012859851224692909
R_2mKYTXpTsUEkSGt,472,343,21458.03000000002,479,349,21675.710000000003,0.014613778705636737,0.017492711370262315,0.01014445408082576
R_2mkWRx6pXyD4WKB,258,164,5980.559999999977,263,165,6047.530000000001,0.019011406844106515,0.0060975609756097615,0.011197948018249804
R_2o7TURimZ8Iz6TL,30,20,1345.4700000000005,30,20,1345.4699999999998,0.0,0.0,-5.551115123125783e-16
R_2ohMwJ89VMqWmQ1,123,74,5293.449999999989,125,75,5376.900000000001,0.016000000000000014,0.013513513513513598,0.015764765889922705
R_2pJetPJO8BJM07E,124,51,3644.419999999993,126,51,3675.73,0.015873015873015928,0.0,0.008591216160598103
R_2pK2zZBvbieDcxb,396,273,4823.57999999999,401,274,4864.330000000001,0.012468827930174564,0.00366300366300365,0.008448082129872692
R_2pKXux3m2M0x38L,52,37,893.9600000000002,52,37,893.96,0.0,0.0,-1.1102230246251565e-16
R_2pKbiSIpze2jP6t,778,403,17928.419999999973,794,413,18594.399999999994,0.02015113350125941,0.02481389578163773,0.03714660856896601
R_2pLAFWDIuMuYPNO,47,33,1862.4600000000005,48,34,1874.41,0.02083333333333337,0.030303030303030276,0.006416245181104285
R_2pPHDZGt8o0cCna,596,449,15593.67999999994,601,450,15720.860000000002,0.008319467554076532,0.00222717149220486,0.008155868274843492
R_2pQU4najBWmK2eS,610,282,20557.76000000009,625,287,22807.629999999997,0.02400000000000002,0.01773049645390068,0.10944139828463317
R_2pReYpR5ZLHJIa0,36,29,926.9500000000004,36,29,926.9499999999999,0.0,0.0,-4.440892098500626e-16
R_2pS5rJEsDinLA22,67,22,1231.34,71,23,1289.69,0.05633802816901412,0.045454545454545414,0.0473873990936704
R_2pS6trX78UqetHg,9,5,240.52,9,5,240.52,0.0,0.0,0.0
R_2pW9tyhr6AsoRsr,231,147,7990.519999999979,241,147,8390.54,0.04149377593360992,0.0,0.05006182326056674
R_2pWAVsUj7WsZHLs,518,245,26965.26000000015,537,249,27456.079999999998,0.035381750465549366,0.01632653061224487,0.018201938345851154
R_2pWPV1jAXWmFSlW,620,245,16833.229999999967,644,251,17635.89,0.037267080745341574,0.02448979591836742,0.0476830649851534
R_2pWwhBj1ZE9iNrB,137,85,7077.829999999987,144,88,7499.68,0.04861111111111116,0.03529411764705892,0.05960160105569279
R_2pXJzGORiEDPmpz,204,113,4330.879999999991,207,115,4418.889999999999,0.01449275362318836,0.017699115044247815,0.02032150509827302
R_2q1T7bTpUriDg78,153,105,8341.919999999986,161,112,10586.57,0.0496894409937888,0.06666666666666665,0.2690807392063239
R_2q1uheRKtxMoKQw,40,23,1298.67,41,23,1307.66,0.024390243902439046,0.0,0.006922466831450702
R_2q2hekIiutgInrE,1149,438,25006.090000000226,1174,445,25405.709999999995,0.021294718909710353,0.015981735159817267,0.015980907051033055
R_2q7CELN85B8I2qU,1194,455,29856.910000000345,1217,457,30692.809999999994,0.01889893179950697,0.00439560439560438,0.02799686906647869
R_2q89YsopFH6bVon,202,136,5731.06999999999,204,138,5779.05,0.009803921568627416,0.014705882352941124,0.008371909608504202
R_2q8FTalUrvHHhJj,1443,779,30846.350000000413,1474,788,31312.719999999987,0.021031207598371737,0.011553273427471034,0.015119130788555868
R_2q8iXF82LthJM66,602,251,40859.029999999984,647,269,43069.700000000004,0.06955177743431218,0.0717131474103585,0.0541048086555167
R_2q9Qi9d6STzOGuw,15,11,339.76,15,11,339.76,0.0,0.0,0.0
R_2qCa6ZE8Ba8iLsG,76,31,1336.0700000000006,76,31,1336.07,0.0,0.0,-5.551115123125783e-16
R_2qD8ep8d313iLj4,733,498,20002.690000000013,741,500,20282.879999999997,0.010796221322537103,0.004016064257028162,0.014007615975650367
R_2qE6u7sWsb2DtXi,46,19,1964.260000000001,46,19,1964.26,0.0,0.0,-4.440892098500626e-16
R_2qEEh58vzt5peUq,117,48,3007.3699999999976,122,50,3174.7000000000003,0.040983606557377095,0.04166666666666674,0.05563997778790197
R_2qEL7V5Gk04Jtva,17,11,538.4499999999999,17,11,538.45,0.0,0.0,2.220446049250313e-16
R_2qENkgJuEZ3grIf,249,116,5689.159999999988,269,121,6536.219999999999,0.07434944237918217,0.0431034482758621,0.14889017007783445
R_2qEmR8eMHJ3bACJ,601,133,8901.28999999993,607,133,8956.53,0.009884678747940745,0.0,0.006205842074583634
R_2qe13k6z2H5lJro,5,4,100.19,5,4,100.19000000000001,0.0,0.0,2.220446049250313e-16
R_2qeXZMff18m7VYW,456,210,18965.22000000004,462,211,19339.27,0.012987012987012991,0.004761904761904745,0.019722945475979525
R_2qfqIL0o3VLaUF4,149,103,3292.1699999999937,155,107,3764.8500000000004,0.03870967741935483,0.03883495145631066,0.143577032777775
R_2qgDsi30H7yPwwA,16,9,203.28000000000003,16,9,203.28,0.0,0.0,-1.1102230246251565e-16
R_2qjAN1lyLAdAxT2,808,355,33261.040000000234,833,364,34716.68,0.03001200480192079,0.025352112676056304,0.043764115613936116
R_2qlPdIFErDrwMIT,1066,430,22821.43000000015,1091,434,23481.0,0.022914757103574712,0.009302325581395321,0.028901344043727573
R_2qlY017cQ9wFTSr,239,133,20352.310000000012,252,137,21051.27,0.051587301587301626,0.03007518796992481,0.034343030348888526
R_2qmBBJlcY2GEDne,148,86,4961.269999999994,150,86,5021.17,0.013333333333333308,0.0,0.012073521497520945
R_2qmTT4GycNBbEQQ,554,263,10294.739999999934,571,267,10770.770000000002,0.02977232924693518,0.015209125475285079,0.0462401187402568
R_2qqG58CotY6iJIT,201,59,3105.3899999999935,207,59,3191.8799999999997,0.02898550724637683,0.0,0.027851574198412
R_2qqJ2Suzi2b36gJ,25,18,428.9100000000001,26,19,538.9,0.038461538461538436,0.05555555555555558,0.25644074514466886
R_2qrgkrgXA9s6xrB,101,22,2020.2500000000005,102,22,2031.2400000000002,0.009803921568627416,0.0,0.0054399208018809375
R_2qsoPZVn3KYMdsc,942,436,17448.579999999954,961,442,17713.75,0.019771071800208095,0.013761467889908285,0.01519722521832989
R_2qt7wi6he67YgdT,53,34,682.8600000000001,53,34,682.8600000000001,0.0,0.0,0.0
R_2qxZ0v6uaLBRkV7,2113,829,41963.22000000025,2150,836,43068.03999999997,0.017209302325581377,0.008443908323281013,0.02632829415854454
R_2qyYuncKG79fN3P,329,126,10846.469999999978,329,126,10846.47,0.0,0.0,1.9984014443252818e-15
R_2qyeiL0ZAGhOrWs,299,198,9333.419999999973,306,202,9502.92,0.022875816993464082,0.02020202020202011,0.01816054565207903
R_2r7Zl5CTeW1dMqd,568,309,23014.720000000125,574,312,24291.75,0.010452961672473893,0.009708737864077666,0.05548753145812202
R_2rA82heHAv0b0jn,995,362,26267.810000000227,1008,368,26818.059999999994,0.012896825396825351,0.016574585635359185,0.02094769225145776
R_2rAXQz9eaMXeau7,533,204,12224.58999999995,550,209,12531.100000000002,0.030909090909090886,0.02450980392156854,0.025073233539943285
R_2rAxbAQHK26EJzl,667,88,8050.9999999999345,670,88,8269.98,0.004477611940298498,0.0,0.02719910570116335
R_2rCkD0PXMmRJMLe,13,9,561.64,14,9,569.6300000000001,0.0714285714285714,0.0,0.01422619471547626
R_2rGU84mWHDrNjun,121,69,5967.579999999995,123,69,6060.889999999999,0.016260162601625994,0.0,0.015636154018882742
R_2rGtUeo1o09A8KA,50,31,850.7300000000001,51,31,863.6800000000001,0.019607843137254943,0.0,0.015222220916154328
R_2rIQ3xPfAH7KF8A,964,310,17191.949999999924,974,314,17537.72,0.010266940451745366,0.012903225806451646,0.02011232001024199
R_2rIokyDoOjDH9iR,222,89,5167.339999999987,228,89,5358.26,0.02631578947368418,0.0,0.03694744297840158
R_2rJBL7LQuHtRJ31,147,85,5830.239999999983,151,86,5898.3,0.026490066225165587,0.0117647058823529,0.011673618924781248
R_2rJyfdZGQD2rif2,1103,578,25039.91000000022,1133,588,27991.499999999993,0.026478375992939118,0.01730103806228378,0.11787542367363724
R_2rMJHlcINrHEFVL,1064,495,20895.290000000103,1090,498,21442.43,0.023853211009174258,0.0060606060606061,0.026184848355772727
R_2rOORYLAppqUVWi,23,10,679.9500000000002,23,10,679.9499999999999,0.0,0.0,-3.3306690738754696e-16
R_2rOPRiLTdvFrJFq,435,225,19205.1,444,226,19411.42,0.020270270270270285,0.004444444444444473,0.010742979729342794
R_2rSCIIoYvdTDFXv,125,54,1344.4800000000005,125,54,1344.4799999999998,0.0,0.0,-5.551115123125783e-16
R_2rSlWwRdKgTzU13,57,40,2371.5,59,41,2556.4700000000003,0.03389830508474578,0.02499999999999991,0.0779970482816783
R_2rTKqkY0B6KB2Gl,44,21,960.24,44,21,960.2400000000001,0.0,0.0,2.220446049250313e-16
R_2rTPf8FZmr95JGX,251,140,6010.709999999984,261,142,6378.0199999999995,0.03831417624521072,0.014285714285714235,0.06110925331616679
R_2rUZ5OWKwvV0JrM,235,145,4085.009999999984,238,146,4128.63,0.012605042016806678,0.006896551724137945,0.010678064435586831
R_2rVfgIfX5IVQgoF,193,83,4103.019999999988,197,83,4239.91,0.02030456852791873,0.0,0.033363230011068
R_2rVp4uDv9fYIfdd,787,365,21280.67000000009,811,375,22707.859999999993,0.0295930949445129,0.027397260273972712,0.06706508770635033
R_2rY2mk8Uf0zUqZz,531,290,8130.399999999962,536,292,8187.550000000002,0.009328358208955279,0.006896551724137945,0.007029174456366194
R_2rhW9TWTFHyTrV8,169,75,2607.159999999998,173,76,2699.5299999999997,0.023121387283236983,0.01333333333333342,0.035429356080947105
R_2ri3AN1GYn5VV9a,34,24,849.2800000000002,36,25,871.4200000000001,0.05555555555555558,0.04166666666666674,0.02606914091936674
R_2ri4RVtvkxnZzHj,890,374,20639.22000000012,933,379,21362.97,0.04608788853161838,0.013368983957219305,0.03506673217301204
R_2rk0w1x2224E6dJ,146,106,5176.01999999999,151,109,5313.969999999999,0.0331125827814569,0.028301886792452935,0.026651751732027495
R_2rpTh0K62y8ySKs,117,87,3063.479999999997,119,88,3083.460000000001,0.01680672268907568,0.011494252873563315,0.006521994594384184
R_2rpe9EWNVpUsgvF,70,35,1595.5000000000005,73,36,1694.4600000000003,0.04109589041095896,0.02857142857142847,0.06202444374804128
R_2rpkoWYSank57J6,20,17,1000.9000000000002,23,20,1500.8700000000001,0.13043478260869568,0.17647058823529416,0.49952043161154935
R_2rq1RYK32NVtmhc,380,192,6567.3699999999635,388,193,6697.020000000001,0.020618556701030966,0.005208333333333259,0.019741540373092725
R_2rqIuqTee7Adi7Z,358,225,4388.499999999983,364,227,4516.78,0.016483516483516536,0.008888888888888946,0.02923094451407482
R_2rub5xNqa756dIn,224,134,3724.4599999999887,229,137,3799.4800000000005,0.02183406113537123,0.02238805970149249,0.02014251730452532
R_2rv97sVPbSunBQO,182,108,4675.159999999992,183,109,4679.11,0.005464480874316946,0.0092592592592593,0.0008448908700469104
R_2rwniP38hEzNRQF,283,109,6210.369999999966,293,110,6330.04,0.03412969283276446,0.00917431192660545,0.019269383305670074
R_2s0ZYOLIZ0gImsu,16,8,268.15999999999997,17,8,303.11,0.05882352941176472,0.0,0.13033263723150368
R_2s0jSMfxg63zSw5,437,262,15482.51999999996,451,267,16091.189999999999,0.03104212860310418,0.01908396946564883,0.039313367591324866
R_2s1NERfXcg9x1UQ,991,448,19044.06000000004,1010,454,19657.99,0.01881188118811883,0.013392857142857206,0.032237348548574074
R_2s1oQJdzpDw4s1M,42,37,1609.5800000000004,43,38,1619.56,0.023255813953488413,0.027027027027026973,0.0062003752531714085
R_2s4n0WZMl82meOT,1296,653,23297.210000000137,1318,658,23821.249999999996,0.01669195751138086,0.007656967840734996,0.02249368057376211
R_2s5OzoDX56gIWr0,217,154,6736.379999999985,218,155,6752.37,0.004587155963302725,0.006493506493506551,0.002373678444508087
R_2s5YO3cdqKDFyIM,1179,616,34073.01000000033,1214,626,34693.51999999999,0.02883031301482697,0.016233766233766156,0.0182111882689453
R_2sRWbepslqKPgL7,200,91,4219.309999999991,204,92,4324.05,0.019607843137254943,0.01098901098901095,0.024823964107877572
R_2sRaQTtyjeXx8Tt,240,174,5363.129999999979,246,175,5686.210000000001,0.024390243902439046,0.005747126436781658,0.0602409413905729
R_2sRqLYPSneIHZfJ,296,107,7270.799999999982,303,109,7714.610000000001,0.02310231023102305,0.01869158878504673,0.06104005061341522
R_2sRzKo7JWAsnKuH,11,6,237.13,11,6,237.12999999999997,0.0,0.0,-1.1102230246251565e-16
R_2sSaxHDwxRTJZP3,246,165,5145.899999999994,248,166,5205.88,0.008064516129032251,0.0060606060606061,0.01165588138129503
R_2sSf7h0d1GXhEcA,513,358,4428.089999999969,513,358,4428.090000000001,0.0,0.0,7.105427357601002e-15
R_2sWG0oi460DaGzq,104,49,2464.049999999999,108,49,2543.02,0.03703703703703709,0.0,0.0320488626448332
R_2sXtHG6ikT7UnOF,14,3,249.69,14,3,249.69,0.0,0.0,0.0
R_2sYGxSVJnPBMTu0,17,12,269.88000000000005,17,12,269.88,0.0,0.0,-2.220446049250313e-16
R_2sYHDhT6DJy2U6q,325,120,9059.279999999972,328,120,9087.440000000002,0.009146341463414642,0.0,0.0031084147967643805
R_2sYn1oXcE5aaeU5,256,135,4040.7299999999864,258,135,4071.710000000001,0.007751937984496138,0.0,0.007666931470307281
R_2sbCr0DY5BIHWiF,402,304,5894.089999999983,409,307,5983.970000000001,0.017114914425427896,0.009868421052631637,0.015249173324468845
R_2sbEmqvoBWjZzV9,126,57,2032.550000000001,133,58,2322.93,0.052631578947368474,0.01754385964912286,0.14286487417283644
R_2sbUxZru6HKirgo,22,12,585.2600000000001,22,12,585.26,0.0,0.0,-2.220446049250313e-16
R_2sbf0hqTGFb880u,493,282,9349.409999999958,505,287,9511.64,0.023762376237623783,0.01773049645390068,0.017351897071584466
R_2sd5PkKaNjksDvU,199,101,3760.129999999993,207,105,4316.75,0.03864734299516903,0.03960396039603964,0.14803211591088816
R_2sdyE1uJjHZElM1,1546,638,46891.18000000006,1590,645,48004.76999999999,0.02767295597484276,0.01097178683385569,0.023748389355949806
R_2t2J9GVhcnhj8pX,58,30,524.36,59,30,529.35,0.016949152542372836,0.0,0.009516362804180334
R_2t2UfXrRfbnyKGU,187,91,5401.359999999986,191,92,5614.32,0.020942408376963373,0.01098901098901095,0.03942710724706644
R_2t3ifk3xBqzIWG9,581,235,17067.84999999997,597,238,17636.159999999996,0.02680067001675046,0.012765957446808418,0.03329710537648434
R_2t3tRCYPYTn4xQe,68,47,1426.6100000000006,69,48,1447.2400000000002,0.01449275362318836,0.02127659574468077,0.014460854753576502
R_2t5RLLIzhkZJOII,70,31,1473.8100000000002,70,31,1473.81,0.0,0.0,-1.1102230246251565e-16
R_2t5uladxRwCFEss,450,245,10299.369999999946,453,246,10346.320000000002,0.0066225165562914245,0.004081632653061273,0.004558531249974962
R_2t9f0eSZJgZ7V3k,53,35,1661.1100000000004,54,35,1676.1000000000001,0.01851851851851849,0.0,0.009024086303736523
R_2tDsyPHHxJD0dMK,441,137,6372.799999999966,447,137,6451.18,0.01342281879194629,0.0,0.012299146372086955
R_2tEuzX0j3530EZC,868,500,19686.14999999996,878,506,19915.929999999997,0.011389521640091105,0.01200000000000001,0.011672165456426686
R_2tK9xIUteAzFb42,207,133,5092.089999999984,214,137,5253.780000000001,0.032710280373831724,0.03007518796992481,0.031753170112864826
R_2tKkkn9kmHShB7q,247,170,8426.909999999985,249,172,8531.890000000001,0.008032128514056214,0.0117647058823529,0.012457709884170498
R_2tLs2IiZVKYXymB,1004,474,22884.640000000076,1020,478,23395.079999999994,0.015686274509803977,0.00843881856540074,0.02230491718462324
R_2taM3mpNPF0o1yf,751,242,20744.490000000056,765,244,22463.56,0.018300653594771288,0.008264462809917328,0.08286875213610645
R_2tajYnRL3lW3Bri,408,249,10719.459999999966,414,251,10933.65,0.01449275362318836,0.008032128514056325,0.01998141697436573
R_2tbqMx9jeyHq0EW,103,62,3361.72,106,64,4675.69,0.028301886792452824,0.032258064516129004,0.3908624156681699
R_2tc9WxJNVPJwvOW,641,276,15801.89999999994,659,281,16245.710000000001,0.0273141122913505,0.018115942028985588,0.028085863092417007
R_2tfEDXuyNRcQoWs,439,239,9930.759999999957,447,241,10319.320000000002,0.017897091722595126,0.008368200836819994,0.03912691475778751
R_2tfHzrdo6EEaiWi,593,279,12253.129999999952,607,287,12578.09,0.023064250411861664,0.028673835125448077,0.026520570662357246
R_2tfJ4i7lhRmosCW,64,30,2346.409999999998,64,30,2346.4100000000003,0.0,0.0,8.881784197001252e-16
R_2tfh4rvpUWWJndF,506,301,12758.629999999946,529,308,13263.950000000004,0.04347826086956519,0.023255813953488413,0.03960613326039386
R_2tfh8CJvJCWI7LP,30,17,689.29,30,17,689.29,0.0,0.0,0.0
R_2thaIZ9f2fN3zaY,63,24,1031.0800000000002,65,24,1050.16,0.03076923076923077,0.0,0.018504868681382458
R_2tiesVScqzOYO1M,337,129,7997.329999999968,345,131,8235.650000000001,0.023188405797101463,0.015503875968992276,0.029799945731892263
R_2tlKRSMG9Nc4wa7,22,16,1125.2,24,17,1154.48,0.08333333333333337,0.0625,0.026022040526128665
R_2tlr7K1sP3Ox7Mc,4,3,123.87,4,3,123.87,0.0,0.0,0.0
R_2tlrtwEaex5e5hZ,161,65,3117.2699999999927,163,65,3145.370000000001,0.012269938650306789,0.0,0.009014297766958945
R_2tm6ihZwdA3CyLm,13,6,163.75,14,6,169.74,0.0714285714285714,0.0,0.03658015267175574
R_2tm9zMPq8ZzYFPK,547,220,12585.619999999955,560,220,13038.52,0.023214285714285743,0.0,0.03598551362587199
R_2tmwHXgKbA2OqSS,264,144,5790.249999999982,273,149,5895.420000000001,0.03296703296703296,0.03472222222222232,0.018163291740429077
R_2tn7usvdRXV7JzE,440,183,11245.439999999951,448,184,11558.36,0.017857142857142905,0.005464480874316946,0.027826390074559226
R_2tnWUItCZuEhmXh,313,165,6126.19999999998,317,165,6206.52,0.012618296529968487,0.0,0.013110900721494678
R_2tsxHvvNDxqSRAA,37,19,1349.5,37,19,1349.5,0.0,0.0,0.0
R_2ttheHebJMgjLdW,353,201,9514.169999999966,358,201,9694.76,0.013966480446927387,0.0,0.018981161782902323
R_2ty5PQXuPozuNHy,240,121,11526.52999999999,248,122,11658.37,0.032258064516129004,0.008264462809917328,0.011437960947484838
R_2tyYhOqEzk4TUTg,18,13,482.4300000000001,18,13,482.43,0.0,0.0,-2.220446049250313e-16
R_2tygtwTlYUSUV1D,193,77,3920.0999999999935,195,78,3955.95,0.01025641025641022,0.01298701298701288,0.009145174867989603
R_2tzlui4GFA3VkSz,35,24,700.75,35,24,700.75,0.0,0.0,0.0
R_2tzpJiOoA6cGavb,31,20,972.61,32,21,979.6,0.03125,0.050000000000000044,0.007186847760150439
R_2uCXyvXntq0PcCx,135,66,4118.639999999992,135,66,4118.64,0.0,0.0,1.9984014443252818e-15
R_2uCzO2vX6RqKEfv,445,182,15426.159999999947,468,185,16088.600000000004,0.04914529914529919,0.016483516483516425,0.042942637701155695
R_2uD38dVQrhXDq31,179,71,2832.4999999999955,185,73,2953.04,0.032432432432432434,0.028169014084507005,0.04255604589585338
R_2uDwr4cc8DAqljF,140,62,3065.7299999999955,147,64,3180.1000000000004,0.04761904761904767,0.032258064516129004,0.03730595975510087
R_2uEyNVV1279FnPK,16,12,247.72,17,13,282.71,0.05882352941176472,0.08333333333333326,0.14124818343290801
R_2uHsS7mbfAlwNYW,17,11,284.76000000000005,17,11,284.76,0.0,0.0,-2.220446049250313e-16
R_2uIMLcJgQmb0v3G,1528,777,22946.130000000125,1553,782,23566.459999999995,0.01609787508048932,0.006435006435006496,0.027034188335892217
R_2uJNNtCkkKwNTjC,542,127,12797.81999999995,579,130,14890.060000000001,0.0639032815198618,0.023622047244094446,0.16348409338465908
R_2uJPiIy0KKPBWJp,3,1,19.03,3,1,19.03,0.0,0.0,0.0
R_2uJnrzmcdz6BzLc,256,149,4474.19999999998,267,153,4573.92,0.041198501872659166,0.02684563758389258,0.02228778329087233
R_2uKaOXO8LfgoFf3,416,251,11408.40999999997,421,252,11470.329999999998,0.01187648456057011,0.003984063745019917,0.0054275749206091906
R_2uL1J6k6By8taew,64,29,1868.5300000000004,64,29,1868.5300000000002,0.0,0.0,-1.1102230246251565e-16
R_2uOMPdYOjCCWWfO,35,24,777.1700000000002,35,24,777.1700000000001,0.0,0.0,-1.1102230246251565e-16
R_2uP7cig5cgdJRj6,133,65,3657.559999999996,135,66,3875.54,0.014814814814814836,0.01538461538461533,0.05959710845481814
R_2uP7oZgquEAtCqZ,1066,490,27794.300000000272,1092,492,28442.519999999993,0.023809523809523836,0.004081632653061273,0.02332204804581206
R_2uP9EjqOqKPcp3X,499,287,17523.360000000004,515,292,17890.67,0.031067961165048508,0.017421602787456525,0.020961162699390634
R_2uPP0QfWOUs53oX,322,105,10893.819999999989,334,105,13153.300000000001,0.0359281437125748,0.0,0.20740933850568632
R_2uPcQuKixR5S2ZO,232,131,5290.749999999986,244,136,5540.039999999999,0.049180327868852514,0.03816793893129766,0.04711808344752888
R_2uQjJxSekSWj3qM,310,151,12028.079999999982,318,153,12356.760000000002,0.02515723270440251,0.013245033112582849,0.027326057026559658
R_2uQmjFq5KdiB8kx,297,129,11122.599999999971,309,132,11959.909999999998,0.03883495145631066,0.023255813953488413,0.07528006041753077
R_2uTysluImvxkQBY,586,363,9810.739999999943,600,366,10130.940000000004,0.023333333333333317,0.008264462809917328,0.03263770113162345
R_2uVrjkQADn94ZMp,81,27,1137.3400000000004,86,27,1180.41,0.05813953488372092,0.0,0.037869062901155104
R_2uZDxTZAORBIW1o,925,381,25358.00000000011,951,388,26103.019999999997,0.02733964248159837,0.018372703412073532,0.02938007729315739
R_2uZYpmYB7LyojRr,133,41,2828.0099999999975,135,41,2844.9599999999996,0.014814814814814836,0.0,0.005993613883968685
R_2ugDyrE1yi1FjvH,1150,558,37318.12000000024,1188,569,38724.819999999985,0.03198653198653201,0.019713261648745428,0.037694824926864934
R_2upJNoZ3iIenmWD,247,183,7187.63999999998,249,183,7367.600000000001,0.008032128514056214,0.0,0.025037425357978593
R_2upS0p7bpR4MjRV,115,40,2326.03,117,40,2378.0,0.017094017094017144,0.0,0.022342790075794206
R_2uqaVRuFdQVMLZn,212,119,4281.279999999992,217,122,4437.200000000001,0.02304147465437789,0.025210084033613356,0.03641901487405863
R_2urK0eQ2YRk28la,259,162,3727.699999999993,263,163,3791.05,0.01520912547528519,0.006172839506172867,0.01699439332564512
R_2us4qPSxiD4clPq,50,31,1629.01,51,31,1669.0,0.019607843137254943,0.0,0.024548652248912006
R_2us5G3aJkmhBYul,40,17,944.66,40,17,944.66,0.0,0.0,0.0
R_2uvTZBWrTXZObqv,134,79,3651.2799999999943,139,80,3707.140000000001,0.03597122302158273,0.012658227848101333,0.015298744549858245
R_2uwA4OirDadr11D,253,135,5569.069999999974,257,136,6162.85,0.015564202334630295,0.007407407407407307,0.10662103367349096
R_2uwirdevl1Fu0WB,533,141,14295.099999999946,542,142,14566.16,0.016605166051660514,0.007092198581560183,0.0189617421354209
R_2uyM0V9lBjTJRuT,21,16,382.0700000000001,22,16,392.06000000000006,0.045454545454545414,0.0,0.026147041118119496
R_2uyQHwENySBamVs,777,441,18830.21000000004,794,448,19188.2,0.021410579345088165,0.015873015873015817,0.019011471459955187
R_2v0q80m6Kbiv658,216,116,3005.589999999998,216,116,3005.59,0.0,0.0,6.661338147750939e-16
R_2v2laUXuUZTyjGc,132,58,3007.0699999999956,135,58,3054.06,0.022222222222222254,0.0,0.015626506865488388
R_2v6YXQIISUe7ROI,624,438,12300.509999999947,634,439,12483.290000000003,0.01577287066246058,0.0022831050228311334,0.014859546474093932
R_2vYO5d3Ry8qjf5g,730,377,16181.109999999922,766,387,17514.52,0.04699738903394257,0.02652519893899208,0.08240534796439092
R_2vYeXyFdrSyrVwh,325,184,6777.109999999985,331,187,7000.550000000001,0.01812688821752262,0.016304347826086918,0.03296980571364738
R_2vYykB6gZUnX00B,271,113,16202.019999999984,273,114,16237.769999999997,0.0073260073260073,0.008849557522123908,0.0022065149901069336
R_2vc5pDjp5Xdmb6j,80,50,3169.239999999997,81,50,3180.23,0.012345679012345734,0.0,0.0034677083464815794
R_2vcUqrEnDECYs4j,104,79,4256.819999999998,105,79,4273.780000000001,0.00952380952380949,0.0,0.003984194774503624
R_2vd01zFekGwurY4,73,21,1213.1199999999997,76,21,1239.4599999999998,0.03947368421052633,0.0,0.021712608810340317
R_2ve3990Y7TsELdq,52,26,1149.6600000000003,54,26,1216.6399999999999,0.03703703703703709,0.0,0.05826070316441334
R_2veKBNYz0Tg13je,22,15,536.61,23,15,564.5999999999999,0.04347826086956519,0.0,0.052160787163861855
R_2viT92732GnahDd,262,110,7869.569999999973,270,112,7993.0599999999995,0.029629629629629672,0.018181818181818077,0.015692089910887885
R_2vitBFH8tXlBn3K,315,59,4290.809999999983,326,59,4480.79,0.033742331288343586,0.0,0.04427602247594686
R_2vkK8xwiTfunmDU,157,96,3537.61999999999,162,98,3607.5200000000004,0.030864197530864224,0.02083333333333326,0.0197590470429303
R_2vkMWH10xWp7o9s,1720,558,36184.27000000039,1792,565,39170.18999999999,0.0401785714285714,0.012544802867383575,0.08251983527647688
R_2vlgDtfn3wZCP5E,8,5,103.4,8,5,103.4,0.0,0.0,0.0
R_2w17CtGEJgADOzx,36,6,653.3800000000003,36,6,653.3800000000001,0.0,0.0,-3.3306690738754696e-16
R_2w1wj73hkqGs51r,417,154,8445.98999999996,428,155,8663.14,0.025700934579439227,0.006493506493506551,0.025710425894423405
R_2w4cgTg4Pio3rhs,334,174,7739.469999999973,343,174,7905.55,0.026239067055393583,0.0,0.021458833744433026
R_2w5eKwkAHxducy1,310,216,8582.38999999997,315,218,8689.54,0.015873015873015928,0.0092592592592593,0.012484867268911293
R_2w5m3XJMrF4EdY0,192,113,3818.1199999999894,193,113,3888.11,0.005181347150259086,0.0,0.018331011073515535
R_2w5nlHIgm7y2g6p,313,152,8669.349999999971,315,153,8760.33,0.006349206349206327,0.006578947368421018,0.010494443066669135
R_2w6Kv77UCoeyLbP,538,284,14470.599999999942,545,287,14730.110000000002,0.012844036697247652,0.010563380281690238,0.017933603306017787
R_2w6sfkcYcD7MJM5,42,34,557.9100000000001,42,34,557.9100000000001,0.0,0.0,0.0
R_2wAnAoyvBgQ4MSo,696,330,10440.629999999936,719,336,10810.220000000001,0.03198887343532686,0.018181818181818077,0.035399204837262443
R_2wAz1cWt2ufB63M,76,48,1818.6300000000008,78,49,1920.1100000000001,0.02564102564102566,0.02083333333333326,0.055800245239548074
R_2wBtQSW3WmPZRLq,149,41,2558.2199999999966,156,42,2751.51,0.04487179487179482,0.024390243902439046,0.07555644158829344
R_2wFa9HKdZRkx33l,568,223,14717.589999999946,579,225,15074.09,0.01899827288428324,0.008968609865470878,0.024222715811492046
R_2wG4bC2y3xvtl4e,249,199,7888.179999999975,253,202,8038.640000000001,0.015810276679841917,0.015075376884422065,0.019074108349457886
R_2wGEjtgdbDaipOu,365,165,6838.5399999999745,371,169,6974.84,0.016172506738544423,0.024242424242424176,0.019931154895639347
R_2wGocSHy2iLcevS,177,55,5554.99999999999,177,55,5555.0,0.0,0.0,1.7763568394002505e-15
R_2wHPt5RsGv5et9d,251,98,6210.779999999981,253,99,6469.77,0.007905138339920903,0.010204081632652962,0.0417000763189197
R_2wHU8l18pcYoAtU,789,169,5837.499999999959,791,171,5938.02,0.0025284450063211006,0.01183431952662728,0.017219700214139877
R_2wHwNZWEecJflLc,819,370,18936.440000000028,842,375,19464.64,0.027315914489311144,0.013513513513513598,0.0278933104638448
R_2wKMJ2p8QBDg0UW,9,7,112.76,9,7,112.75999999999999,0.0,0.0,-1.1102230246251565e-16
R_2wKo2LLVgp2Zxdz,82,34,1124.440000000001,84,35,1433.4199999999998,0.023809523809523836,0.02941176470588225,0.2747856710896077
R_2wKoYcEoUBbzBLR,155,107,4005.539999999994,155,107,4005.54,0.0,0.0,1.5543122344752192e-15
R_2wKuMmrh8yJ9vHi,496,347,6691.379999999965,503,351,6839.790000000001,0.013916500994035741,0.011527377521613813,0.02217928140384151
R_2wLTx0XZhS09K19,282,135,5105.099999999985,283,135,5111.09,0.0035335689045936647,0.0,0.0011733364674570979
R_2wM52HPJHb5tspT,77,51,1156.9100000000003,79,52,1172.3500000000001,0.025316455696202556,0.019607843137254832,0.013345895532063778
R_2wQqVnIFDz7CVjp,1120,447,25852.400000000267,1149,449,26609.579999999998,0.0252393385552655,0.004474272930648837,0.029288576689194157
R_2wRVNkYiRVt3DWL,80,39,1484.6700000000003,80,39,1484.67,0.0,0.0,-1.1102230246251565e-16
R_2wRyo5wko1INfxz,392,240,9032.399999999976,404,244,10159.089999999998,0.02970297029702973,0.016666666666666607,0.12473871839157091
R_2wS2aXKSVboHglr,332,119,15329.889999999972,344,121,17005.33,0.03488372093023251,0.01680672268907557,0.10929236935164122
R_2wS6jGIOBEYFA6N,317,167,7211.289999999972,327,170,7374.930000000001,0.030581039755351647,0.017964071856287456,0.022692195155101347
R_2wT7kPnCde4OiMM,86,42,1694.3800000000008,87,42,1722.37,0.011494252873563204,0.0,0.016519316800244876
R_2wTvVgFQ3u7KPKX,229,110,4936.97999999998,238,112,5038.290000000001,0.037815126050420145,0.018181818181818077,0.020520642173964987
R_2wa767qZnAcAlnD,209,152,4364.459999999984,215,155,4491.51,0.027906976744186074,0.019736842105263053,0.029110130462879136
R_2wagDt0ZaSu1p8q,550,373,20061.94000000004,566,386,21053.710000000003,0.028268551236749095,0.034852546916890104,0.049435398570624844
R_2wghBbUyFZDP09O,77,29,1833.9800000000005,83,29,1930.4700000000003,0.07228915662650603,0.0,0.052612351279730296
R_2wgkavEdhrRlvNM,1639,432,44443.71999999993,1658,433,44942.22,0.011459589867309994,0.0023148148148148806,0.011216432827856782
R_2wi68bkschMNtqr,106,56,2497.5900000000006,109,58,2708.4500000000003,0.02752293577981646,0.03571428571428581,0.08442538607217331
R_2wmCdm6ETy6g3k0,329,224,11766.43999999996,341,236,12195.45,0.035190615835777095,0.0535714285714286,0.036460475725881514
R_2wmLE1q4FIpfioi,1714,744,33369.130000000485,1758,752,34685.139999999985,0.025028441410693936,0.010752688172043001,0.03943794758806951
R_2wmLFQjrvMKTYQX,205,99,2978.519999999994,205,99,2978.5200000000004,0.0,0.0,2.220446049250313e-15
R_2wnVOR2xXwg3WyF,177,117,3538.63999999999,181,117,3589.19,0.02209944751381221,0.0,0.014285149096830985
R_2woyYEH5qlAG264,196,127,4307.079999999989,201,129,4531.8,0.02487562189054726,0.015748031496062964,0.052174559098046025
R_2wpJ0XbROzKmDK2,1332,548,45423.23000000013,1369,557,47485.43999999998,0.027027027027026973,0.01642335766423364,0.04539989780559073
R_2wsEjZPqLx1a09x,348,23,2009.5700000000008,349,24,2025.5500000000002,0.002865329512893977,0.04347826086956519,0.007951949919634105
R_2wsgO78uo2UaxT6,1027,330,16114.609999999911,1034,330,16568.23,0.0067698259187620735,0.0,0.028149610819007798
R_2wsihriTqG6n6Sj,160,106,3445.0799999999913,165,107,3511.5400000000004,0.030303030303030276,0.009433962264151052,0.01929127915752593
R_2wtVmKidhQR0wju,560,319,11924.859999999964,584,327,12203.090000000002,0.04109589041095896,0.02507836990595602,0.02333193010232737
R_2wvn7UpDyXY3j9L,36,21,645.4000000000002,36,21,645.4000000000001,0.0,0.0,-2.220446049250313e-16
R_2wzatCV9Z18xLF2,972,507,14747.959999999895,1003,517,15254.37,0.030907278165503538,0.019723865877712132,0.034337630424825516
R_2wzg5iAnEyFC9zz,348,156,8941.049999999967,359,160,9186.2,0.03064066852367686,0.02564102564102555,0.02741847993245039
R_2xDDfk7mkk56se5,16,5,830.6800000000001,16,5,830.6800000000001,0.0,0.0,0.0
R_2xDzDQvZyabirUt,309,181,7363.249999999978,321,181,7614.320000000001,0.03738317757009346,0.0,0.034097715003568174
R_2xFa0iWaNoBKsmC,315,101,5786.979999999982,321,101,5937.879999999999,0.01869158878504673,0.0,0.026075777002861233
R_2xK6jrLgatky4Bp,364,225,11477.919999999973,377,230,11711.770000000002,0.03448275862068961,0.022222222222222143,0.020373900497653752
R_2xK72G1rcP4QmAO,10,6,495.52,10,6,495.52,0.0,0.0,0.0
R_2xL72Ej7Q0oyU5W,198,111,6871.329999999983,199,111,6881.32,0.005025125628140725,0.0,0.001453867009737042
R_2xLEC9nd2M1jiu6,379,182,7385.069999999974,389,183,7560.719999999999,0.02570694087403602,0.005494505494505475,0.023784473268367856
R_2xLvxRKX2448l9k,350,178,7537.529999999975,364,181,8311.25,0.038461538461538436,0.016853932584269593,0.10264901101554846
R_2xMjaU2mfHWIU1z,167,74,3838.849999999994,167,74,3838.85,0.0,0.0,1.5543122344752192e-15
R_2xMobch64onIeYO,390,148,11417.349999999971,396,149,11551.250000000002,0.015151515151515138,0.006756756756756799,0.01172776519945784
R_2xPnZcxP6mIbWhP,55,24,1182.0000000000002,55,24,1182.0,0.0,0.0,-2.220446049250313e-16
R_2xQp0siO6hwdLKh,494,252,7037.7599999999675,511,259,7232.160000000001,0.0332681017612525,0.02777777777777768,0.02762242531715131
R_2xSi1OCICve9fY6,205,69,5264.159999999987,211,70,5567.3,0.028436018957345932,0.01449275362318847,0.05758563569496622
R_2xSjiTunCwEVMUH,75,34,1544.4200000000003,75,34,1544.4199999999998,0.0,0.0,-3.3306690738754696e-16
R_2xUWWDmNfdm90uH,36,25,940.3,36,25,940.3,0.0,0.0,0.0
R_2xVNXylGNDbivoc,244,153,5500.309999999983,249,154,5608.700000000002,0.02008032128514059,0.006535947712418277,0.019706162016326134
R_2xVlLbbkS1YPjik,144,87,2816.929999999995,148,87,3006.8999999999996,0.027027027027026973,0.0,0.06743866549754696
R_2xVmud9WAVwlMuw,82,28,2275.8600000000006,85,28,2493.0400000000004,0.03529411764705881,0.0,0.09542766250999613
R_2xXeQ85UmTBGxcQ,95,37,2053.2600000000007,97,37,2111.59,0.020618556701030966,0.0,0.028408482121114353
R_2xxEyjhELW9C6aW,1474,598,49466.8599999998,1521,605,50657.30999999998,0.030900723208415526,0.0117056856187292,0.024065606751675572
R_2xxHhqsqQKbMBSQ,108,73,2650.2599999999984,114,76,3017.67,0.052631578947368474,0.041095890410958846,0.13863168141993687
R_2xxvsVGQ2kSdXpV,363,119,4378.159999999988,371,120,4453.25,0.021563342318059342,0.008403361344537785,0.017151040619806546
R_2xyOF5gSbwSyBSo,12,11,221.67000000000004,12,11,221.67000000000002,0.0,0.0,-1.1102230246251565e-16
R_2xzV9JURz5h1wdv,101,44,2039.8600000000008,102,45,2067.83,0.009803921568627416,0.022727272727272707,0.013711725314481837
R_2xzc7JBNEgYNAqY,1100,587,24142.950000000194,1121,593,24871.999999999993,0.01873327386262269,0.010221465076660996,0.030197221134939722
R_2y1MJdiEIHh766D,1358,372,38615.24000000001,1370,374,39684.969999999994,0.008759124087591275,0.005376344086021501,0.02770227506031242
R_2y3gu6t87ClzJG6,181,70,3049.4099999999944,184,70,3147.58,0.016304347826086918,0.0,0.03219311276607795
R_2y47f0OMWqlHGi4,81,49,1622.000000000001,81,49,1622.0000000000002,0.0,0.0,-4.440892098500626e-16
R_2y7p58Cp5veeRa6,348,251,9497.429999999966,369,261,10332.52,0.05691056910569103,0.03984063745019917,0.08792799736350121
R_2y8edrQ8p3nRu8v,1034,336,9319.519999999937,1057,344,9696.81,0.021759697256386046,0.023809523809523725,0.04048384466153454
R_2y9JhY7Sfdozn6l,83,62,1581.2700000000004,85,63,1599.25,0.02352941176470591,0.016129032258064502,0.011370607170185787
R_2y9PcIxPBtYiYWN,210,121,6398.259999999985,216,122,6532.389999999999,0.02777777777777779,0.008264462809917328,0.02096351195481505
R_2yaoRp2ppYTA5oe,379,212,9202.129999999976,387,214,11865.85,0.02067183462532296,0.009433962264151052,0.28946776452843337
R_2yeAMKzAkQCd3nW,176,105,6054.709999999987,184,108,6298.03,0.04347826086956519,0.02857142857142847,0.040186895821602286
R_2yf8WeqtV2UO5SE,440,261,11028.869999999964,450,263,11198.110000000002,0.022222222222222254,0.00766283524904221,0.015345180421932447
R_2ygdFv2BO8JcFgT,650,211,14254.949999999944,660,213,15207.650000000001,0.015151515151515138,0.009478672985782088,0.066832924703353
R_2yjckpDXWcsiLPz,726,291,17781.439999999955,739,295,19288.749999999996,0.017591339648173165,0.013745704467353903,0.08476872514262324
R_2yk35dfVrxtTCuf,10,9,480.05,10,9,480.05,0.0,0.0,0.0
R_2ylSbd8k18avYSm,919,549,16785.789999999928,934,555,16976.510000000002,0.016059957173447548,0.010928961748633892,0.011361991303362906
R_2yme87wMCEU528h,205,121,4422.7199999999875,209,123,4655.78,0.019138755980861233,0.016528925619834656,0.05269607843137547
R_2ymfqbLW0tRc3no,115,70,3725.1199999999935,115,70,3725.1200000000003,0.0,0.0,1.7763568394002505e-15
R_2ypE6JHF6y85DwX,139,44,2788.5999999999926,143,44,2930.4700000000003,0.027972027972028024,0.0,0.05087499103493087
R_2yplkUxhAWZaFUL,1854,719,32528.98000000056,1898,725,33352.429999999986,0.023182297154899945,0.008344923504867818,0.025314350465320823
R_2yq5wu0zOhPN1Vj,89,68,1539.020000000001,90,68,1555.0100000000002,0.011111111111111072,0.0,0.010389728528543696
R_2yqk9HbGBdHIe2M,333,69,6372.459999999963,339,69,6462.220000000001,0.017699115044247815,0.0,0.014085612149788096
R_2ysGPQkluBNjsAX,97,50,2080.3000000000006,97,50,2080.2999999999997,0.0,0.0,-4.440892098500626e-16
R_2z5SzAhTBlLEuu2,134,35,2601.7,140,35,2977.0200000000004,0.042857142857142816,0.0,0.14425952261982578
R_2z6ASEYEd1PP5Hu,209,87,7098.039999999982,212,88,7233.7300000000005,0.014150943396226467,0.011494252873563315,0.01911654484900316
R_2z6CfD8uNaRHIj6,37,23,666.82,40,23,689.9200000000001,0.07499999999999996,0.0,0.03464203233256358
R_2z6HVYTxer7XO12,401,254,6208.059999999968,409,255,6423.750000000001,0.019559902200488977,0.003937007874015741,0.034743543071432015
R_2z6LiVVvQldVrWh,439,188,10072.359999999968,445,189,10154.15,0.013483146067415741,0.005319148936170137,0.008120241929401972
R_2z6pmWToR0TLYk2,317,123,5790.729999999979,321,124,5858.200000000001,0.012461059190031154,0.008130081300812941,0.011651380741292128
R_2z7rLZb69WuqDdf,2754,771,65753.21999999965,2833,778,68416.72999999998,0.027885633603953353,0.009079118028534339,0.0405076739968071
R_2z8yiBMflqyv62J,423,199,12499.759999999957,428,199,12578.670000000002,0.011682242990654235,0.0,0.006312921208090794
R_2z92A8GULLlSeMS,215,166,9118.249999999978,218,166,9511.22,0.013761467889908285,0.0,0.043097085515315214
R_2zA3rxZzRWZ8ufq,186,100,3490.679999999993,195,104,3683.2200000000003,0.0461538461538461,0.040000000000000036,0.05515830726391635
R_2zAOD6IbPzXuthy,343,142,11298.07999999997,352,144,11951.41,0.025568181818181768,0.014084507042253502,0.05782663957061995
R_2zARigFdY655hAS,411,115,4037.8999999999824,414,116,4072.8,0.007246376811594235,0.008695652173912993,0.00864310656529832
R_2zC8AbBh1e5CVcK,226,132,5246.2999999999865,227,132,5286.7,0.004405286343612369,0.0,0.007700665230736536
R_2zCmQhJtrw3xBtV,473,196,9284.129999999954,489,199,9803.470000000001,0.03271983640081799,0.015306122448979664,0.055938467039997386
R_2zD58KSXqhHfp5e,473,311,11548.08999999995,486,313,12338.95,0.026748971193415683,0.006430868167202508,0.06848405234112787
R_2zFOAC54lD4z6uu,92,52,3255.3799999999956,93,52,3275.37,0.010752688172043001,0.0,0.006140604169099895
R_2zGs5827faHHXFy,105,85,2570.159999999999,105,85,2570.16,0.0,0.0,4.440892098500626e-16
R_2zGy2Qj3ENruAYs,232,134,6297.469999999985,237,135,6389.24,0.021097046413502074,0.00746268656716409,0.014572518805173296
R_2zMAiLMp7ySjdto,296,197,7525.919999999975,302,199,8577.91,0.019867549668874163,0.010152284263959421,0.1397822458915361
R_2zMUSIO7EjyAEVO,202,136,3817.22999999999,203,136,3831.1200000000003,0.0049261083743842304,0.0,0.0036387642348012506
R_2zMhh48pxUCJZoH,1441,465,24244.41000000018,1472,468,25302.16,0.021059782608695676,0.006451612903225712,0.04362861377116656
R_2zNpJuWE3ykIlGh,65,35,1347.4300000000003,70,39,1465.98,0.0714285714285714,0.11428571428571432,0.08798230705862253
R_2zRSCnBFbSgJpKM,484,197,14097.159999999954,506,203,14681.220000000001,0.04347826086956519,0.030456852791878264,0.041431040010899256
R_2zSlTKG9lhZH3r9,113,61,4732.6599999999935,121,62,5278.400000000001,0.06611570247933884,0.016393442622950838,0.11531358686235804
R_2zTPKZY5tEQjsWK,145,72,4402.97999999999,146,72,4412.27,0.006849315068493178,0.0,0.0021099346351813875
R_2zUBXlqUCKqKDVI,105,74,2903.9199999999983,105,74,2903.92,0.0,0.0,6.661338147750939e-16
R_2zYiVYVYRWyKzRl,5,4,156.0,5,4,156.0,0.0,0.0,0.0
R_2zYlXrEjCOJLRDn,139,60,8093.899999999992,141,60,8613.88,0.014184397163120588,0.0,0.06424344259257064
R_2zZ7CfEvq7LOq8p,387,237,6241.269999999963,394,239,6351.01,0.017766497461928932,0.00843881856540074,0.017582959878364113
R_2zZILpCYQulMji3,60,25,1099.5600000000009,60,25,1099.5600000000002,0.0,0.0,-6.661338147750939e-16
R_2zZmPKa2kMT70qa,270,153,4400.199999999986,279,154,4671.2,0.032258064516129004,0.006535947712418277,0.061588109631383725
R_2zbtlm4SjXPnwlE,44,35,1019.0800000000004,44,35,1019.0799999999999,0.0,0.0,-4.440892098500626e-16
R_2zd20eKHRd12Xxg,134,71,3858.299999999991,134,71,3858.3,0.0,0.0,2.4424906541753444e-15
R_2ze9t15YGQDJxR3,820,360,18547.579999999984,841,364,19415.85,0.024970273483947647,0.011111111111111072,0.04681311524198928
R_2zeSozQQvO6m4Fm,85,27,895.0100000000003,85,27,895.01,0.0,0.0,-3.3306690738754696e-16
R_2zeg77xLv8vJ8zA,382,177,3767.3599999999938,382,177,3767.3600000000006,0.0,0.0,1.7763568394002505e-15
R_2zejCqxwLOr7Mrm,776,459,22443.800000000057,805,471,23083.67,0.03602484472049694,0.02614379084967311,0.028509878006395484
R_2zl2FPoC5r6TsM6,229,164,4829.879999999982,236,166,4924.21,0.029661016949152574,0.012195121951219523,0.0195305059338986
R_2znDusnDkfyOj3m,47,30,1224.9000000000003,47,30,1224.9,0.0,0.0,-2.220446049250313e-16
R_2zol9Fedci2Wv0e,950,431,23211.390000000163,969,436,23897.690000000002,0.019607843137254943,0.011600928074245953,0.02956738049724006
R_2zptLG1N4t7aBbe,12,6,572.69,12,6,572.69,0.0,0.0,0.0
R_2zr4KMH1ZQNAU3v,9,5,279.11,9,5,279.11,0.0,0.0,0.0
R_2zubfTxgRkZA9w0,12,10,574.2,12,10,574.2,0.0,0.0,0.0
R_2zvZKc3RU96nsC7,23,14,793.14,24,14,798.4200000000001,0.04166666666666663,0.0,0.006657084499584132
R_2zvyQAbu6BlFQnr,20,12,511.30000000000007,20,12,511.3,0.0,0.0,-1.1102230246251565e-16
R_2zvyVVCgWFeImSg,120,87,2548.0699999999993,124,89,2653.43,0.032258064516129004,0.02298850574712641,0.041348942532976274
R_2zx5hsFmHCVMOGL,434,135,4654.689999999971,441,140,4767.1500000000015,0.015873015873015928,0.03703703703703698,0.02416057782581249
R_2zx8WHXVF7bHyh3,240,102,8260.309999999978,245,105,8367.75,0.020408163265306145,0.02941176470588225,0.013006775774761836
R_2zzG1u6pYDToyGD,1010,472,18517.67999999997,1021,475,18632.260000000002,0.010773751224289918,0.006355932203389925,0.006187600174537566
R_3006iqWvyrARyM5,324,203,5630.639999999974,328,204,5701.840000000001,0.012195121951219523,0.0049261083743843415,0.012645098958560252
R_301MA8iy9GwvVOe,508,256,12862.499999999958,520,262,13112.8,0.023076923076923106,0.0234375,0.019459669582121863
R_301qJ8vhV7FSEct,1030,322,23810.960000000156,1045,323,24184.13,0.014354066985645897,0.0031055900621117516,0.0156721946532119
R_301uq7vv7YTe7qQ,826,326,22142.81000000012,839,327,22369.030000000002,0.015494636471990453,0.0030674846625766694,0.010216408847832703
R_302AcGuMBj1CfHU,371,213,8910.12999999997,374,215,8959.05,0.008021390374331583,0.009389671361502261,0.0054903800505750056
R_305VVV56lf01p3o,31,17,1158.3200000000002,31,17,1158.3200000000002,0.0,0.0,0.0
R_30608xSlGTOqDvx,170,83,4665.889999999987,173,85,4835.860000000001,0.017341040462427793,0.024096385542168752,0.03642820555135562
R_307d5XTXx5NlkaJ,316,186,4758.7299999999805,325,188,4863.910000000001,0.027692307692307683,0.010752688172043001,0.022102535760595954
R_3093m6Spz9VzxAK,613,268,12163.85999999994,640,270,12850.300000000001,0.042187500000000044,0.00746268656716409,0.056432744211135644
R_30c1vms6gPrbbL0,8,5,149.88000000000002,8,5,149.88,0.0,0.0,-2.220446049250313e-16
R_30f0gTKJr78YCy4,486,274,10790.149999999943,497,275,11020.580000000004,0.02213279678068414,0.0036496350364962904,0.021355588198501474
R_30hR3b94UKIqg2m,79,44,1267.7500000000005,81,45,1288.7399999999998,0.024691358024691357,0.022727272727272707,0.01655689213172895
R_30i8wBqfAJYMNTm,187,127,3246.0599999999945,190,128,3278.9900000000002,0.015789473684210575,0.007874015748031482,0.010144606076291307
R_30kPg5opkenrGPb,443,238,7261.539999999968,448,239,7374.250000000001,0.011160714285714302,0.004201680672268893,0.015521500948839195
R_30kkZEiDILgMfhw,251,154,5046.759999999976,260,158,5174.970000000001,0.0346153846153846,0.025974025974025983,0.025404417883954533
R_30kp7Wf9aTgpeIN,243,125,9734.859999999984,252,130,10026.970000000001,0.0357142857142857,0.040000000000000036,0.0300065948560142
R_30pEbdralSJ73wd,21,11,923.9500000000002,22,11,955.16,0.045454545454545414,0.0,0.03377888413875185
R_30pLPRle51eRImG,279,222,6875.269999999975,281,224,6912.530000000001,0.007117437722419906,0.009009009009008917,0.0054194235280979886
R_30qTlKzhdIqtgiz,383,120,8291.829999999965,392,121,8843.7,0.022959183673469385,0.008333333333333304,0.06655587487925319
R_30tKJbqPUb129Xp,429,234,11150.64999999995,436,236,11410.080000000002,0.016055045871559592,0.008547008547008517,0.02326590826544206
R_30tLi6WqLJxToYS,186,134,3554.7899999999854,187,134,3594.7800000000007,0.005347593582887722,0.0,0.011249609681588835
R_30uDhrRCQ3lqTNE,250,150,5971.50999999998,256,152,6056.400000000001,0.0234375,0.01333333333333342,0.014215834855843879
R_30v4IsTwlZaxIiR,175,125,6122.799999999985,179,127,6632.7300000000005,0.022346368715083775,0.016000000000000014,0.08328379172927702
R_30v53X5idQpo8kP,153,111,3572.039999999996,154,112,3594.01,0.00649350649350644,0.009009009009008917,0.006150547026350317
R_31A7MK65zEMwnkX,591,254,11989.609999999946,612,257,12723.689999999999,0.03431372549019607,0.011811023622047223,0.06122634514384173
R_31ADYMez64zKe2X,793,177,6378.499999999971,807,177,6671.450000000001,0.01734820322180919,0.0,0.04592772595438288
R_31AjH2FjeqAWfhJ,20,16,370.98,23,17,425.96000000000004,0.13043478260869568,0.0625,0.14820205941021092
R_31EHJndIjqp0OfR,370,145,8226.679999999968,385,147,8804.699999999999,0.038961038961038974,0.01379310344827589,0.07026163652895634
R_31FBFlPtMYUheEy,54,28,729.0800000000002,56,29,751.79,0.0357142857142857,0.03571428571428581,0.031148845119876922
R_31FUiVVyxB6Pb8P,56,22,2334.0,56,22,2334.0,0.0,0.0,0.0
R_31GkUpaQZYLfUiX,82,67,2633.3300000000004,82,67,2633.33,0.0,0.0,-2.220446049250313e-16
R_31Gm2oRfrW02nxH,23,13,1027.18,24,14,1077.17,0.04166666666666663,0.07692307692307687,0.048667224829143985
R_31H0ZuIQdkAa8US,152,93,2850.739999999996,154,94,2871.9300000000003,0.012987012987012991,0.010752688172043001,0.0074331577064215
R_31H6YJSlzVQBcEQ,143,97,6676.339999999986,148,99,6970.21,0.03378378378378377,0.020618556701030855,0.04401663186716309
R_31LAZHcaNHPvu3z,470,212,10734.39999999995,479,213,11011.730000000001,0.018789144050104345,0.004716981132075526,0.025835631241620582
R_31LYkoXpSf1q0Ne,224,130,3956.519999999988,224,130,3956.5200000000004,0.0,0.0,3.1086244689504383e-15
R_31LyI2lVjeZ7OVi,91,29,2056.5600000000004,91,29,2056.56,0.0,0.0,-2.220446049250313e-16
R_31MM5x1bJX2MWTy,134,43,2952.619999999994,135,43,2962.61,0.007407407407407418,0.0,0.0033834357282704897
R_31MddZPuw2VomsN,507,329,10399.239999999958,528,339,10799.320000000003,0.03977272727272729,0.03039513677811545,0.03847204218770295
R_31MkP4NtvpSj05l,91,52,1724.1900000000005,91,52,1724.19,0.0,0.0,-2.220446049250313e-16
R_31MoRcfEFe73eTY,304,72,3280.4999999999905,304,72,3280.5,0.0,0.0,2.886579864025407e-15
R_31MyYMIGA4jTZAZ,109,46,2155.69,118,49,2516.2800000000007,0.07627118644067798,0.0652173913043479,0.16727358757520827
R_31N44qfBa7196dC,106,53,2910.1399999999953,109,54,3358.91,0.02752293577981646,0.018867924528301883,0.1542090758520227
R_31NUIACjGZLbQof,7,6,136.2,7,6,136.2,0.0,0.0,0.0
R_31QS1Ms6iQEU3mI,640,316,20444.41000000004,659,321,21536.859999999997,0.028831562974203306,0.015822784810126667,0.05343514437442587
R_31SNC0DcyjBDcq3,665,291,17985.72000000001,676,292,18105.92,0.016272189349112454,0.0034364261168384758,0.006683079687662685
R_31T8fMuMzphe1sL,308,125,10111.069999999974,312,125,10371.890000000001,0.012820512820512775,0.0,0.025795489498146917
R_31TT07OYtzrqP5L,22,16,455.68,22,16,455.67999999999995,0.0,0.0,-1.1102230246251565e-16
R_31TT1wA5qLC8jaX,153,66,4533.899999999996,154,66,4547.56,0.00649350649350644,0.0,0.0030128586867828044
R_31WVVx6GX4RkBkW,20,11,1901.76,21,11,2131.75,0.04761904761904767,0.0,0.12093534410230533
R_31XAIkcT4o6ACp7,277,129,6345.769999999983,284,129,6431.47,0.02464788732394363,0.0,0.01350505927570933
R_31XTJUT1qHoBGRZ,416,219,9580.659999999956,430,222,9781.54,0.032558139534883734,0.013698630136986356,0.020967240252763863
R_31XdA1XZzbQOlxU,93,76,3310.219999999993,97,79,4040.17,0.04123711340206182,0.03947368421052633,0.22051404438375966
R_31Z3z6I4AfFqgF4,17,16,316.97,18,17,336.96,0.05555555555555558,0.0625,0.06306590529072142
R_31ZxYxyOSie94bK,973,420,18338.859999999942,974,420,18347.85,0.0010266940451745254,0.0,0.0004902158585677885
R_31aclNgWw4mxrPd,289,185,5046.679999999984,294,187,5197.300000000001,0.017006802721088454,0.0108108108108107,0.029845363684643633
R_31bj3K9VrF3xiPE,551,103,10141.509999999977,564,104,10951.45,0.023049645390070927,0.009708737864077666,0.07986384670527613
R_31crBZxAsgey3bN,61,23,1182.6900000000005,63,25,1392.67,0.031746031746031744,0.08695652173913038,0.17754441146876987
R_31g6yAJwsmIpVPR,291,52,2205.119999999998,297,54,2281.5600000000004,0.02020202020202022,0.03846153846153855,0.03466478014802021
R_31gUuqxSkTAfMPg,125,40,3099.929999999996,126,40,3109.42,0.007936507936507908,0.0,0.003061359450053258
R_31hZPGWuIvYTHZ9,740,350,21590.65000000002,764,358,23123.219999999994,0.03141361256544506,0.02285714285714291,0.07098304127017818
R_31hpjsH6qTrIyHn,454,261,8442.769999999993,454,261,8442.77,0.0,0.0,8.881784197001252e-16
R_31i2GAL8OJZdUqq,386,202,10232.89999999996,395,204,10447.310000000003,0.02278481012658229,0.00990099009900991,0.020953004524626007
R_31ixLIfyf3xt0RM,184,100,3598.1799999999917,188,100,3658.5,0.021276595744680882,0.0,0.016764030704414123
R_31n2MLk9w05iLzN,654,378,10927.219999999936,674,385,11289.390000000001,0.029673590504451064,0.0185185185185186,0.033143837133330134
R_31nNPxjCXdDYRGk,798,363,18982.889999999967,808,364,19554.04,0.012376237623762387,0.0027548209366390353,0.0300876210102905
R_31ow00zD9f3PW6B,20,15,885.4400000000002,21,16,910.34,0.04761904761904767,0.06666666666666665,0.02812161185399331
R_31pjiIS2z0L0g9l,293,175,5975.659999999978,298,178,6123.52,0.016778523489932917,0.017142857142857126,0.024743710318194667
R_31uVvT36jk3wlHm,159,82,3167.189999999998,162,83,3207.41,0.01851851851851849,0.012195121951219523,0.012698953962345882
R_31vHYfmUkFAL7sQ,41,20,1094.4800000000002,44,22,2473.46,0.06818181818181823,0.10000000000000009,1.259940793801622
R_31yHIoibb7WLDGS,66,19,1001.5900000000006,66,19,1001.59,0.0,0.0,-5.551115123125783e-16
R_31ycQ8SiOEF1cUN,434,264,23463.880000000143,452,272,24275.41999999999,0.03982300884955747,0.030303030303030276,0.03458677763438289
R_322sl9lkckDZD5Y,92,50,2121.1800000000003,94,50,2168.97,0.021276595744680882,0.0,0.022529912595819157
R_322ypxoVpttDXD8,156,98,3211.809999999995,160,99,3274.19,0.025000000000000022,0.010204081632652962,0.0194220704213528
R_322zF0kzv61DYRl,195,72,7109.509999999982,196,72,7130.3,0.005102040816326481,0.0,0.0029242521636538843
R_323eLlTqyrDLgr3,148,65,4395.9899999999925,151,67,4777.93,0.019867549668874163,0.03076923076923066,0.08688372812495215
R_325B8uB2XOflUvO,240,128,4358.359999999985,242,128,4378.11,0.008264462809917328,0.0,0.004531521030849861
R_325wNEypLBLRTf7,544,200,15049.899999999938,550,200,15284.08,0.010909090909090868,0.0,0.015560236280643958
R_325wPQDFbzpv3zZ,735,284,17279.899999999958,765,291,17866.2,0.039215686274509776,0.02464788732394374,0.03392959449997068
R_32JTTc2KQDDEb85,18,13,352.77000000000004,18,13,352.77,0.0,0.0,-1.1102230246251565e-16
R_32LAHRoBCbjkYZj,347,187,6692.83999999997,354,189,6827.5,0.019774011299435013,0.010695187165775444,0.02012000884527798
R_32LB3ZSknwfpFp4,377,272,11125.239999999969,383,274,11305.640000000001,0.015665796344647487,0.007352941176470562,0.016215380522131007
R_32LYdapPvjP8C3O,41,34,1420.24,42,34,1431.74,0.023809523809523836,0.0,0.008097223004562615
R_32MgYCncUh7NkQE,604,271,9534.979999999949,611,274,10570.640000000003,0.011456628477905073,0.011070110701107083,0.10861690323420281
R_32Mm71oAJq2K9XK,2505,635,61334.929999999535,2583,641,63436.649999999994,0.030197444831591147,0.009448818897637823,0.03426628187234382
R_32PFJILCpebqj2I,1015,545,30359.320000000323,1045,552,31210.309999999994,0.028708133971291905,0.012844036697247763,0.0280306014759113
R_32QlciqXM5GfpTX,38,29,886.0400000000002,39,29,952.53,0.02564102564102566,0.0,0.07504175883707265
R_32R69KRWIzuH9Im,763,374,17066.719999999958,783,380,17488.450000000004,0.025542784163473775,0.016042780748663166,0.024710664966674845
R_32RSCpvF0PqDFBp,1059,323,21423.420000000195,1068,325,21620.75,0.008426966292134797,0.006191950464396356,0.009210947645138079
R_32UZncFA03IrQwQ,2802,825,62745.44999999927,2888,835,66816.10999999996,0.029778393351800547,0.0121212121212122,0.0648757798374342
R_32VcKmw1biSyknq,376,74,6239.969999999973,384,74,6338.129999999999,0.02083333333333337,0.0,0.015730844859835225
R_32VlHVeRo7xTWsZ,124,72,3822.7199999999953,130,73,3906.6100000000006,0.0461538461538461,0.01388888888888884,0.021945107148837906
R_32WrYe9Z7XWF8FL,458,270,15928.869999999964,472,275,16292.980000000001,0.029661016949152574,0.0185185185185186,0.022858495298162307
R_32Wsk7ziaut6JrW,172,87,4742.289999999985,178,89,4874.4400000000005,0.0337078651685393,0.02298850574712641,0.027866284010470865
R_32WvdLjYpicai6o,459,256,11742.46999999997,473,262,12009.480000000003,0.029598308668076112,0.0234375,0.022738827520958793
R_32XC8AoellfuKcc,250,144,8373.169999999978,255,145,8584.140000000001,0.019607843137254943,0.00694444444444442,0.02519595326501478
R_32XTYcliABMiwNT,2,1,20.98,2,1,20.98,0.0,0.0,0.0
R_32XV91fRt8ME5SE,168,71,4109.529999999995,173,72,4258.740000000001,0.028901734104046284,0.014084507042253502,0.036308288295743285
R_3315jeTD7rOEiLV,342,251,9824.299999999974,350,254,10076.75,0.02285714285714291,0.01195219123505975,0.025696487281539282
R_331IZVCzZJ6jtKT,53,26,851.71,53,26,851.7099999999998,0.0,0.0,-2.220446049250313e-16
R_331r8PPvTyqKSoh,353,194,11211.749999999958,361,196,11425.559999999998,0.02216066481994461,0.010309278350515427,0.019070171917857648
R_3339NQMzeTisk3b,136,98,2039.2700000000016,136,98,2039.2700000000002,0.0,0.0,-6.661338147750939e-16
R_333cPUAJRgYXqi1,742,321,13963.019999999931,766,325,14567.540000000003,0.031331592689295085,0.012461059190031154,0.04329435895673539
R_336WhTDSFkAvY2i,191,127,6316.3399999999865,197,129,6477.620000000001,0.030456852791878153,0.015748031496062964,0.025533774306008672
R_337tSdhyvzT1Fhc,272,111,9331.589999999976,278,112,9457.650000000001,0.021582733812949617,0.009009009009008917,0.013508951850651929
R_338AsE7QedeQ72w,483,186,9111.199999999955,492,187,9272.68,0.018292682926829285,0.005376344086021501,0.017723241724475924
R_339iXVPjwR19zGl,59,26,1028.5300000000002,59,26,1028.53,0.0,0.0,-2.220446049250313e-16
R_33CMoshOPscuZoK,49,20,1318.88,50,20,1331.8700000000001,0.020000000000000018,0.0,0.009849266043916005
R_33D74iAbniyvdKD,30,18,3183.739999999999,34,21,3524.6199999999994,0.11764705882352944,0.16666666666666674,0.10706904458278643
R_33DpUkKukzoZhXa,124,89,2501.28,132,94,2800.78,0.06060606060606055,0.05617977528089879,0.1197386937887801
R_33Dw8oXaXrUFCue,594,248,14667.999999999907,608,251,15038.49,0.023026315789473673,0.012096774193548487,0.025258385601315547
R_33El0GX9AkXCVDU,454,229,10847.679999999957,464,230,11088.51,0.02155172413793105,0.004366812227074135,0.02220106050326387
R_33a2eGfoj5xSrE2,562,347,11294.809999999949,577,356,12003.990000000003,0.025996533795493937,0.025936599423631135,0.06278813012348672
R_33a4MA36qbvE9o4,252,139,6784.32999999998,254,139,6926.920000000001,0.007874015748031482,0.0,0.021017550738248403
R_33akCFp4vDEVENx,369,203,7915.859999999964,386,209,8276.390000000001,0.04404145077720212,0.029556650246305383,0.04554527240249806
R_33atELTxJdUP4T3,55,39,880.2900000000003,55,39,880.29,0.0,0.0,-3.3306690738754696e-16
R_33d7M6Nr0oXVk6w,1116,267,29895.770000000288,1136,269,30683.49,0.017605633802816878,0.0074906367041198685,0.02634887811886788
R_33dqPtsX8lDC3nH,122,68,2463.259999999998,123,68,2480.25,0.008130081300813052,0.0,0.006897363656293676
R_33dxSOlpYwYOjFE,422,205,8405.079999999956,436,209,8698.640000000001,0.032110091743119296,0.019512195121951237,0.0349264968328733
R_33e7mSbpjZVKW82,142,70,2780.2199999999984,147,73,3034.0400000000004,0.03401360544217691,0.04285714285714293,0.09129493349447237
R_33efXSVVGfbtXGm,113,74,2108.3100000000013,116,74,2136.5799999999995,0.025862068965517238,0.0,0.013408844050447177
R_33fh0DWssIsKwpU,221,109,4939.979999999985,229,112,5033.07,0.03493449781659386,0.02752293577981657,0.018844205846990203
R_33fmWkZdbFSdAqe,190,75,3751.549999999991,195,76,3980.51,0.02564102564102566,0.01333333333333342,0.061030773946771255
R_33gqD4zbwgtDhQC,578,346,14057.44999999995,593,350,14432.62,0.025295109612141653,0.011560693641618602,0.02668833963485917
R_33gtHIhwfU2ZloY,341,138,8769.699999999966,346,139,8826.070000000002,0.014450867052023142,0.007246376811594235,0.006427813950310224
R_33jcUkAZ8knoq82,878,198,17985.170000000006,900,204,18646.700000000004,0.02444444444444449,0.030303030303030276,0.03678197092382218
R_33kXOnRQaZX4laR,19,14,544.6400000000001,19,14,544.64,0.0,0.0,-2.220446049250313e-16
R_33kcOqAkuOfPeI1,290,157,8622.61999999997,295,160,8790.740000000002,0.016949152542372836,0.019108280254777066,0.019497554107688053
R_33kfPoabdOCxwub,217,77,9361.079999999984,226,78,9492.68,0.03982300884955747,0.01298701298701288,0.01405820695902782
R_33lsJEmPv7wPank,107,44,1270.6400000000003,109,44,1293.4,0.01834862385321101,0.0,0.017912233205313655
R_33m7KkdGBd1FBPD,37,19,663.5000000000002,38,19,677.49,0.02631578947368418,0.0,0.021085154483797774
R_33peF2pSQ188ZAJ,61,36,1385.0200000000002,62,37,1400.2100000000003,0.016129032258064502,0.02777777777777768,0.010967350651976293
R_33qcWNizw7jG3fK,54,32,2295.229999999998,54,32,2295.2299999999996,0.0,0.0,6.661338147750939e-16
R_33wIkzVNIsCTsW7,98,41,2130.8000000000006,100,41,2166.69,0.020000000000000018,0.0,0.016843439083911838
R_33xxVtjHgiJnNli,131,105,2959.919999999997,142,112,3167.6100000000006,0.07746478873239437,0.06666666666666665,0.07016743695775696
R_33yyu45asYf9lJ3,33,26,756.4200000000002,34,26,767.6500000000001,0.02941176470588236,0.0,0.014846249438142722
R_39HhVszlqdawZPP,650,356,10221.489999999934,660,360,10363.250000000004,0.015151515151515138,0.011235955056179803,0.013868819516535291
R_39P0jt8uXhs48lb,121,40,3864.019999999996,122,40,3871.51,0.008196721311475419,0.0,0.0019383957639982352
R_3BOSxrIzMJ4BpSh,228,163,4504.779999999987,233,165,4559.21,0.02145922746781115,0.012269938650306678,0.012082721020785225
R_3C9mWQweEu6HA2J,331,120,5770.299999999979,340,125,5882.830000000001,0.026470588235294135,0.04166666666666674,0.019501585706119595
R_3CATeNn9pwYX3bv,691,134,6801.86999999995,693,134,6819.849999999999,0.0028860028860029363,0.0,0.00264339071461972
R_3CBjLbyUvLMsiJP,268,158,4107.449999999989,275,160,4241.75,0.025454545454545507,0.012658227848101333,0.032696685291363714
R_3CD6TeMBrOUiEmu,62,34,1057.9000000000003,65,35,1088.31,0.0461538461538461,0.02941176470588225,0.02874562813120307
R_3CH1YiBOUKEpwDw,218,83,5004.009999999992,224,84,5266.950000000001,0.0267857142857143,0.012048192771084265,0.052545858221707986
R_3CIrjNnjZFOVvWu,608,108,7362.5499999999565,618,108,7467.589999999999,0.016181229773462813,0.0,0.014266796150796068
R_3CKmnc9zwNPauw5,442,225,11453.219999999958,457,235,11744.630000000001,0.03282275711159732,0.04444444444444451,0.02544349973195703
R_3CKteaN7MrzuI42,47,33,915.55,47,33,915.55,0.0,0.0,0.0
R_3COt7hTo2LLI6He,99,39,3305.8299999999995,99,39,3305.83,0.0,0.0,2.220446049250313e-16
R_3CPK4Ao6WTnMD7n,198,105,5180.839999999979,200,105,5207.94,0.010000000000000009,0.0,0.005230811991881801
R_3CTPkeduw6soOUM,18,12,464.52,19,13,492.47,0.052631578947368474,0.08333333333333326,0.0601696374752434
R_3CTqIaRKgDuGP1L,45,17,1305.2600000000002,48,18,1376.14,0.0625,0.05882352941176472,0.05430335718554158
R_3CUBiXKNjzw5DhV,53,32,1413.6200000000006,53,32,1413.6200000000001,0.0,0.0,-3.3306690738754696e-16
R_3CUfonTy5lAHkv2,325,151,8524.879999999966,332,153,9070.29,0.02108433734939763,0.013245033112582849,0.06397861318869436
R_3CVMAH13SNAWjLZ,292,140,5312.749999999985,298,141,5396.2,0.020134228187919434,0.0071428571428571175,0.01570749611783251
R_3CZ8DrIEalrYlgu,176,117,3604.329999999995,182,120,3659.25,0.03296703296703296,0.02564102564102555,0.015237228555655236
R_3CZ8EscoSE4qqLu,76,47,2348.7999999999975,76,47,2348.7999999999997,0.0,0.0,8.881784197001252e-16
R_3CZBHYSzEZSu8yb,259,156,8710.449999999977,265,160,9462.210000000001,0.02264150943396226,0.02564102564102555,0.08630552956506565
R_3Cz2YHvu6adMgQp,248,130,4680.939999999984,252,131,4708.7300000000005,0.015873015873015928,0.007692307692307665,0.005936841745464827
R_3D0FIkesMnTGsnm,800,413,12466.599999999926,821,420,12747.19,0.025578562728379994,0.016949152542372836,0.022507339611447907
R_3D1OqGz1QgTobzj,272,143,7305.559999999974,290,147,7648.55,0.06206896551724139,0.027972027972027913,0.04694917295868173
R_3D624pTJqKkE6ko,369,196,7146.5199999999695,378,198,7384.6,0.023809523809523836,0.010204081632652962,0.03331411652105243
R_3D7xJuXSy25PXbg,473,349,15749.989999999982,477,351,17102.230000000003,0.008385744234800874,0.005730659025787954,0.0858565624486125
R_3D8fwycJF7eksBo,494,206,15597.89999999996,502,207,16088.93,0.015936254980079667,0.004854368932038833,0.031480519813567254
R_3D8iU1uWpKiBsrI,155,89,4751.65999999999,155,89,4751.66,0.0,0.0,1.9984014443252818e-15
R_3D8tZyjLz903WIf,133,71,4802.699999999995,134,71,4822.679999999999,0.007462686567164201,0.0,0.004160159910051364
R_3DTHzBWuB6iePzb,61,31,1270.59,61,31,1270.5900000000001,0.0,0.0,2.220446049250313e-16
R_3Dbw2bzDMkmC4Kt,437,264,14505.13999999997,443,266,14861.979999999996,0.013544018058690765,0.007575757575757569,0.02460093456526624
R_3DdKCo2XOGU4KOT,805,192,7383.999999999959,815,194,7605.9,0.012269938650306789,0.01041666666666674,0.030051462621890845
R_3DdbPgFadLDrK7U,298,194,6414.6699999999755,313,201,6618.240000000001,0.04792332268370603,0.03608247422680422,0.031735069769766255
R_3Ddx3PF1GsBUbzX,767,387,22734.64000000012,781,394,23914.709999999995,0.017925736235595346,0.01808785529715773,0.05190625406867544
R_3DdxQK745EEWMzm,125,70,3813.029999999996,134,71,4405.43,0.06716417910447758,0.014285714285714235,0.15536200869125194
R_3Dh96T8BVc7DG0Q,28,13,1169.18,29,13,1184.17,0.03448275862068961,0.0,0.01282095143604911
R_3DkfpeA5lhL0kXq,388,188,7331.659999999964,397,192,7558.250000000001,0.02267002518891692,0.02127659574468077,0.030905688479830884
R_3DkircP5jOIPPz3,166,106,3731.9099999999903,174,108,3802.81,0.04597701149425293,0.018867924528301883,0.01899831453599088
R_3Dkj7WCrUKoBPHe,71,21,1185.9200000000003,71,21,1185.92,0.0,0.0,-2.220446049250313e-16
R_3DkmDzFowAbQ5vl,1483,462,26424.630000000165,1510,467,27060.079999999994,0.01788079470198678,0.010822510822510845,0.024047640402148573
R_3DpwSHZQO8nhZy6,12,7,226.51,12,7,226.51,0.0,0.0,0.0
R_3DqB7pyNczSugtj,481,217,12783.92999999996,499,221,13018.470000000001,0.03607214428857719,0.018433179723502224,0.018346470920917346
R_3DqnvnWvqgEZVbO,127,71,2432.0999999999954,127,71,2432.1000000000004,0.0,0.0,1.9984014443252818e-15
R_3DteNZbN9pZ6q6A,244,125,6120.50999999999,252,127,6446.389999999999,0.031746031746031744,0.016000000000000014,0.053243929018988556
R_3Dvf2b14COFZe0A,1529,589,38805.0900000001,1551,591,39576.759999999995,0.014184397163120588,0.00339558573853993,0.019885793332779178
R_3E252YU4mQvPkIN,5,3,180.91000000000005,5,3,180.91,0.0,0.0,-3.3306690738754696e-16
R_3EEZcujUuRoad1F,85,47,2658.2899999999972,86,47,2712.9300000000003,0.011627906976744207,0.0,0.020554567033695736
R_3EEesqalY2T8Gdm,21,16,616.1200000000001,21,16,616.12,0.0,0.0,-2.220446049250313e-16
R_3EEkdVDJ2YHiSOj,484,326,8687.559999999956,495,331,8941.820000000003,0.022222222222222254,0.015337423312883347,0.029267135996764226
R_3EF2sOVmTNA4e3u,321,193,9984.709999999965,332,194,10174.09,0.033132530120481896,0.005181347150259086,0.018967000543835155
R_3EF584Zf9pAwkir,198,92,3755.819999999989,201,93,3794.8900000000003,0.014925373134328401,0.010869565217391353,0.010402521952599386
R_3EFsFPjORsZZZn5,1089,451,39392.90000000007,1111,452,40246.42999999999,0.01980198019801982,0.0022172949002217113,0.021667102447393338
R_3EG2lAmDB5qrmUO,74,38,2467.1599999999994,74,38,2467.16,0.0,0.0,2.220446049250313e-16
R_3EGvqUR9TZQYcPc,204,32,1361.840000000002,204,32,1361.8400000000001,0.0,0.0,-1.3322676295501878e-15
R_3EKDuh477LRPL0t,561,246,8208.47999999995,563,247,8230.01,0.003552397868561319,0.004065040650406582,0.002622897296460369
R_3EKM9mPJL9nwVZP,6,5,358.29,7,6,374.28000000000003,0.1428571428571429,0.19999999999999996,0.04462865276731143
R_3EKbufgfGp0iJqN,61,22,1874.7000000000005,61,22,1874.7,0.0,0.0,-2.220446049250313e-16
R_3EMSI0TXB7sUjN4,358,155,7836.639999999961,363,155,7913.57,0.01377410468319562,0.0,0.009816707160216431
R_3EMaONYGibovcxQ,512,223,10605.399999999943,517,223,10786.980000000001,0.009671179883945835,0.0,0.017121466422771237
R_3EMd7qNpZzBTfeI,89,56,1282.16,96,58,1379.8899999999999,0.07291666666666663,0.03571428571428581,0.07622293629500199
R_3EPPQDreWBHrYIN,158,89,4304.819999999992,162,91,4839.37,0.024691358024691357,0.022471910112359605,0.12417476224325497
R_3EPQZIIC10dWrjT,87,44,2761.6699999999983,90,46,2895.65,0.033333333333333326,0.045454545454545414,0.04851412370051533
R_3EQ2dhEXGhy72Xx,564,310,14658.269999999937,586,316,15209.840000000002,0.03754266211604096,0.019354838709677358,0.037628587821077586
R_3EQJpaOtt2aP8HS,550,344,21311.250000000036,570,354,21913.479999999996,0.03508771929824561,0.029069767441860517,0.02825878350636213
R_3ESEXAc9qI9Kwvu,328,181,7367.299999999977,337,185,7474.090000000002,0.02670623145400597,0.022099447513812098,0.014495133902518553
R_3ESuELdvO5mTjxj,208,94,4839.23999999999,210,96,4911.38,0.00952380952380949,0.02127659574468077,0.014907299493311044
R_3EVY4NsMzRR1v2S,1058,539,29609.370000000257,1085,550,31303.67999999999,0.02488479262672816,0.020408163265306145,0.05722208881849622
R_3EWk755Ir7OPrZ4,913,605,20826.79000000011,926,609,21315.8,0.01403887688984884,0.006611570247933907,0.023479854552712398
R_3EWpU9jtvio82ZW,517,287,13769.989999999949,524,289,14036.220000000001,0.013358778625954248,0.006968641114982521,0.019334073590471235
R_3EYYSAYh5CMwpuM,129,68,6479.729999999989,133,70,6649.759999999999,0.03007518796992481,0.02941176470588225,0.026240290876319072
R_3EYhs6sdztDRTgU,118,69,3393.469999999995,119,69,3411.42,0.008403361344537785,0.0,0.005289570852256009
R_3EZrxwI9XaH5BwK,22,13,696.7900000000001,22,13,696.79,0.0,0.0,-1.1102230246251565e-16
R_3EaRonpJ9uBZjbf,1161,388,22889.780000000184,1209,391,24115.39,0.03970223325062039,0.0077319587628865705,0.053543983384716
R_3Ebh099lpNz7iC2,366,165,11088.10999999998,374,168,11428.44,0.021390374331550777,0.018181818181818077,0.030693238072134976
R_3EbttwlSceKvWpl,317,160,8161.239999999964,322,162,8312.19,0.01552795031055898,0.012499999999999956,0.018495963848635277
R_3EcHXiW1yKkyjDP,2,1,35.91,2,1,35.91,0.0,0.0,0.0
R_3EfGwTEabmoSRVI,162,53,5695.019999999988,167,53,5815.37,0.029940119760479056,0.0,0.021132498217743212
R_3EgIvf4lJXZKbGr,82,51,2241.0699999999997,84,51,2257.1000000000004,0.023809523809523836,0.0,0.007152833244834289
R_3EhR0fMrUnhxkXq,755,52,2962.549999999994,759,52,2984.9100000000003,0.005270092226614009,0.0,0.007547551940053854
R_3EiC7G3wrw70mky,38,21,478.19000000000005,39,22,488.14,0.02564102564102566,0.04761904761904767,0.020807628766807973
R_3Ej8bcREI0F3eu5,345,96,5323.309999999973,352,96,5558.3,0.019886363636363646,0.0,0.04414358735448953
R_3EjukyESzOBwlP3,395,226,7249.789999999955,403,229,7385.9000000000015,0.01985111662531014,0.01327433628318575,0.018774336911834277
R_3ElHoNUS8Tyu7RP,514,159,9010.519999999957,519,159,9065.04,0.009633911368015391,0.0,0.006050705175732807
R_3Em4Q2OBHB3m5rz,1124,484,18454.459999999992,1139,492,18952.350000000002,0.013169446883230851,0.016528925619834656,0.026979386012921047
R_3ErQCzsLvW3VNS4,37,22,1364.3400000000004,38,23,1410.3300000000002,0.02631578947368418,0.045454545454545414,0.03370860635911854
R_3Es3loppjtpKmVQ,33,17,1476.4200000000003,35,17,1502.36,0.05714285714285716,0.0,0.017569526286557835
R_3EsC5YHmiHe5s54,436,237,8238.489999999972,439,238,8302.01,0.006833712984054663,0.00421940928270037,0.007710150767923141
R_3EsdYJiok38Qvto,167,84,6446.049999999993,172,84,6577.990000000001,0.029069767441860517,0.0,0.020468348833783123
R_3EstwwBJnGlJRF9,404,232,12568.679999999958,421,239,13375.510000000002,0.040380047505938266,0.030172413793103425,0.06419369416677378
R_3EuLVznxdNt9ygD,834,302,14157.589999999926,846,305,14374.46,0.014184397163120588,0.009933774834437026,0.015318285103613993
R_3EutPfLBwg7pRd5,45,20,768.9500000000003,45,20,768.95,0.0,0.0,-3.3306690738754696e-16
R_3EzeiT36qvnPNn2,125,92,3104.0899999999997,126,92,3121.5200000000004,0.007936507936507908,0.0,0.0056151722404957916
R_3F2KeQRImk5Mttz,22,14,551.6100000000001,24,15,579.36,0.08333333333333337,0.0714285714285714,0.05030728231902959
R_3F2RsXO9QCVRCrn,371,116,11794.499999999956,372,116,11814.490000000002,0.0026881720430107503,0.0,0.0016948577726945135
R_3F3X708cHyF54Xq,18,12,392.5100000000001,18,12,392.51000000000005,0.0,0.0,-1.1102230246251565e-16
R_3F4cWjtxeQOW5r7,115,62,3189.1699999999983,118,63,3231.3300000000004,0.025423728813559365,0.016129032258064502,0.013219740559456516
R_3F5y4cdVNzWpTQR,94,56,2995.8799999999956,98,59,3098.8400000000006,0.04081632653061229,0.0535714285714286,0.03436719761806395
R_3FJUVdPnuSVjjOU,178,119,3475.7899999999913,181,121,3715.76,0.016574585635359074,0.01680672268907557,0.06904041958806761
R_3FJqi0ATxRwqj8Q,135,65,3501.3599999999924,137,65,3534.71,0.014598540145985384,0.0,0.009524870336100166
R_3FLPTTSok3w7jnv,978,539,10709.359999999964,985,539,10852.7,0.007106598984771617,0.0,0.01338455332531896
R_3FLnCDw2M5okTCc,207,116,3961.519999999996,213,120,4215.820000000001,0.028169014084507005,0.034482758620689724,0.06419253215937437
R_3FOKWQ86wW6w6jD,118,82,3126.7099999999978,118,82,3126.7100000000005,0.0,0.0,8.881784197001252e-16
R_3FPeOTnJa3dJ112,587,222,7964.839999999955,594,223,8115.9,0.011784511784511786,0.0045045045045044585,0.018965854932433857
R_3FRSHAzxtL6ifms,818,338,21321.990000000143,827,338,22952.289999999994,0.010882708585247869,0.0,0.0764609682304438
R_3FUNDRuv13pcDZN,579,309,14515.85999999995,610,314,15172.75,0.050819672131147575,0.016181229773462702,0.0452532609159948
R_3FWCS2UtcCmpn3R,1344,535,36884.190000000235,1376,541,40108.55999999999,0.023255813953488413,0.01121495327102795,0.08741875584091008
R_3FWYtGRVAKLzCT4,374,254,9353.069999999982,389,257,9820.960000000001,0.03856041131105403,0.011811023622047223,0.0500252858152479
R_3G19QJlvJKiZq7Y,686,286,14093.719999999934,714,296,15127.92,0.039215686274509776,0.034965034965035,0.0733802005432258
R_3G1gYo1d23Zq8Np,2726,761,52265.94000000011,2782,763,53552.74999999997,0.020129403306973437,0.0026281208935610145,0.024620431585079317
R_3G1jK0qoLtI09ql,122,98,2334.11,124,98,2354.08,0.016129032258064502,0.0,0.008555723594860565
R_3G2FrnXm2CdS0gc,308,93,10041.639999999978,312,94,10767.899999999998,0.012820512820512775,0.010752688172043001,0.07232483936887024
R_3G6Wcp7d0HrvZcR,65,45,2290.4299999999994,68,46,2339.81,0.044117647058823484,0.022222222222222143,0.021559270529988073
R_3G7BILj5lidHb8M,559,292,15348.169999999942,568,296,15713.020000000002,0.015845070422535246,0.013698630136986356,0.023771563645702543
R_3G7msgwdvuWPgY4,416,153,13236.44999999996,427,155,13386.579999999998,0.025761124121779888,0.013071895424836555,0.011342165006481109
R_3G8JXKKyXNCmXUc,271,156,7333.769999999982,278,159,7454.02,0.025179856115107868,0.019230769230769162,0.01639675092074322
R_3G8qdj0XUDaKK0r,1219,440,21942.57000000012,1255,446,23888.139999999996,0.028685258964143423,0.013636363636363669,0.08866645976291143
R_3G9b1ToPNT28Utq,323,108,5043.549999999975,329,109,5131.160000000001,0.018237082066869248,0.0092592592592593,0.017370701192617632
R_3GBBlhvTFaD1mh7,24,14,804.72,24,14,804.72,0.0,0.0,0.0
R_3GBRRr7bndtJPU9,366,238,8928.839999999971,373,241,9241.630000000001,0.018766756032171594,0.012605042016806678,0.03503142625470179
R_3GBS8tWaQz8xHPl,325,183,10175.579999999974,336,187,10473.930000000002,0.03273809523809523,0.021857923497267784,0.029320195998658427
R_3GBSX5xvcH0uSyx,647,280,12598.479999999958,663,284,12943.1,0.02413273001508298,0.014285714285714235,0.027354093509696753
R_3GCXgWFPLgXAuFC,1099,591,37473.400000000176,1138,609,39039.83999999999,0.03427065026362042,0.030456852791878264,0.041801384448697076
R_3GD1CL4OyjglmbZ,726,434,16667.41999999994,742,438,17532.84,0.021563342318059342,0.009216589861751112,0.05192285308704436
R_3GdZzylMTi2YNBV,1497,451,25031.280000000395,1547,458,26121.369999999995,0.03232062055591467,0.015521064301552201,0.04354911135185979
R_3GdnvxSWjKsWkLO,101,32,1274.1800000000003,102,32,1286.17,0.009803921568627416,0.0,0.009409973473135436
R_3GdnyGwbVF0dSiX,51,25,319.19000000000005,51,25,319.18999999999994,0.0,0.0,-3.3306690738754696e-16
R_3Ge2RzIsoM2g5lL,685,355,14432.479999999934,696,355,14644.930000000002,0.015804597701149392,0.0,0.014720269835819533
R_3GethxN3YUfT3zL,135,66,6792.799999999996,139,67,6880.850000000001,0.02877697841726623,0.015151515151515138,0.012962254151455355
R_3Gf6woMCZ2534lI,136,100,3954.729999999993,139,103,4009.2000000000007,0.021582733812949617,0.030000000000000027,0.013773380230763577
R_3Gf7YI2H2CvFjQS,471,170,14157.819999999952,483,172,15006.329999999998,0.024844720496894457,0.0117647058823529,0.05993224945648756
R_3GfYuThn4GzHiWO,173,55,3369.5899999999947,178,55,3457.7200000000003,0.028089887640449396,0.0,0.026154517315164716
R_3GiFHVWzYKHT1F5,791,466,17103.149999999943,813,471,17504.04,0.027060270602705994,0.010729613733905685,0.023439541838787603
R_3GiSNq0yPsXSvhf,751,188,14121.14999999996,759,189,14408.45,0.010540184453227908,0.005319148936170137,0.020345368472117542
R_3GiUgBX63FWdGAk,25,17,4778.339999999997,25,17,4778.34,0.0,0.0,6.661338147750939e-16
R_3GiWheWDtygg0V2,2297,773,35018.40000000053,2338,775,35725.90999999998,0.01753635585970914,0.002587322121604174,0.020203949923452758
R_3GkRzSOymoHHYrf,244,98,7727.709999999978,259,98,8208.93,0.05791505791505791,0.0,0.06227200554886547
R_3GkT1UsAPrEwdXE,427,174,11053.54999999998,437,174,11294.2,0.022883295194508046,0.0,0.021771286147891145
R_3GkoSjGfb27dcFl,244,103,4196.849999999995,246,103,4225.01,0.008130081300813052,0.0,0.00670979425045104
R_3GlmpDF7aCOi9wA,123,47,4244.719999999995,131,47,4769.83,0.06106870229007633,0.0,0.12370898433819089
R_3GoVgnf4Ih55nVX,283,178,15708.73999999998,295,184,17984.59,0.04067796610169494,0.03370786516853941,0.14487794692636213
R_3GqD1hXu6eSqH31,397,160,12118.809999999954,402,160,12317.01,0.01243781094527363,0.0,0.01635474110082158
R_3GqfePl8gH1VWP1,1326,614,33254.04000000034,1384,628,34710.719999999994,0.041907514450867045,0.0228013029315961,0.04380460238814998
R_3Gr02vFv0h79T4p,175,66,2943.4199999999946,175,66,2943.42,0.0,0.0,1.7763568394002505e-15
R_3GrjtiJ9M19hViM,256,140,8214.899999999978,263,144,8302.66,0.026615969581749055,0.02857142857142847,0.010683027182317728
R_3Gvq8BkHNwpHB6L,95,44,2050.2500000000005,96,44,2077.2400000000002,0.01041666666666663,0.0,0.013164248262406808
R_3Gvz2XC7yM8Jb83,526,259,9913.82999999993,535,261,10136.280000000002,0.016822429906542036,0.007722007722007707,0.022438351272926038
R_3GwCCWUgtO6KqAH,1014,301,20947.700000000215,1029,304,21486.239999999998,0.014577259475218707,0.009966777408637828,0.02570878903172069
R_3Gwv5NOXlLi4HIo,273,46,6270.599999999986,279,46,6657.09,0.021505376344086002,0.0,0.061635250215292814
R_3Gx4NtSW5BDHYaM,196,105,5505.879999999988,197,106,5641.870000000001,0.005076142131979711,0.00952380952380949,0.024699049016689845
R_3GxJF4SnLPfejD5,246,145,12973.55999999998,256,145,13558.18,0.0390625,0.0,0.04506241925886356
R_3GxP6iC8HXilAFv,6,6,59.99,6,6,59.989999999999995,0.0,0.0,-1.1102230246251565e-16
R_3Gyd3TBsiJSqbq9,410,133,15107.689999999966,424,133,15570.720000000001,0.03301886792452835,0.0,0.030648629936147476
R_3HAe8cULrdkI2kW,129,48,2888.069999999997,131,48,2911.04,0.01526717557251911,0.0,0.007953408331516476
R_3HAk4tN4hE1Arcm,451,216,11990.959999999965,460,219,12416.94,0.019565217391304346,0.01388888888888884,0.035525095572000565
R_3HBIuVQpkDtIfQl,4,3,226.34,4,3,226.34000000000003,0.0,0.0,2.220446049250313e-16
R_3HBSzChLJ0THGv0,927,348,19260.56000000008,929,349,19328.539999999997,0.0021528525296017342,0.002873563218390718,0.003529492392740252
R_3HCGBIUl9rPEwFq,115,68,2053.0300000000007,119,70,2129.8,0.03361344537815125,0.02941176470588225,0.03739351105439259
R_3HIaDXXmCJjh0cd,743,194,8267.479999999929,752,196,8462.05,0.01196808510638303,0.010309278350515427,0.023534378069263173
R_3HLDYzLgNc7CV2x,162,68,3092.739999999993,163,68,3108.33,0.006134969325153339,0.0,0.0050408375744508405
R_3HLKIA2u3ZnY9lM,931,398,24756.660000000204,950,407,25341.639999999992,0.020000000000000018,0.022613065326633208,0.023629197153403725
R_3HLZ94fSYlErqm4,82,54,2024.1100000000008,82,54,2024.1100000000001,0.0,0.0,-3.3306690738754696e-16
R_3HMQvvSjHuYx9Zp,48,17,1459.46,51,17,1599.6100000000001,0.05882352941176472,0.0,0.09602866813753042
R_3HNOpheZEt8babI,169,85,2496.1899999999964,171,85,2522.71,0.011695906432748537,0.0,0.010624191267493144
R_3HOBBoXFv9dlgeK,63,38,1709.9300000000003,63,38,1709.93,0.0,0.0,-1.1102230246251565e-16
R_3HOJvi26PAJuJZK,91,47,2032.7900000000009,93,47,2091.68,0.021505376344086002,0.0,0.028970036255589138
R_3HRFZL1JSj3MxJu,67,50,1633.4299999999998,67,50,1633.4299999999998,0.0,0.0,0.0
R_3HS9VTIlBMhL0Sd,205,87,7084.139999999986,212,88,7357.790000000001,0.03301886792452835,0.011494252873563315,0.03862854206721145
R_3HSpUGQNrkvaCK7,28,23,575.84,28,23,575.8400000000001,0.0,0.0,2.220446049250313e-16
R_3HTY4DHoMm8pvu8,1635,692,31016.37000000052,1658,693,31851.77999999999,0.013872135102533156,0.0014450867052022698,0.02693448653080477
R_3HUIONMYrlnunP2,26,18,1111.0400000000002,27,19,1153.79,0.03703703703703709,0.05555555555555558,0.038477462557603426
R_3HUOVBSzChkQaNg,258,175,4444.189999999986,264,175,4522.85,0.022727272727272707,0.0,0.01769951329713959
R_3HUrUBODoLAVIdf,19,4,407.2000000000001,19,4,407.20000000000005,0.0,0.0,-1.1102230246251565e-16
R_3HYTI2GoQycZ7pm,233,89,5606.169999999985,243,89,6355.2699999999995,0.04115226337448563,0.0,0.13362063583516326
R_3HZG1H0F4Gj7CvH,272,165,5018.319999999986,275,166,5055.200000000001,0.010909090909090868,0.0060606060606061,0.007349072996543526
R_3HZXXVV3o9YAbej,213,57,4728.849999999991,223,59,5033.429999999999,0.04484304932735428,0.03508771929824572,0.06440889434006336
R_3HgZOjGq4Ny969k,314,201,7338.669999999972,323,204,7560.090000000001,0.02786377708978327,0.014925373134328401,0.030171679609524604
R_3Hhlv3A6Jj4ne7z,195,103,4141.6399999999885,199,103,4435.12,0.02010050251256279,0.0,0.07086081841975944
R_3HhqYe5EEdoWMYK,799,375,14895.519999999917,810,380,15250.36,0.013580246913580285,0.01333333333333342,0.023821927666847875
R_3HhuhQG33UHsk0S,5,2,518.97,5,2,518.97,0.0,0.0,0.0
R_3HiRrH77MQBmCfY,187,65,5290.499999999988,193,66,5614.76,0.031088082901554404,0.01538461538461533,0.06129099328986154
R_3HigTq4itishziE,1726,457,39689.23000000014,1759,460,40772.849999999984,0.018760659465605456,0.006564551422319376,0.027302620887324824
R_3HizCKpeuB5PkKD,393,189,8250.219999999972,406,196,8674.470000000001,0.03201970443349755,0.03703703703703698,0.05142287114768229
R_3HjAciQyd2Gc4Gi,45,31,988.5400000000002,47,32,1067.52,0.04255319148936165,0.032258064516129004,0.07989560361745585
R_3HjDQfY6FOS3MIo,544,314,11670.119999999974,553,316,11823.980000000001,0.016274864376130238,0.006369426751592355,0.013184097507140224
R_3HjNQCp49uYkfcR,295,155,8634.609999999979,299,156,8965.04,0.013377926421404673,0.006451612903225712,0.038268086225089926
R_3Hjj9FarH3Iga6k,254,68,5957.579999999989,261,68,6192.41,0.026819923371647514,0.0,0.039417011605385355
R_3Hklums6AcOIz3o,77,56,2157.83,77,56,2157.83,0.0,0.0,0.0
R_3HnsALZBCxyoK8h,175,112,5315.0099999999875,181,116,5406.530000000001,0.03314917127071826,0.03571428571428581,0.017219158571670334
R_3HodEyIPSqvm8b2,376,216,8771.829999999965,384,220,8852.580000000002,0.02083333333333337,0.0185185185185186,0.009205604759786379
R_3Hphzg7zu04Hgy1,902,477,17887.89999999998,929,486,18573.290000000005,0.0290635091496233,0.018867924528301883,0.038315844788936904
R_3HpkApMzQY1TOOo,40,20,800.6300000000001,40,20,800.6300000000001,0.0,0.0,0.0
R_3HprJyyTGIR9uvR,82,33,1328.6700000000003,82,33,1328.67,0.0,0.0,-2.220446049250313e-16
R_3HuZlW70nQmMmfp,35,15,1632.3500000000004,36,15,1637.32,0.02777777777777779,0.0,0.003044690170612707
R_3Hul1w7TompJtds,128,62,6868.489999999991,132,62,7017.41,0.030303030303030276,0.0,0.02168162143353336
R_3HvPXLfubbb9a6G,430,238,11752.969999999968,476,254,13787.060000000001,0.09663865546218486,0.0672268907563025,0.17307029627405135
R_3HwyBgrbG8FttC8,112,64,1904.5300000000009,116,65,1967.98,0.03448275862068961,0.015625,0.03331530613852185
R_3HzRfw5sNEvrFRf,1224,554,17252.829999999925,1250,559,17651.570000000003,0.02080000000000004,0.00902527075812265,0.023111570681452198
R_3HzhKIwCcybjVbM,472,235,9417.019999999962,479,236,9661.330000000002,0.014613778705636737,0.004255319148936065,0.02594345132537046
R_3I055DYANjeNW0Q,172,67,5818.559999999991,178,70,6372.38,0.0337078651685393,0.04477611940298498,0.09518162569433142
R_3I0K5JAKywca6PU,724,407,18345.99,737,411,18645.010000000002,0.01763907734056991,0.00982800982800991,0.016298929629853687
R_3I0sWpLFEyMMVOV,319,187,6132.5799999999745,323,188,6238.060000000002,0.012383900928792602,0.005347593582887722,0.017199938688126082
R_3I5nChwlGKbzV2A,817,321,18699.079999999984,830,325,18946.86,0.015662650602409678,0.012461059190031154,0.0132509192965653
R_3I9Pu8iauEcOx9A,124,72,3280.9599999999978,127,74,3376.8199999999997,0.023622047244094446,0.02777777777777768,0.029217058421926012
R_3I9lfJCbLgXX1Kx,21,5,384.27,21,5,384.27,0.0,0.0,0.0
R_3I9nHVMo3pyWm6J,211,140,3852.1599999999894,216,144,4904.75,0.02314814814814814,0.02857142857142847,0.2732466979564747
R_3IDsfmJTCTANGJr,356,144,10990.039999999972,369,147,11232.110000000002,0.035230352303523005,0.02083333333333326,0.022026307456572525
R_3IPI3HQKPpZiAuc,381,118,8004.8399999999665,383,118,8115.82,0.005221932114882533,0.0,0.01386411221211592
R_3IPMrsaowKJJ58Z,96,35,2312.99,98,35,2327.59,0.020408163265306145,0.0,0.006312176014595883
R_3IQ5XO6JT3wgVgw,31,10,439.91000000000014,31,10,439.90999999999997,0.0,0.0,-3.3306690738754696e-16
R_3IQQB0Dtvv9riqZ,777,249,14289.799999999908,791,250,14613.250000000002,0.017699115044247815,0.004016064257028162,0.022635026382461287
R_3IQaxjhPOxaFJ3O,32,17,424.57,33,17,439.56,0.030303030303030276,0.0,0.03530630991355954
R_3IQdgPlakBMLdO8,24,14,655.9200000000001,25,14,668.91,0.040000000000000036,0.0,0.01980424442005102
R_3IRgQLwyTZQakZC,68,46,2975.3099999999968,69,47,3081.51,0.01449275362318836,0.021739130434782705,0.03569375964185362
R_3IRiT8PbSGOvVXS,151,53,3493.109999999994,153,54,3664.08,0.013071895424836555,0.018867924528301883,0.048944923005575625
R_3ISSnemD96u33dk,638,189,14261.69999999995,651,191,14605.11,0.019969278033794113,0.010582010582010692,0.024079177096703264
R_3ISm7yGTA6uH07J,211,106,5710.429999999987,215,108,5758.3,0.018604651162790753,0.018867924528301883,0.008382906366072973
R_3IVPvJMvcpVLLvi,652,173,7926.309999999958,656,175,8039.01,0.0060975609756097615,0.011560693641618602,0.014218469880693974
R_3IXMG8LtMxKwJC3,10,6,147.22000000000003,11,6,150.89000000000001,0.09090909090909094,0.0,0.024928678168727014
R_3IZdWkH8qGnmONy,209,141,3466.9999999999914,212,142,3524.560000000001,0.014150943396226467,0.007092198581560183,0.016602249783677525
R_3IaGUIs83jpQZU4,184,99,6065.809999999985,192,100,6281.13,0.04166666666666663,0.010101010101010166,0.0354973202259905
R_3IaWiqm9a2BnlIF,339,239,8390.499999999965,344,242,8598.090000000004,0.014534883720930258,0.012552301255230214,0.024741076217154934
R_3IaZTnB1Gr2Jd8y,13,9,296.04,15,10,1104.07,0.1333333333333333,0.11111111111111116,2.72946223483313
R_3IaddE3q66Zxn9K,24,9,654.45,24,9,654.45,0.0,0.0,0.0
R_3Ib0CpTLQzDVjiC,268,140,6659.799999999978,271,140,6688.230000000001,0.011070110701106972,0.0,0.004268896963876223
R_3IcW0cCdlMnkeZO,349,239,12869.63999999997,353,240,12898.6,0.011331444759206777,0.004184100418409997,0.0022502571944538197
R_3IcaxjmR6Rttxu2,49,32,1018.91,51,33,1035.3899999999999,0.039215686274509776,0.03125,0.016174146882452778
R_3IsVeutDyfOL4I1,1785,584,29809.530000000348,1811,589,30364.589999999986,0.014356709000552192,0.008561643835616417,0.01862021977534134
R_3J1MGyDr8hZp1sc,37,24,969.8800000000005,38,25,979.3800000000001,0.02631578947368418,0.04166666666666674,0.009795026188806455
R_3J4ALTpmi7dKg9w,500,288,10838.589999999947,506,289,10985.460000000001,0.011857707509881465,0.003472222222222321,0.013550655574207982
R_3J7ZDjIatQBwT2X,42,25,1084.1800000000003,47,27,1172.57,0.1063829787234043,0.08000000000000007,0.0815270527034253
R_3J8AqRUvn6mrFaY,61,44,1406.5100000000002,62,45,1508.4900000000002,0.016129032258064502,0.022727272727272707,0.0725057056117624
R_3J8UIMbwljBx6df,797,370,18055.170000000013,818,376,18742.370000000003,0.025672371638141844,0.016216216216216273,0.038061120443617424
R_3J8UJcgwnW51IvN,222,125,4751.649999999984,226,126,4805.2300000000005,0.017699115044247815,0.008000000000000007,0.011276083044840624
R_3J8fmsKlTE846m6,489,180,29499.72000000014,508,187,30410.769999999997,0.03740157480314965,0.03888888888888897,0.030883343977497146
R_3JCb5kJ47zXT5Er,182,102,3366.1299999999965,183,102,3376.6200000000003,0.005464480874316946,0.0,0.0031163383470049766
R_3JErJ9sCmGtlJ5a,132,66,7354.909999999984,137,66,7443.86,0.03649635036496346,0.0,0.012093961720811786
R_3JF2ybHtRoivZJX,431,236,8263.179999999966,441,236,8412.560000000001,0.0226757369614512,0.0,0.018077786033952492
R_3JFAj4jTW4qftb2,602,199,19934.71000000004,612,199,20160.760000000002,0.016339869281045805,0.0,0.01133951785603915
R_3JIBjVcP4lFnfyw,106,62,2109.1699999999996,110,62,2148.63,0.036363636363636376,0.0,0.018708781179326728
R_3JIXNlHP57fpa2R,161,87,2666.3999999999987,164,90,2749.87,0.018292682926829285,0.034482758620689724,0.03130438043804418
R_3JJfhp7Z7vUO8K2,782,315,14949.489999999938,804,318,15402.02,0.027363184079602032,0.00952380952380949,0.0302705978598643
R_3JJjfKRNxZz1JWa,196,112,6332.8899999999885,203,114,6494.37,0.03448275862068961,0.017857142857142794,0.025498627009155728
R_3JK3aP5uRxffXiy,453,263,11195.97999999996,475,271,12122.110000000002,0.0463157894736842,0.03041825095057038,0.08271986909587614
R_3JLAhdJnyyhPjVz,209,126,4307.559999999987,211,128,4708.55,0.009478672985781977,0.015873015873015817,0.09308982347315298
R_3JLyTBgWGl9Cl4Y,342,123,7345.179999999968,349,126,7505.509999999999,0.02005730659025784,0.024390243902439046,0.021827919805917917
R_3JeCQU6faeEMOg5,515,243,10884.879999999954,526,245,11509.08,0.020912547528517123,0.008230452674897082,0.05734560234013131
R_3JeIGQh3DalGv3u,55,12,802.3300000000003,56,13,852.3199999999999,0.017857142857142905,0.08333333333333326,0.06230603367691545
R_3JeYrscDZ1kBO3a,46,24,606.62,46,24,606.62,0.0,0.0,0.0
R_3Jf3gqwVuaLfVPJ,60,42,2368.459999999999,61,42,2383.4100000000003,0.016393442622950838,0.0,0.0063121184229419924
R_3JfIbMgXAkPG3j8,71,47,2175.8400000000006,71,47,2175.84,0.0,0.0,-2.220446049250313e-16
R_3JfvcFlS8dhfgcr,6,4,106.85,6,4,106.85,0.0,0.0,0.0
R_3JgTD4MtLbi3fNJ,196,125,6021.329999999986,200,127,6168.580000000002,0.020000000000000018,0.016000000000000014,0.024454730101159727
R_3JgbbnNzNJBaMtM,81,40,1609.4400000000007,84,42,1672.1699999999998,0.0357142857142857,0.050000000000000044,0.038976289889650406
R_3JjRmgOh3ZydDiW,378,177,5819.209999999985,382,178,5891.380000000001,0.010471204188481686,0.005649717514124353,0.012402027079279954
R_3Jklf2dJGUb6Q1l,498,155,13535.15999999994,509,156,14323.600000000002,0.0216110019646365,0.006451612903225712,0.05825125081639704
R_3Jl5q6tZJctgL8B,1170,299,19710.559999999972,1185,300,19933.220000000005,0.012658227848101222,0.0033444816053511683,0.011296482697601418
R_3JnjKsPAuFGDhrx,470,314,12013.909999999956,473,316,12069.880000000001,0.006342494714587699,0.006369426751592355,0.004658766379974866
R_3JnqCjV41SYD6I4,304,137,5426.64999999998,314,142,5989.4800000000005,0.031847133757961776,0.03649635036496357,0.10371592050344569
R_3Jq0a5Bn6y6pYKy,1057,538,35263.170000000384,1085,545,35864.56999999998,0.02580645161290318,0.013011152416356975,0.017054621011088456
R_3JqPfcG88XblHuE,276,89,5413.839999999983,287,90,5600.5199999999995,0.0383275261324042,0.011235955056179803,0.03448199429610366
R_3JsfA4yWHSMhWdo,10,6,268.18,10,6,268.18,0.0,0.0,0.0
R_3Jx8193TYiav93D,367,196,9533.61999999997,380,200,10085.32,0.03421052631578947,0.020408163265306145,0.05786888925717948
R_3JxER5vDQfktCDo,226,130,7163.639999999979,229,131,7273.99,0.013100436681222738,0.007692307692307665,0.015404179997881018
R_3Jxiicg67etW2yt,1725,791,31831.480000000334,1750,802,32352.44999999999,0.014285714285714235,0.013906447534766109,0.016366502594276078
R_3KBI2HIkwSKHEOT,443,255,7309.059999999953,468,266,7844.200000000001,0.05341880341880345,0.04313725490196085,0.07321598126161932
R_3KBKPnSEuQx00up,197,88,4931.719999999997,199,90,5763.6,0.01005025125628145,0.022727272727272707,0.16867948707550395
R_3KBMM6Vf5T55MvH,149,77,4507.619999999991,153,78,4593.59,0.02614379084967322,0.01298701298701288,0.019072148938910072
R_3KCUnPI9FEz7vTo,609,271,18267.510000000017,612,271,18345.48,0.004901960784313708,0.0,0.004268233601622873
R_3KCo0LEpRwKOMBe,205,54,5670.309999999991,208,54,5699.8099999999995,0.014423076923076872,0.0,0.0052025374274085046
R_3KDgmMJzGS0doff,151,94,5836.80999999999,158,96,5945.05,0.044303797468354444,0.02127659574468077,0.018544376123260875
R_3KE0mQaK5xihhMb,189,77,3448.7099999999887,193,77,3504.51,0.020725388601036232,0.0,0.01617996294266888
R_3KE1wJQwNJHPIic,117,44,2920.5499999999993,117,44,2920.5499999999997,0.0,0.0,2.220446049250313e-16
R_3KGYehNgy0pjaWk,347,199,4003.689999999984,352,201,4083.7000000000007,0.014204545454545414,0.01005025125628145,0.019984064700318216
R_3KHiP9QpzA2COVL,248,147,4796.459999999987,251,147,4877.34,0.01195219123505975,0.0,0.016862436046586993
R_3KI0Q5yJYxm1woD,698,217,23692.250000000113,725,220,24911.289999999997,0.03724137931034488,0.01382488479262678,0.05145311230465155
R_3KI0m2aJJXPqdBf,336,149,8191.009999999972,341,149,8409.140000000001,0.014662756598240456,0.0,0.026630415540944252
R_3KJhATrOMBcp80T,38,31,805.0800000000002,38,31,805.0799999999999,0.0,0.0,-3.3306690738754696e-16
R_3KNPTA6hmTHL69G,54,37,1070.9,54,37,1070.9,0.0,0.0,0.0
R_3KO24XmGqUIwMZH,1045,510,26217.80000000015,1057,516,26784.569999999996,0.011352885525070966,0.0117647058823529,0.02161775587577308
R_3KO5gn8V90pKQAC,64,55,1280.7200000000005,66,55,1313.1799999999998,0.030303030303030276,0.0,0.02534511837091591
R_3KOQ7I1jGHLv7pH,351,147,8318.969999999967,358,147,8614.130000000001,0.019553072625698276,0.0,0.035480353938051934
R_3KOaPXDeFmf2mNp,103,60,2157.3900000000003,105,61,2179.3300000000004,0.01904761904761909,0.016666666666666607,0.010169695789820077
R_3KUPxp6T7nvXjXB,1098,376,14877.459999999885,1112,376,15083.850000000002,0.01258992805755399,0.0,0.013872663747717562
R_3KVHlmqswMMbV4L,121,69,1641.3900000000003,127,71,1699.7800000000002,0.047244094488189003,0.02898550724637672,0.03557350781959179
R_3KVhCsLDEdjEmeY,169,97,5332.54999999999,172,97,5384.41,0.01744186046511631,0.0,0.009725178385577182
R_3Kp8Seg75oN0gPs,66,22,1512.3600000000008,66,22,1512.3600000000001,0.0,0.0,-4.440892098500626e-16
R_3KpaTa6zCZitiZG,895,392,15974.409999999898,900,394,16052.090000000002,0.005555555555555536,0.005102040816326481,0.004862777404617935
R_3Kqq6OvbAB9KhtU,196,133,5263.049999999984,200,135,5513.030000000002,0.020000000000000018,0.015037593984962516,0.04749717369206419
R_3Kr76eCJCdILz7j,34,24,613.9600000000002,34,24,613.9599999999999,0.0,0.0,-3.3306690738754696e-16
R_3KrchKzF2f9xKLv,319,108,6454.499999999971,334,108,6735.04,0.04491017964071853,0.0,0.043464249748242256
R_3Krt2nhd2oxJXSf,166,124,5107.6899999999905,172,129,5502.370000000002,0.03488372093023251,0.040322580645161255,0.07727172165891272
R_3KuqO8GUtlOddwF,119,55,3242.3099999999927,121,55,3260.8100000000004,0.016528925619834656,0.0,0.0057058085130687886
R_3KusWaiYxWt3Lwg,35,20,624.8800000000001,36,20,682.0600000000001,0.02777777777777779,0.0,0.09150556906926122
R_3KuwzsKChFNwven,26,13,375.91,26,13,375.90999999999997,0.0,0.0,-1.1102230246251565e-16
R_3Kv8PUwM5KE3ZA2,434,265,12738.539999999946,443,270,12927.41,0.020316027088036148,0.018867924528301883,0.014826659884104032
R_3KvIcJtgV3HbmOE,104,47,1160.7500000000005,106,47,1186.73,0.018867924528301883,0.0,0.022382080551367256
R_3KvgBFUDLrixRfk,118,63,3424.779999999994,119,64,3474.77,0.008403361344537785,0.015873015873015817,0.014596558027086814
R_3Kvy0jttvObgMi8,11,8,244.59000000000003,11,8,244.59,0.0,0.0,-1.1102230246251565e-16
R_3KxaCMXQTDz1Z7P,548,258,19886.67000000007,557,262,21270.299999999996,0.016157989228007152,0.015503875968992276,0.06957575099299773
R_3KxdwpyxRTWWDqb,234,114,3816.819999999987,237,114,3924.29,0.012658227848101222,0.0,0.028156947406483335
R_3L20DbmNPSMtKUd,1201,555,26316.320000000236,1233,562,27286.999999999996,0.025952960259529645,0.012612612612612706,0.036885096396447103
R_3L51Lbe8dT8TJHD,239,178,2632.439999999997,243,179,2695.36,0.016460905349794275,0.00561797752808979,0.02390177933780202
R_3L590ZURhTVpq3v,38,18,867.99,40,19,902.72,0.050000000000000044,0.05555555555555558,0.04001198170485831
R_3L5PlZC0jvJDclX,221,91,4968.639999999986,228,93,5452.839999999999,0.030701754385964897,0.0219780219780219,0.09745121401430068
R_3L5tSFlgKbeAW9k,130,59,1355.7600000000004,131,59,1425.7500000000002,0.007633587786259555,0.0,0.0516241812710212
R_3L7NpSc9nqAFvjF,117,31,2858.779999999998,119,31,2884.13,0.01680672268907568,0.0,0.008867418968931506
R_3L89g4OAN8obu49,265,146,9493.639999999974,273,147,9699.55,0.02930402930402931,0.006849315068493178,0.021689257229053016
R_3L8dgu12mdk2UVH,426,273,8273.219999999963,442,281,8585.68,0.03619909502262442,0.0293040293040292,0.0377676406526164
R_3LXRVZSdJiqH63S,1304,535,31944.590000000393,1365,542,34347.38999999999,0.04468864468864464,0.013084112149532645,0.07521774422522154
R_3LXVoWGKUJLH4Xa,49,25,896.1300000000002,52,28,999.1,0.05769230769230771,0.1200000000000001,0.11490520348610112
R_3LY0OeNnzzdug55,257,126,6008.999999999986,260,127,6052.370000000001,0.011538461538461497,0.007936507936507908,0.007217507072726725
R_3LYdNmkHeiaf2h0,681,256,10782.029999999932,693,258,11344.910000000002,0.017316017316017285,0.0078125,0.05220538247436468
R_3LYigP3gsPQZ2Aw,242,85,6548.289999999982,247,85,6635.849999999999,0.020242914979757054,0.0,0.013371429793124223
R_3LigPLmiinkglRk,1210,119,14645.27999999996,1235,122,15525.239999999998,0.020242914979757054,0.025210084033613356,0.060084887417655386
R_3M0euO2kPnoHrdt,1353,198,34026.030000000355,1388,200,35122.91,0.025216138328530313,0.010101010101010166,0.03223649658804262
R_3M39OCZGobXG2AN,1235,515,21897.730000000214,1255,521,23786.719999999998,0.015936254980079667,0.011650485436893288,0.08626419268114849
R_3M3RSZ7wNRSaxNx,1446,613,35078.73000000028,1505,624,38278.49999999998,0.039202657807308916,0.01794453507340954,0.09121681429172823
R_3M3vVQ0TvPk2NfE,107,52,2778.0499999999956,107,52,2778.05,0.0,0.0,1.5543122344752192e-15
R_3M4EntiuPSB1ZJO,252,121,7343.109999999981,258,122,7555.970000000001,0.023255813953488413,0.008264462809917328,0.028987717738127472
R_3M4YVVr46eJlCd1,60,32,1034.8300000000002,60,32,1034.83,0.0,0.0,-2.220446049250313e-16
R_3M5v5C89FyCc5mO,17,13,211.74,19,13,220.92000000000004,0.10526315789473684,0.0,0.043355058090110754
R_3M6dV8ZdvbVQTsX,233,100,5425.3799999999865,241,100,5734.429999999999,0.03319502074688796,0.0,0.05696375184779945
R_3MA7OanWP50BYeJ,22,17,1030.18,22,17,1030.18,0.0,0.0,0.0
R_3MAlXxqFmMmVbCy,64,43,1277.9400000000005,64,43,1277.94,0.0,0.0,-3.3306690738754696e-16
R_3MDuxAwvPypEk9z,121,75,2030.6700000000008,123,76,2145.65,0.016260162601625994,0.01333333333333342,0.05662170613639805
R_3MECZcMuape9CCg,243,81,4632.209999999991,246,81,4659.92,0.012195121951219523,0.0,0.005982025858069839
R_3MF28eq3M9qFahB,106,70,2410.2799999999997,111,72,2524.69,0.04504504504504503,0.02857142857142847,0.04746751414773409
R_3MFOfZwEqDUt7T9,17,13,299.28000000000003,17,13,299.28,0.0,0.0,-2.220446049250313e-16
R_3MGMxuOXMpm6Aje,129,50,3624.0999999999935,129,50,3624.1,0.0,0.0,1.7763568394002505e-15
R_3MGNtEcAhhmZgxr,135,45,4042.00999999999,139,45,4144.15,0.02877697841726623,0.0,0.025269605963372133
R_3MJrG4eo3Iyv7S6,273,135,7435.979999999981,278,136,7639.179999999999,0.017985611510791366,0.007407407407407307,0.027326593132313226
R_3MMW2ivCFCtjHIe,775,366,16602.92999999996,782,366,17396.920000000002,0.008951406649616356,0.0,0.04782228197071503
R_3MMx9KvloslYL6E,70,61,4051.17,71,62,4141.16,0.014084507042253502,0.016393442622950838,0.022213335900492792
R_3MQoiwi214yiPNN,226,69,5393.20999999998,232,70,5509.65,0.025862068965517238,0.01449275362318847,0.021590110527871076
R_3MRUV38aFVNctgw,64,27,1668.8200000000004,70,29,2398.4599999999996,0.08571428571428574,0.07407407407407418,0.4372191129061247
R_3Mb2VWjanQnEhx5,90,80,2561.899999999999,90,80,2561.8999999999996,0.0,0.0,2.220446049250313e-16
R_3Mbp6IYfPRj2FAM,10,9,311.03,10,9,311.03,0.0,0.0,0.0
R_3Mc9nZhk6fg7b8z,842,501,22358.830000000067,862,508,22863.36,0.023201856148491906,0.013972055888223478,0.022565134222136463
R_3MfFOJ2V3UIqyKS,2,2,42.59,2,2,42.59,0.0,0.0,0.0
R_3Mflr1c778ZI5bw,224,125,5828.059999999992,225,126,5877.000000000001,0.004444444444444473,0.008000000000000007,0.008397305449842518
R_3MgMcC1lF0RiuW6,64,34,1935.7900000000004,68,35,1997.31,0.05882352941176472,0.02941176470588225,0.03178030674814902
R_3MgSphhiCDCqZgD,491,270,14494.96999999996,508,277,15045.820000000002,0.03346456692913391,0.025925925925925908,0.038002838225953184
R_3Mh6QfuokUtxiYf,116,73,4242.94999999999,120,74,4737.21,0.033333333333333326,0.013698630136986356,0.1164897064542385
R_3MhBAq6V6XHU9ln,1433,581,21318.8400000001,1472,588,22616.47,0.026494565217391353,0.012048192771084265,0.06086775828327884
R_3Mhd5FT6kDDUWzX,49,36,1927.1400000000008,51,38,1984.98,0.039215686274509776,0.05555555555555558,0.030013387714436623
R_3MiitRUPo2lzgV0,91,31,2201.8400000000006,91,31,2201.8399999999997,0.0,0.0,-4.440892098500626e-16
R_3MlHi1BP6irqitk,79,49,1587.0800000000002,83,50,1652.45,0.048192771084337394,0.020408163265306145,0.04118884996345473
R_3MlJxsiMykJn0pX,29,23,1268.5800000000002,29,23,1268.58,0.0,0.0,-2.220446049250313e-16
R_3Mli97JX0WeLIos,538,293,14231.52999999996,550,295,14487.829999999998,0.021818181818181848,0.006825938566553003,0.018009307502428573
R_3MnSLQdJkly3wfg,1003,448,24616.18000000018,1030,450,25059.420000000002,0.026213592233009675,0.0044642857142858094,0.01800604317972243
R_3Mnb6UZSBrLHZkg,24,11,2041.86,25,11,2111.84,0.040000000000000036,0.0,0.034272672955050876
R_3MncA46G8CO8juo,386,196,9887.969999999972,394,198,10103.2,0.02030456852791873,0.010204081632652962,0.021766854066105568
R_3MoLbjSVY538tYJ,132,67,2718.729999999999,137,68,2780.58,0.03649635036496346,0.014925373134328401,0.02274959264068177
R_3MrDvkVo2mw8DQs,49,18,912.99,51,19,981.8700000000001,0.039215686274509776,0.05555555555555558,0.07544441888739217
R_3MsBFFMO0AQslDO,204,127,6098.649999999988,210,131,6215.170000000001,0.02857142857142858,0.03149606299212593,0.019105867692032374
R_3MsVnVTECl4iNiV,42,22,1035.3100000000002,43,23,1838.9900000000002,0.023255813953488413,0.045454545454545414,0.7762699094957066
R_3MsY6hQO6rNgjhW,199,108,4164.1799999999885,204,109,4260.740000000001,0.02450980392156865,0.0092592592592593,0.023188238740883493
R_3MsYhJbREPDB9fd,416,144,10355.989999999976,435,146,10877.650000000001,0.04367816091954024,0.01388888888888884,0.05037277942524332
R_3MtDVQQzrp3Cm8d,167,101,4312.999999999994,171,102,4359.049999999999,0.023391812865497075,0.00990099009900991,0.010677022953861748
R_3MtYWGuKtrJSCBg,118,92,6666.3599999999915,120,93,7792.2300000000005,0.01666666666666672,0.010869565217391353,0.16888826886036923
R_3MyEdXOZ8P75S1V,652,347,12746.799999999936,669,355,13871.710000000003,0.025411061285500747,0.023054755043227626,0.08825038441021071
R_3MygNZcPQ2LYh56,249,147,9056.469999999976,258,147,9232.670000000002,0.03488372093023251,0.0,0.019455704043631394
R_3MzDO7u2oOPlJtF,778,471,16936.619999999933,794,473,17868.46,0.02015113350125941,0.00424628450106157,0.05501924232816635
R_3NCfhSJSgGWexUL,600,319,19058.900000000012,621,329,19668.47,0.033816425120772986,0.03134796238244508,0.03198348278232155
R_3NDlfiCWFd7C5Ej,102,55,2748.0499999999975,105,56,2780.45,0.02857142857142858,0.018181818181818077,0.01179017849020303
R_3NDry1LyvCgVPFI,1169,529,33768.140000000305,1221,545,34854.68999999999,0.04258804258804261,0.030245746691871522,0.03217677965086829
R_3NE7ETo2UoCbnsE,293,156,7997.459999999976,302,158,8221.12,0.0298013245033113,0.012820512820512775,0.027966379325438995
R_3NECgPvrf1FM870,62,29,1168.8800000000006,62,29,1168.8799999999999,0.0,0.0,-5.551115123125783e-16
R_3NEx511sPB1RbrL,204,123,6704.399999999988,211,125,6872.83,0.033175355450236976,0.016260162601626105,0.025122307738203675
R_3NF1wxrM0u9luVb,448,152,8397.319999999987,454,156,8931.109999999999,0.013215859030836996,0.026315789473684292,0.06356670937870801
R_3NFfURTsheBe5et,854,446,17116.239999999947,861,451,17204.750000000004,0.008130081300813052,0.011210762331838486,0.005171112347107654
R_3NFhCSnuJa54Jn3,472,272,13604.509999999958,479,274,13727.37,0.014613778705636737,0.007352941176470562,0.00903082874723471
R_3NFoQj51yPZZy6Y,596,189,10071.029999999935,608,192,10480.160000000002,0.019736842105263164,0.015873015873015817,0.04062444457022463
R_3NHPsnCWAEa4CFk,326,117,9240.84999999997,330,117,9367.52,0.012121212121212088,0.0,0.013707613477118574
R_3NHVyd3vxnAxSbx,120,75,2246.0399999999995,124,76,2383.46,0.032258064516129004,0.01333333333333342,0.06118323805453185
R_3NIZbBKQxSWert1,117,87,5541.949999999991,122,89,5635.58,0.040983606557377095,0.02298850574712641,0.016894775304723053
R_3NJWgs2w8GaQvxX,218,132,4578.499999999986,221,132,4678.47,0.013574660633484115,0.0,0.021834662007210737
R_3NO5X4vYETLCQOg,1029,345,16236.849999999937,1038,347,16840.36,0.00867052023121384,0.005797101449275255,0.0371691553472544
R_3NPnW7ko8nPUh0O,580,269,9783.529999999955,592,270,9961.7,0.020270270270270285,0.0037174721189590088,0.018211218241273475
R_3NQyjCbeWDx3POa,674,338,13992.79999999992,692,342,14676.360000000002,0.026011560693641633,0.01183431952662728,0.04885083757361541
R_3NRiWTTQ4IpZtZj,6,4,121.95,6,4,121.94999999999999,0.0,0.0,-1.1102230246251565e-16
R_3NWDia9tPm7KZOe,124,95,3055.4799999999946,130,99,3224.4500000000007,0.0461538461538461,0.042105263157894646,0.05530064016128611
R_3NWdu5gXL68GlVn,18,13,247.75000000000003,19,13,261.43,0.052631578947368474,0.0,0.055216952573158284
R_3NX1XMFeTwLlCt1,472,205,11397.54999999996,480,208,11533.240000000002,0.01666666666666672,0.014634146341463428,0.011905190150518496
R_3NXvTARqhWKWlg8,77,38,3164.3799999999947,77,38,3164.379999999999,0.0,0.0,1.3322676295501878e-15
R_3NvOQj8doNIWHlc,206,166,6898.649999999982,210,169,7070.580000000002,0.01904761904761909,0.01807228915662651,0.02492226740014636
R_3NwT1ZQQBtYqBaM,85,71,3643.809999999996,89,74,3778.29,0.0449438202247191,0.04225352112676051,0.03690642486847673
R_3NwUrzA3eAsS3xO,992,358,23276.270000000208,1006,361,23810.59,0.013916500994035741,0.008379888268156499,0.022955568052775988
R_3NwjInmUfwSYtmv,50,19,1672.5300000000009,50,19,1672.5300000000002,0.0,0.0,-4.440892098500626e-16
R_3NxQLbGnG7D6JNk,205,113,3801.749999999992,206,114,3814.7400000000007,0.004854368932038833,0.008849557522123908,0.003416847504441156
R_3Ny7LIDPzlosF9p,218,82,6792.149999999984,222,83,6839.75,0.018018018018018056,0.012195121951219523,0.007008090221802599
R_3O1Xa8BQE2mdyzX,342,191,15133.599999999984,352,193,15866.11,0.02840909090909094,0.010471204188481575,0.04840289157900424
R_3O1ZQiLS4l3O9uu,241,143,8751.359999999971,246,147,9613.050000000001,0.020325203252032575,0.027972027972027913,0.09846355309346566
R_3O1i61TeOWPvr69,184,124,3381.169999999991,187,125,4039.24,0.016042780748663055,0.008064516129032251,0.19462789507774247
R_3O2Hrt1JCQeiPEN,877,343,14089.75999999993,910,347,15367.94,0.036263736263736246,0.011661807580174877,0.09071694620774795
R_3O3q0hfoQEIpPpf,40,25,1039.89,41,25,1057.88,0.024390243902439046,0.0,0.017299906720903202
R_3O6Op6leKJ2UbDv,231,147,13622.49999999998,247,153,14584.04,0.06477732793522262,0.04081632653061229,0.07058469443934823
R_3O7heagIMZY2HnD,262,101,6412.419999999981,272,105,6570.5700000000015,0.03676470588235292,0.03960396039603964,0.024663075718686756
R_3O7wBifBfe9F5J6,176,100,2719.7299999999937,178,101,2740.16,0.011235955056179803,0.010000000000000009,0.007511775065909498
R_3O8mzYfcgX5JIsm,48,24,1159.4400000000005,50,25,1188.79,0.040000000000000036,0.04166666666666674,0.025313944662940235
R_3O9aPnM7ixjsbYK,883,336,20955.560000000045,898,338,21307.909999999996,0.016703786191536785,0.005952380952380931,0.016814153379816732
R_3O9chQITD8LhmdS,420,265,12574.999999999964,423,267,12819.95,0.007092198581560294,0.007547169811320753,0.01947912524851203
R_3OTpmi8zOmmFI65,96,36,1565.0500000000006,97,36,1581.7300000000002,0.010309278350515427,0.0,0.010657806459857255
R_3OcPFnYHBC8wrZe,257,147,8374.289999999975,260,149,8581.470000000001,0.011538461538461497,0.013605442176870763,0.02474000780962049
R_3OcdDAmMMZQ0LEr,389,265,9910.47999999996,400,270,11876.58,0.02749999999999997,0.018867924528301883,0.19838595103365808
R_3OdXDDGsG2bvbXb,305,159,8220.179999999971,318,161,8512.340000000002,0.04088050314465408,0.012578616352201255,0.03554180078782121
R_3OfwQrDNFhWjGWG,767,179,16570.74999999994,791,179,17177.43,0.030341340075853318,0.0,0.036611499177771734
R_3OfzFpZ2ea8383J,458,219,10915.579999999964,468,222,11192.530000000002,0.021367521367521403,0.013698630136986356,0.02537199122722189
R_3OiAK9V155cWEsy,707,350,22996.360000000077,726,355,24496.309999999998,0.026170798898071612,0.014285714285714235,0.06522554004198566
R_3OiFi32OvQqXq3h,271,145,5483.97999999998,278,148,5623.610000000001,0.025179856115107868,0.020689655172413834,0.025461434943238492
R_3OjDexwqOJReNX2,110,51,1491.7100000000005,111,52,1541.7,0.009009009009009028,0.019607843137254832,0.03351187563266289
R_3Ok7Sn9UrFsxiKB,44,20,491.0100000000001,44,20,491.01,0.0,0.0,-2.220446049250313e-16
R_3OkQef19KXJJE3U,126,78,2481.0299999999984,127,78,2494.57,0.007874015748031482,0.0,0.0054574108334046745
R_3OlHVBLSCLnnRNB,11,7,183.18,11,7,183.17999999999998,0.0,0.0,-1.1102230246251565e-16
R_3OluT425fgz9KxA,238,143,6271.659999999976,244,146,6743.800000000001,0.024590163934426257,0.020979020979021046,0.07528150441829218
R_3OpMNVHA76ZfPbH,63,39,1278.5100000000004,66,41,1321.4800000000002,0.045454545454545414,0.05128205128205132,0.033609435984075064
R_3OqMW6YSX0vIdbq,62,29,1026.41,62,29,1026.4099999999999,0.0,0.0,-2.220446049250313e-16
R_3Or9OOyX38WzqCd,608,300,11808.389999999948,627,305,12139.140000000003,0.030303030303030276,0.016666666666666607,0.02800974561308145
R_3OrHZ2GIMr1BroB,66,39,1332.2600000000002,66,39,1332.26,0.0,0.0,-2.220446049250313e-16
R_3P4QthjwwxEaV1m,342,159,9594.429999999962,349,163,9686.390000000001,0.02005730659025784,0.02515723270440251,0.009584727805616255
R_3P4Zrwcqx51YVqa,53,22,939.5600000000004,53,22,939.5600000000001,0.0,0.0,-3.3306690738754696e-16
R_3P4w0wUKMuoJhEl,660,202,13830.32999999994,676,204,14334.06,0.023668639053254448,0.00990099009900991,0.03642212441785997
R_3P64vrsfQNNW02E,120,61,6357.4199999999855,120,61,6357.419999999999,0.0,0.0,2.220446049250313e-15
R_3P7bSerJKnIPUIp,63,19,1288.6300000000006,67,19,1377.5700000000002,0.05970149253731338,0.0,0.06901903572010548
R_3P7fBiZBOX87ruQ,91,53,2627.4799999999977,92,53,2666.4699999999993,0.010869565217391353,0.0,0.014839313715043101
R_3PAyJj7mQvMzMco,997,562,24288.03000000016,1014,568,25025.639999999996,0.0167652859960552,0.01067615658362997,0.030369280670347942
R_3PBHIKT3ZQWembf,86,48,1464.2100000000007,87,48,1468.01,0.011494252873563204,0.0,0.0025952561449513745
R_3PEU95PbgCXrIQl,131,67,3474.9399999999932,137,70,4125.450000000001,0.04379562043795615,0.04477611940298498,0.18720035453849815
R_3PF5obiVCGW1AU1,1119,527,28277.650000000252,1161,533,29496.389999999992,0.036175710594315236,0.011385199240986799,0.04309905526094737
R_3PF8C28rLFFVyyb,91,41,1854.0000000000005,92,41,1871.08,0.010869565217391353,0.0,0.00921251348435792
R_3PKSsK5msA6hRyC,470,276,19417.509999999977,490,282,22639.05,0.04081632653061229,0.021739130434782705,0.16590901717058615
R_3PLEje61kydYTV7,31,21,1421.3800000000003,31,21,1421.38,0.0,0.0,-1.1102230246251565e-16
R_3PMme3aDBxAtPij,70,40,722.8100000000003,73,41,751.13,0.04109589041095896,0.02499999999999991,0.03918042085748641
R_3PNNUrowNtmDaYu,99,59,3863.7599999999975,99,59,3863.76,0.0,0.0,6.661338147750939e-16
R_3PRLxszObeZONhd,465,317,13017.199999999966,480,325,13314.800000000003,0.03125,0.025236593059936974,0.02286205942906605
R_3PTW4l8uG9RR8ea,207,135,4743.00999999999,211,138,4929.289999999999,0.018957345971563955,0.022222222222222143,0.03927463783546936
R_3PTYPbg6N9x8PBX,2471,673,48900.669999999795,2531,678,50315.139999999985,0.023706045041485546,0.007429420505200568,0.02892537055218658
R_3PUi8o2if0JqKfl,888,492,35101.85000000011,907,497,36514.62999999999,0.02094818081587657,0.010162601626016343,0.04024802111569281
R_3PXLeBBgsH03ko7,134,90,2998.5899999999947,134,90,2998.5899999999997,0.0,0.0,1.7763568394002505e-15
R_3PZvezr4ITRkiKV,1220,179,5107.749999999924,1225,181,5135.650000000001,0.004081632653061273,0.011173184357541999,0.005462287700078727
R_3PaGuwKhYPfHa15,298,165,8914.619999999966,307,168,9255.77,0.02931596091205213,0.018181818181818077,0.038268596978899394
R_3Pb3ZhTNEh2L1XI,723,315,22784.750000000186,748,319,23421.319999999996,0.03342245989304815,0.012698412698412653,0.02793842372638733
R_3PbL63xQilAzpWi,766,379,17507.749999999964,777,382,18330.850000000002,0.014157014157014203,0.0079155672823219,0.04701346546529628
R_3PbeXxPL2sI5M5W,78,39,1335.2600000000011,78,39,1335.2600000000002,0.0,0.0,-6.661338147750939e-16
R_3Pc1ZZfNy58AvgE,236,146,5128.1499999999805,249,153,5354.91,0.052208835341365445,0.047945205479452024,0.04421867535076385
R_3Pc8OyfEgCHZvBs,144,53,4551.119999999992,151,53,4888.95,0.04635761589403975,0.0,0.07423007962875272
R_3PcameSHVD10BZP,1052,317,15598.669999999893,1066,324,17338.48,0.013133208255159512,0.02208201892744488,0.11153579119246193
R_3PgBY8bRPaorErD,8,8,108.64,8,8,108.64,0.0,0.0,0.0
R_3PgEykaYjWwXhvV,46,35,1311.9,46,35,1311.9000000000003,0.0,0.0,2.220446049250313e-16
R_3PhnspUx4Gzavga,37,23,774.0500000000002,37,23,774.05,0.0,0.0,-3.3306690738754696e-16
R_3PjFyt09qv3vl63,94,25,2028.0400000000004,95,25,2033.9300000000003,0.010526315789473717,0.0,0.0029042819668250175
R_3PjHFe8fwwlXvCE,665,272,18582.709999999985,678,276,18758.81,0.019174041297935096,0.014705882352941124,0.00947655105202716
R_3PjlivvZHpECDkS,290,164,7523.859999999974,310,173,8234.150000000001,0.06451612903225812,0.054878048780487854,0.09440499956139936
R_3PjyJN1fC2KkEQw,132,53,2590.8999999999987,136,55,2854.45,0.02941176470588236,0.037735849056603765,0.10172140954880593
R_3Po5UxE5XevV41A,25,8,517.1300000000001,25,8,517.13,0.0,0.0,-2.220446049250313e-16
R_3Pp1HTLxoglta9u,167,99,3951.6599999999935,169,100,3973.7,0.011834319526627168,0.010101010101010166,0.005577402914219931
R_3Pp1NX5epN3lIb4,788,307,16984.10999999995,804,311,17596.600000000002,0.01990049751243783,0.013029315960912058,0.03606253138963744
R_3Ppgn2Z68y4nPzB,34,10,3369.439999999998,35,10,3386.3199999999993,0.02857142857142858,0.0,0.005009734555297518
R_3PsE7SUIVOaHrCO,10,8,218.71,10,8,218.70999999999998,0.0,0.0,-1.1102230246251565e-16
R_3PsF7MAkW3WdDqF,737,383,14697.959999999928,757,391,15152.930000000002,0.026420079260237816,0.02088772845953013,0.0309546358814472
R_3PsOKkJiS6c6skE,43,35,738.33,47,38,836.78,0.08510638297872342,0.08571428571428563,0.13334145978085665
R_3PsPF3COgBzQEMs,77,38,1063.63,79,39,1151.4999999999998,0.025316455696202556,0.026315789473684292,0.08261331478051548
R_3PtxzLolCt3lmBm,205,137,7316.899999999986,211,140,7399.970000000001,0.028436018957345932,0.021897810218978186,0.01135316869166103
R_3PuErkwk0nhqeG4,209,119,8995.209999999985,222,124,9494.630000000001,0.058558558558558516,0.04201680672268915,0.055520660440391945
R_3PvFbT0TE2uKxjr,224,128,5672.189999999978,226,128,5707.98,0.008849557522123908,0.0,0.006309732219834219
R_3PvPJTZyhNViSp4,129,99,5066.489999999992,130,100,5347.22,0.007692307692307665,0.010101010101010166,0.05540916887233749
R_3Pwa112XZRRejbA,859,322,20193.600000000053,882,325,21022.06,0.02607709750566889,0.009316770186335477,0.041025869582439256
R_3PyGshEOTEw5XUj,1074,355,19566.379999999957,1089,355,19948.340000000004,0.01377410468319562,0.0,0.019521240004540807
R_3PyJEoMJ2wYxMeW,53,30,1585.0400000000002,53,30,1585.04,0.0,0.0,-1.1102230246251565e-16
R_3PzBYWWdOt4AHEK,1765,418,28180.75000000039,1790,421,28672.73,0.013966480446927387,0.0071770334928229484,0.017458016553839162
R_3PzCiEsEf0JkhEd,120,67,3760.219999999995,123,69,3825.4700000000007,0.024390243902439046,0.029850746268656803,0.017352708086230573
R_3QE72T2NXn4ninT,509,258,18105.039999999983,523,261,18803.64,0.026768642447418722,0.011627906976744207,0.038585940710432975
R_3QEHFc2h2w3ZoVk,97,58,1992.3800000000008,101,58,2202.34,0.03960396039603964,0.0,0.10538150352844311
R_3QEQI1Ws1WOZwTk,86,50,1590.5400000000002,86,50,1590.54,0.0,0.0,-1.1102230246251565e-16
R_3QFXoOi1ashhfUS,76,37,1776.480000000001,76,37,1776.4799999999998,0.0,0.0,-6.661338147750939e-16
R_3QGJT4reJiyfnjG,17,10,373.63000000000005,17,10,373.63,0.0,0.0,-1.1102230246251565e-16
R_3QGLgxsFPE90Rle,1394,604,43362.119999999995,1456,624,46898.47999999999,0.04258241758241754,0.0331125827814569,0.08155413065597328
R_3QGjg7fp1Kb6J6A,762,244,15886.939999999924,781,245,16442.41,0.02432778489116516,0.004098360655737654,0.0349639389334937
R_3QJoJ7B0hhY5b35,686,417,11118.239999999949,700,422,11410.640000000001,0.020000000000000018,0.011990407673860837,0.02629912648045507
R_3QJyUqWqLp8B7Jw,728,313,18646.93000000001,748,314,19421.9,0.0267379679144385,0.0031948881789136685,0.04156019248208631
R_3QKpKKG8iYUlGRz,217,161,5913.179999999985,225,164,6053.170000000001,0.03555555555555556,0.01863354037267073,0.023674232815509955
R_3QKrCMtmbxM5bhm,92,53,1965.770000000001,92,53,1965.77,0.0,0.0,-4.440892098500626e-16
R_3QLCg8ss7L5Yazo,366,121,5926.899999999972,385,123,6091.42,0.04935064935064937,0.016528925619834656,0.027758187247975963
R_3QMJ85k3FUwH8Xv,34,21,569.9900000000001,35,21,575.82,0.02857142857142858,0.0,0.010228249618414287
R_3QMeET2qpZdRe85,216,142,8093.029999999982,231,146,9101.97,0.06493506493506496,0.028169014084507005,0.12466776967341286
R_3QPk8nnI1s8wilh,332,196,7146.959999999976,340,198,7267.870000000001,0.02352941176470591,0.010204081632652962,0.016917682483185148
R_3QQNjQSqHgdtjNM,480,220,8515.689999999951,489,222,8693.050000000003,0.018404907975460127,0.009090909090909038,0.02082743735387882
R_3QQSKbtqf6jNcek,74,49,1924.3700000000008,79,53,1985.3000000000002,0.06329113924050633,0.08163265306122458,0.03166231026257904
R_3QVFRYnb5ltd95Y,284,153,6991.519999999974,288,154,7221.48,0.01388888888888884,0.006535947712418277,0.032891274000507176
R_3QWPI81N7eJPgeK,297,152,8238.129999999974,299,153,8301.09,0.006688963210702337,0.006578947368421018,0.007642511103858052
R_3QWVkEj4wPKl2hF,76,38,1275.2100000000005,76,38,1275.21,0.0,0.0,-3.3306690738754696e-16
R_3QXUWuTn4OdbNmh,237,127,7847.23999999997,239,127,7915.22,0.008368200836820106,0.0,0.008662918427374544
R_3QXj38STJr5Fpbk,125,61,2633.4599999999964,125,61,2633.46,0.0,0.0,1.3322676295501878e-15
R_3QXmjU2EPi9j07C,49,33,1343.0700000000006,49,33,1343.07,0.0,0.0,-5.551115123125783e-16
R_3QtdtxnX6fJnkNr,326,177,11789.429999999978,329,178,11877.380000000001,0.00911854103343468,0.005649717514124353,0.007460072285091268
R_3R1KauXYVqtTkec,336,166,7739.379999999965,349,170,7936.6,0.03724928366762181,0.024096385542168752,0.025482661401822426
R_3R1jXGy2EtHwAf6,510,190,15554.62999999994,525,190,15830.46,0.02857142857142858,0.0,0.0177329836839617
R_3R3FfvTaRKxigNl,1283,468,45391.399999999885,1315,474,47823.46999999999,0.024334600760456238,0.012820512820512775,0.05357997329890929
R_3R3JKxSlee1wkdv,139,71,3916.329999999987,151,75,4208.950000000001,0.07947019867549665,0.05633802816901401,0.07471791192264554
R_3R3MnQy3Wxjbybo,378,216,10591.56999999997,384,219,10694.780000000002,0.015625,0.01388888888888884,0.009744542121709276
R_3R3ZlZK3GjnVfg5,388,110,7860.009999999979,400,113,8074.790000000001,0.030000000000000027,0.027272727272727337,0.027325664980072828
R_3R4b0PxgHJiXxVD,2890,1105,72447.42000000013,2932,1112,74433.00999999995,0.014324693042292003,0.0063348416289592535,0.027407325202192467
R_3R8F2ljXMFXkGjC,50,25,1566.1999999999998,53,25,1839.77,0.05660377358490565,0.0,0.17467117864895942
R_3R8GE1BnAjfrd5K,298,149,6947.059999999972,304,152,7932.69,0.019736842105263164,0.020134228187919545,0.14187728334000727
R_3R9NyaO1pYbpRwJ,264,114,4556.589999999988,267,116,4601.55,0.011235955056179803,0.01754385964912286,0.009867027755407376
R_3RdwBHMlPoUSOeR,327,219,6321.809999999975,329,220,6406.770000000001,0.006079027355623046,0.004566210045662045,0.013439189093001236
R_3RfIWA2wGYWt72c,46,40,711.9300000000002,48,42,736.8699999999999,0.04166666666666663,0.050000000000000044,0.03503153399912873
R_3RfLXprdb86h0Lg,571,297,10030.83999999994,586,299,10214.770000000002,0.025597269624573427,0.006734006734006703,0.018336450387012704
R_3Rfsp3px7S3UnTK,76,41,882.75,76,41,882.7500000000001,0.0,0.0,2.220446049250313e-16
R_3RkeUbcpLz33hJO,153,56,3426.639999999995,161,56,4160.780000000001,0.0496894409937888,0.0,0.2142448579366396
R_3RkfNRfoCRk7p4x,887,406,15165.979999999903,909,412,16519.07,0.024202420242024236,0.014778325123152802,0.08921876462979017
R_3RlIs1mAg1ZxULf,96,26,3686.779999999995,101,26,3815.46,0.04950495049504955,0.0,0.03490308616190951
R_3RlPEZTmXzHZR6d,102,74,1613.3000000000009,108,78,1663.9400000000003,0.05555555555555558,0.054054054054053946,0.03138907828674098
R_3Rlrr05USyXOeP7,1850,879,40944.43000000017,1860,884,41908.279999999984,0.005376344086021501,0.005688282138794021,0.02354044249730225
R_3Rlxjm9Khc5FZtv,249,71,4042.929999999991,251,71,4076.51,0.007968127490039834,0.0,0.008305857385611182
R_3RmDOazalOu0F1L,558,384,13117.32999999995,568,391,13229.370000000003,0.017605633802816878,0.01822916666666674,0.008541372367703914
R_3RpTNwsri1SSxeL,461,239,11401.169999999967,462,239,11521.170000000002,0.0021645021645021467,0.0,0.010525235567931723
R_3Rr4DxDCdJFlHWR,596,114,13866.889999999945,609,114,14101.260000000002,0.021346469622331665,0.0,0.016901410482095036
R_3RsYfuvXglIsxDi,10,5,131.32,11,6,191.31,0.09090909090909094,0.19999999999999996,0.4568230277185501
R_3RvWAoKmyrRWhnA,25,12,1106.2200000000005,25,12,1106.22,0.0,0.0,-4.440892098500626e-16
R_3RvXHy11K1LG6pG,72,60,1042.18,72,60,1042.1800000000003,0.0,0.0,2.220446049250313e-16
R_3Rw3zbPPknpjGh7,392,247,8875.78999999997,407,250,9309.43,0.03685503685503688,0.012145748987854255,0.048856496154148665
R_3Rxv98PtW7DR9FN,614,424,17953.339999999997,640,438,18674.59,0.04062500000000002,0.03301886792452824,0.04017358329982068
R_3UecSmqWX5VbJD3,129,85,3650.4299999999944,130,85,3657.9900000000007,0.007692307692307665,0.0,0.0020709888972001433
R_3VRB9w5rAtqNoWt,302,68,4913.719999999973,305,69,4973.889999999999,0.00983606557377048,0.014705882352941124,0.012245304982788419
R_3ViaGvZl7J3ObBv,133,81,2500.6999999999994,136,83,2564.63,0.022058823529411797,0.024691358024691468,0.02556484184428398
R_3Wdmh5GsARlD585,100,59,3034.0899999999956,100,59,3034.0899999999997,0.0,0.0,1.3322676295501878e-15
R_3Wf6lQWPIfpWR9v,232,158,5137.2699999999895,239,162,5265.4800000000005,0.029288702928870314,0.025316455696202445,0.02495683505052515
R_3ZPuR4Ng8Jhj7r3,69,60,1595.4300000000003,69,60,1595.4299999999998,0.0,0.0,-3.3306690738754696e-16
R_3ZRQD7abPpc2A8N,415,258,4594.719999999978,429,262,4793.65,0.03263403263403264,0.015503875968992276,0.04329534770345567
R_3dADURjIwZRVKVj,227,83,3685.089999999989,232,83,3770.41,0.02155172413793105,0.0,0.02315275882000467
R_3dE0RfwcH9QtTAr,1401,525,21555.9300000001,1424,533,22124.92,0.016151685393258397,0.015238095238095273,0.026395984770775316
R_3dLIoluOWx9n4OG,598,271,16996.739999999965,610,274,19491.01,0.01967213114754096,0.011070110701107083,0.14674990615847738
R_3dMKMqrWj3lm22L,82,62,1931.3500000000008,84,62,1945.82,0.023809523809523836,0.0,0.007492168690293788
R_3dMxsHfafDTHD6U,170,96,2758.2599999999984,171,96,2773.02,0.005847953216374324,0.0,0.005351199669357376
R_3dN6S4adN4KjQO1,254,154,4877.849999999979,256,155,4899.18,0.0078125,0.006493506493506551,0.0043728281927530865
R_3dQ8sLfmOrcPVaM,28,11,568.6600000000001,29,11,582.6400000000001,0.03448275862068961,0.0,0.024584110013013083
R_3dRHP3N2CoZgNAg,487,202,12555.329999999936,505,205,13842.79,0.035643564356435675,0.014851485148514865,0.10254290408934463
R_3dS1nRgjgsfkhHc,426,187,7821.409999999971,436,192,7954.0599999999995,0.022935779816513735,0.02673796791443861,0.016959857621583474
R_3dSAHDjg4jGTvcu,117,76,3834.319999999994,120,78,3930.28,0.025000000000000022,0.026315789473684292,0.02502660184856942
R_3dSmRMst5i95tAD,170,70,5203.959999999991,178,71,5598.85,0.0449438202247191,0.014285714285714235,0.07588259709913414
R_3dVMhrjV0qUkHSh,581,246,11702.519999999931,600,249,12173.810000000001,0.03166666666666662,0.012195121951219523,0.04027252249943358
R_3dW9s3p839y097G,97,30,2328.109999999999,98,30,2411.91,0.010204081632653073,0.0,0.035994862785693416
R_3dXndudJQLQ2S3A,215,139,2955.819999999993,216,140,3000.8100000000004,0.00462962962962965,0.007194244604316502,0.01522081858841462
R_3e3vKUJ4QzoFSAu,43,26,973.62,43,26,973.6200000000001,0.0,0.0,2.220446049250313e-16
R_3e4UufJ6u6HeOfZ,140,62,3542.3899999999926,141,62,3578.38,0.007092198581560294,0.0,0.010159807361698636
R_3e5g4lvddcnjkoZ,3822,963,62086.99999999947,3899,972,63787.909999999974,0.019748653500897717,0.009345794392523255,0.027395590059118957
R_3e7W1H6xOM5vaaC,22,16,1810.62,22,16,1810.62,0.0,0.0,0.0
R_3e82J7pYxj5XP7j,1312,460,32003.840000000328,1333,464,32448.869999999995,0.015753938484621144,0.008695652173912993,0.013905518837729058
R_3e8KYXycNUjqIsE,12,10,296.95,12,10,296.95,0.0,0.0,0.0
R_3e8qukcDiaT0D0g,547,249,32546.120000000275,561,254,33799.46,0.024955436720142554,0.02008032128514059,0.038509659523153994
R_3e8s8dAdcnrk8gN,209,94,5266.309999999983,213,95,5549.27,0.018779342723004744,0.010638297872340496,0.053730220970664044
R_3e9NFDI84UCZTxa,247,189,5759.269999999977,252,192,5882.22,0.019841269841269882,0.015873015873015817,0.021348191697910357
R_3e9ssv3i0aocZ2B,1147,549,25534.840000000248,1181,560,27060.289999999994,0.028789161727349688,0.020036429872495543,0.05973994746000888
R_3eXwU5h5L53HBTz,94,36,2151.8500000000004,95,36,2166.84,0.010526315789473717,0.0,0.006966098938122833
R_3eacn6MNmuK19rT,97,39,3012.4999999999977,98,39,3029.48,0.010204081632653073,0.0,0.005636514522822322
R_3eayaur0mNdbwjN,1,1,4.99,1,1,4.99,0.0,0.0,0.0
R_3ebnP0qUIQ7u38i,575,230,18730.449999999997,583,233,18916.9,0.013722126929674117,0.01304347826086949,0.009954379099274435
R_3eborWmxQ0yQ2wR,55,39,1181.8000000000004,59,40,1343.3499999999997,0.06779661016949157,0.02564102564102555,0.13669825689625936
R_3eehQVQNcKmEJtd,891,275,20968.42000000007,909,278,21875.24,0.01980198019801982,0.01090909090909098,0.04324693992203166
R_3eg0me5m4O8d4An,46,16,762.2900000000003,47,16,776.7199999999999,0.021276595744680882,0.0,0.018929803618045193
R_3eh02tn8YjYcUoE,1005,188,28899.690000000337,1056,190,33007.380000000005,0.048295454545454586,0.010638297872340496,0.14213612671968523
R_3ehrwNfhcQWj8vd,682,122,12454.08000000001,693,122,13610.040000000003,0.015873015873015928,0.0,0.09281777537963398
R_3ek2QZ6sOxVMUof,616,153,6918.899999999955,621,154,7005.620000000001,0.008051529790660261,0.006535947712418277,0.012533784272072968
R_3ek9YZGdsDHjUZf,1817,613,45104.76999999984,1844,617,45731.57999999998,0.014642082429501047,0.006525285481239873,0.013896756374107255
R_3elUFVVZ7XBmRkE,510,172,12115.339999999962,527,173,12316.1,0.032258064516129004,0.005813953488372103,0.016570727689032116
R_3elubI4aFeN2yCZ,20,14,345.47,20,14,345.47,0.0,0.0,0.0
R_3emMy2Kk6GA8xPd,433,167,7997.169999999968,449,168,8443.81,0.03563474387527843,0.0059880239520957446,0.055849756851490406
R_3emgkqNhDINyGIr,392,217,6814.589999999965,408,224,7069.570000000001,0.039215686274509776,0.032258064516129004,0.03741677782523056
R_3emmbwwsXsxt4Oj,916,524,25143.7400000002,946,533,25955.639999999992,0.031712473572938715,0.01717557251908386,0.032290343441341074
R_3ennfkrsSdTlmrJ,242,143,4482.509999999991,242,143,4482.51,0.0,0.0,1.9984014443252818e-15
R_3enuyEOsaEVxTNX,1774,931,32724.15000000041,1802,938,33778.279999999984,0.015538290788013276,0.007518796992481258,0.032212601396814255
R_3epZGNOjd1lIJKO,34,17,632.92,35,17,732.8900000000001,0.02857142857142858,0.0,0.1579504518738548
R_3epZe6rBJKBSCnU,31,23,811.3000000000002,31,23,811.3,0.0,0.0,-3.3306690738754696e-16
R_3eqS2JnufvMcjz6,274,135,6554.04999999998,278,135,6617.9400000000005,0.014388489208633115,0.0,0.009748170978253201
R_3eqVHUBiQdiljFW,362,149,10380.389999999965,372,154,10770.1,0.026881720430107503,0.033557046979865834,0.037542905420705486
R_3es31tjjFuDqchZ,43,28,925.95,46,29,962.1,0.06521739130434778,0.03571428571428581,0.03904098493439179
R_3eskd9chj8gntQY,66,28,781.0100000000004,68,29,823.9899999999999,0.02941176470588236,0.03571428571428581,0.0550313056170848
R_3ew6vwG8hpJavUw,120,23,4360.479999999993,125,23,4415.81,0.040000000000000036,0.0,0.012688970021650592
R_3exHO4xJjgNP9gR,39,29,1111.5500000000002,40,30,1144.18,0.025000000000000022,0.034482758620689724,0.02935540461517694
R_3exc2XR26AhKKGz,40,14,1064.0000000000002,42,14,1123.54,0.04761904761904767,0.0,0.05595864661654115
R_3exlTi02vMuoy59,209,116,5875.189999999988,215,118,6218.6,0.027906976744186074,0.01724137931034475,0.0584508756312585
R_3eyGrzjenFYJ7oC,117,76,3114.9399999999964,118,76,3152.73,0.008474576271186418,0.0,0.012131854867189595
R_3ez7TNnB78XtMa7,1158,551,23200.9900000002,1177,557,23824.339999999997,0.016142735768904015,0.010889292196007316,0.02686738798645183
R_3ez7X26xdVCMrnF,123,77,2475.5699999999993,123,77,2475.5699999999997,0.0,0.0,2.220446049250313e-16
R_3ez95OwZzk9mqZY,1691,622,36307.17000000023,1729,628,36987.78999999999,0.02197802197802201,0.009646302250803762,0.018746159505126814
R_3ezA9QwlGKzfZk4,188,70,5357.629999999989,193,70,5462.28,0.025906735751295318,0.0,0.01953289047582807
R_3ezBqJzPjKM0Dfa,1551,839,35284.670000000435,1585,845,36037.59999999998,0.021451104100946417,0.007151370679380209,0.02133872868867792
R_3fAXOMLfzap9tua,243,103,5482.879999999984,246,103,5548.86,0.012195121951219523,0.0,0.012033821641184161
R_3fB1NIeE1OGUd72,723,218,16436.45999999994,737,219,16758.649999999998,0.018995929443690662,0.004587155963302836,0.019602152774992776
R_3fB58oStn8JMg7g,171,130,7941.149999999987,172,130,7955.050000000001,0.005813953488372103,0.0,0.0017503762049595473
R_3fBigsekvKSOhai,74,33,1607.3700000000003,80,36,1759.5300000000002,0.07499999999999996,0.09090909090909083,0.09466395416114515
R_3fBmKcLTAgFITMo,605,225,19188.310000000023,619,228,19639.08,0.022617124394184174,0.01333333333333342,0.023491907312315652
R_3fCoNgRZea09xip,21,10,422.48,23,12,498.46000000000004,0.08695652173913049,0.19999999999999996,0.1798428327968189
R_3fDn1aIMS159i7Y,83,54,3138.0599999999968,88,56,3602.58,0.05681818181818177,0.03703703703703698,0.14802776237548154
R_3fJXgeZMDEMzirc,551,192,7331.579999999955,562,195,7510.870000000001,0.019572953736654797,0.015625,0.024454483208264266
R_3fPjUwHaFPR4c97,142,70,3824.0999999999954,142,70,3824.100000000001,0.0,0.0,1.3322676295501878e-15
R_3fQ1LpHJrg9HlHL,39,15,960.2900000000002,39,15,960.2900000000001,0.0,0.0,-1.1102230246251565e-16
R_3fSID1UOrXxgUWt,171,135,5424.029999999988,171,135,5424.030000000001,0.0,0.0,2.4424906541753444e-15
R_3fSLnguIx13H2w4,313,119,7403.639999999976,323,122,7578.75,0.03095975232198145,0.025210084033613356,0.023651879345838678
R_3fV7ZzkNK2r0Q9f,239,90,5151.22999999999,245,92,5283.7699999999995,0.024489795918367308,0.022222222222222143,0.025729777160020006
R_3fVvu75IqhUjuUO,111,65,3897.1899999999937,115,68,4048.51,0.034782608695652195,0.04615384615384621,0.03882797605454358
R_3fZw8PrvipmbCr0,28,10,1038.96,28,10,1038.9599999999998,0.0,0.0,-2.220446049250313e-16
R_3fcOMdQm2jGBLKm,600,274,15186.009999999942,607,277,15429.830000000002,0.011532125205930832,0.010948905109489093,0.01605556693299026
R_3fd7rERokfgxI5Z,111,59,3903.799999999994,114,60,4003.7700000000004,0.02631578947368418,0.016949152542372836,0.025608381576926798
R_3fdWUgAWjxIhg6r,353,198,7278.699999999965,360,199,7377.01,0.019444444444444486,0.005050505050504972,0.013506532759975709
R_3fdy23s5lo1qhkM,120,88,3063.979999999995,121,88,3069.37,0.008264462809917328,0.0,0.0017591498639040193
R_3feEREQuqFE7ClI,124,75,1947.360000000001,126,77,1971.34,0.015873015873015928,0.026666666666666616,0.012314107304247202
R_3ff9iXWRr8CwTNI,1531,639,34039.65000000029,1573,653,35905.28999999998,0.026700572155117563,0.021909233176838905,0.05480784908186975
R_3ffPASSeGwx1hdI,75,44,4208.939999999995,77,44,4231.080000000001,0.025974025974025983,0.0,0.005260231792329151
R_3ffp8zARsGqkOER,930,386,23337.910000000167,954,392,23790.27,0.02515723270440251,0.015544041450777257,0.01938305529500406
R_3ffvBweXrgA7nbH,98,24,1782.6400000000003,100,24,1799.2199999999998,0.020000000000000018,0.0,0.009300812278418169
R_3fizn1i6awYRddw,510,248,9220.569999999949,519,249,9389.51,0.017341040462427793,0.0040322580645162365,0.018322077702360273
R_3fkN1OLj1L6RnNU,296,185,7824.459999999974,302,186,8084.830000000002,0.019867549668874163,0.00540540540540535,0.03327641779752577
R_3flZSxKV8ViX1H4,1060,391,23475.360000000142,1093,396,24083.53,0.03019213174748403,0.01278772378516635,0.025906737958431902
R_3fpfYvwlwFhJscl,311,225,7047.259999999976,324,230,7529.120000000001,0.04012345679012341,0.022222222222222143,0.06837551048209178
R_3fvEWcFZVxRnkOQ,56,27,1252.4500000000005,56,27,1252.4500000000003,0.0,0.0,-2.220446049250313e-16
R_3fvJ1CXv3szhsUO,220,155,9178.889999999978,226,158,10014.699999999999,0.026548672566371723,0.019354838709677358,0.09105785122166443
R_3fxHTqxDme8jKUT,13,11,507.03,13,11,507.0300000000001,0.0,0.0,2.220446049250313e-16
R_3fxhcf9cnZWI5qg,331,174,7108.329999999968,337,176,7334.7699999999995,0.017804154302670572,0.011494252873563315,0.0318555835196217
R_3g0oj17hwhdwZNF,142,100,4291.2699999999895,143,100,4328.26,0.006993006993006978,0.0,0.008619825832448358
R_3g1vpqtwzgBUs93,627,297,18067.069999999985,656,300,18779.079999999998,0.044207317073170715,0.010101010101010166,0.03940926780047982
R_3g2bmHhnUgevJxp,255,135,8699.889999999989,257,136,8874.86,0.0077821011673151474,0.007407407407407307,0.020111748539350716
R_3g4JbArAZR7dsKo,366,187,8442.389999999976,367,188,8466.380000000001,0.0027247956403270157,0.005347593582887722,0.0028416123870165233
R_3g6FdS9TC745S4Y,224,143,10702.47999999998,231,145,11125.370000000003,0.030303030303030276,0.013986013986013957,0.03951327169030194
R_3g8lvUze8YAbyXH,489,209,16059.799999999948,516,215,17335.84,0.05232558139534882,0.028708133971291794,0.07945553493817203
R_3gLd8MIY73JqwAv,643,386,12262.919999999947,652,389,12501.990000000002,0.013803680981595123,0.007772020725388629,0.01949535673396352
R_3gMW75Ptp1g7ChC,208,122,9419.88999999998,216,125,9682.840000000002,0.03703703703703709,0.024590163934426146,0.027914338702471397
R_3gOuHWcfs0RuReQ,41,26,3366.739999999998,42,27,3481.7300000000005,0.023809523809523836,0.03846153846153855,0.034154701580758395
R_3gRFXl9yMJKKRf6,340,210,9122.419999999964,349,214,10229.720000000001,0.025787965616045794,0.01904761904761898,0.12138226479377634
R_3gRcpaI5IB9yFr4,330,192,13278.519999999968,338,195,13661.079999999998,0.023668639053254448,0.015625,0.028810439717681824
R_3gS3BKOIcDGgU6n,21,14,2162.5400000000004,21,14,2162.54,0.0,0.0,-2.220446049250313e-16
R_3gTrwWhEzAv6gzH,1391,766,34585.68000000033,1421,775,35504.35999999998,0.021111893033075257,0.011749347258485532,0.02656243855837559
R_3gUDV8tLJhmGAp6,303,133,6137.469999999969,312,135,6402.05,0.028846153846153855,0.015037593984962516,0.04310896835341471
R_3gYHFD30WKpKPEh,313,175,5911.859999999983,321,178,5979.660000000001,0.024922118380062308,0.017142857142857126,0.01146847185150146
R_3gYgA0qpdE5xHQg,428,249,12464.469999999968,443,252,12957.61,0.033860045146726914,0.012048192771084265,0.03956365573506404
R_3gYqX0FOP85dgkR,62,34,868.2300000000004,63,34,878.7299999999999,0.015873015873015928,0.0,0.012093569676237426
R_3gZVZu8BJbDN3AU,9,6,135.17,9,6,135.17000000000002,0.0,0.0,2.220446049250313e-16
R_3h3K9E1W2YcQhhk,97,64,3732.8399999999992,100,65,4286.43,0.030000000000000027,0.015625,0.14830263284791245
R_3h3VYxug5MmQXfO,153,70,4054.7499999999914,155,70,4113.73,0.012903225806451646,0.0,0.01454590295332836
R_3h3VvfXViksWH2f,1135,224,22061.350000000064,1151,225,22695.04,0.013900955690703709,0.0044642857142858094,0.028723990145659073
R_3h4JnsfebywTUxX,477,281,18155.110000000004,505,289,18805.669999999995,0.055445544554455495,0.028469750889679624,0.03583343752805623
R_3h6dHCZDsYbhbBD,39,23,958.28,40,24,970.5300000000001,0.025000000000000022,0.04347826086956519,0.012783320115206553
R_3h9Bd191G9AvusC,74,52,1178.4100000000003,75,52,1192.3999999999999,0.013333333333333308,0.0,0.011871929124837255
R_3h9L8YKiEqpP51c,711,332,14893.959999999925,723,335,15324.27,0.016597510373444035,0.009036144578313143,0.028891577525391288
R_3hARpdMQV0f2vVj,238,158,7189.39999999997,242,161,7523.3600000000015,0.016528925619834656,0.018987341772152,0.04645172058864899
R_3hAWVPrKOvOzR1e,581,244,8153.759999999959,586,244,8223.810000000001,0.008532423208191142,0.0,0.008591128510042179
R_3hEAv7XQki4inY0,133,85,2179.75,140,87,2285.9,0.050000000000000044,0.0235294117647058,0.04869824521160693
R_3hEeWqNZ7i0UcHj,290,94,5193.54999999998,303,94,5484.25,0.04290429042904287,0.0,0.05597327454246526
R_3hbeh04qaJBUGBB,232,117,8736.609999999986,237,118,8944.27,0.021097046413502074,0.008547008547008517,0.02376894470509905
R_3hgacN0JQWw8Xjx,380,212,6944.809999999978,388,216,7263.92,0.020618556701030966,0.018867924528301883,0.045949421222470255
R_3hgutPlXDzG8Ydb,453,289,7341.939999999955,457,291,7383.100000000001,0.008752735229759279,0.006920415224913601,0.005606147693940189
R_3hhzlzmPKPEX8AA,256,130,5535.179999999977,259,132,5590.15,0.01158301158301156,0.01538461538461533,0.009931023020032459
R_3hi5mDsFQCYQhYs,87,43,1630.6700000000003,87,43,1630.67,0.0,0.0,-1.1102230246251565e-16
R_3hiL1Whui2YJLYW,199,118,3767.2899999999913,201,119,3885.2700000000004,0.00995024875621886,0.008474576271186418,0.03131694135572505
R_3hirVgfnDloHJmJ,50,27,1143.3000000000004,50,27,1143.3,0.0,0.0,-4.440892098500626e-16
R_3hmElrazixrEM9a,89,71,2127.21,90,71,2149.64,0.011111111111111072,0.0,0.01054432801650984
R_3hnEZmoJLqoRGs0,435,142,8276.519999999957,437,142,8300.5,0.004576659038901587,0.0,0.0028973529937754705
R_3hnGRijfFuA2CwU,107,58,3193.7299999999973,112,58,3817.6800000000003,0.044642857142857095,0.0,0.1953671725537236
R_3hnJMNKiTFDsnVr,201,118,5491.019999999982,209,121,5960.87,0.038277511961722466,0.025423728813559254,0.0855669802696073
R_3ho1k0Z3CxCuIUv,238,153,8904.609999999975,247,153,9235.03,0.036437246963562764,0.0,0.037106622300137504
R_3hosWdcmm0vvrdx,878,362,18050.93999999999,891,363,18313.96,0.014590347923681302,0.0027624309392264568,0.014570986330906255
R_3hourKKs4B7t7rW,193,69,4660.029999999991,200,70,4970.58,0.03500000000000003,0.01449275362318847,0.06664120188067679
R_3hrWBk1nD1Jxqgs,118,85,4233.679999999998,123,89,6129.530000000001,0.04065040650406504,0.04705882352941182,0.4478019122843493
R_3hsFBjto7aXqKY7,363,139,7085.089999999962,370,141,7192.51,0.018918918918918948,0.014388489208633004,0.015161416439316788
R_3hsVlOFjszWOfLz,128,106,2501.959999999999,129,106,2511.9500000000003,0.007751937984496138,0.0,0.00399286959024181
R_3hsu9QxGqr1fWqT,171,55,3809.759999999994,175,55,3906.9300000000003,0.02285714285714291,0.0,0.025505543656294982
R_3huKAYi4haQXzDn,54,28,1218.1,54,28,1218.1,0.0,0.0,0.0
R_3hygeiwrIWyyfQE,44,24,731.4200000000002,49,28,1081.3600000000001,0.10204081632653061,0.16666666666666674,0.47843920045938026
R_3hziTi1fc6wdAWq,11,9,472.41,11,9,472.40999999999997,0.0,0.0,-1.1102230246251565e-16
R_3iBTJp5gQIkRz2f,675,426,18094.869999999984,693,436,18766.37,0.025974025974025983,0.023474178403755763,0.037109965421139535
R_3iCE108AGwThd1f,178,69,5169.229999999991,183,69,5239.3099999999995,0.02732240437158473,0.0,0.01355714487457682
R_3iDN6fAYFJQiaBE,163,76,4314.209999999994,168,77,5165.06,0.029761904761904767,0.013157894736842035,0.19722034856903292
R_3iDNJT0LRidKDuN,86,33,1309.0900000000006,86,33,1309.09,0.0,0.0,-5.551115123125783e-16
R_3iDSOpUxmGrAf4T,32,21,2211.3799999999997,32,21,2211.38,0.0,0.0,2.220446049250313e-16
R_3iDwODhJv2WSQov,10,7,588.32,10,7,588.32,0.0,0.0,0.0
R_3iEBxv0adFMzSFz,44,31,1855.0,46,32,1960.94,0.04347826086956519,0.032258064516129004,0.05711051212938001
R_3iECfeIxMUU3Kme,39,19,811.2400000000001,39,19,811.24,0.0,0.0,-1.1102230246251565e-16
R_3iFswoYyum23EOY,279,174,5365.59999999998,291,178,5633.0599999999995,0.04123711340206182,0.02298850574712641,0.04984717459371191
R_3iIQ4QqxRoa0VFq,1012,557,19179.32000000001,1031,564,19586.77,0.018428709990300662,0.012567324955116588,0.02124423597916869
R_3iJPosktkZFzmM4,1097,586,25649.800000000185,1114,592,26118.639999999985,0.015260323159784539,0.010238907849829282,0.018278505095548292
R_3iJQyWNMMY0KRV5,240,122,5476.7499999999845,243,123,5683.72,0.012345679012345734,0.008196721311475308,0.03779066051947155
R_3iJyVGzX7fyajRz,318,190,7283.409999999976,326,191,7479.070000000001,0.024539877300613466,0.0052631578947368585,0.02686379044980658
R_3iLuj9X88TO5lBI,292,113,8221.239999999972,297,114,8486.91,0.01683501683501687,0.008849557522123908,0.03231507655779753
R_3iPhiErZ75JUWHV,6,3,137.25,6,3,137.25,0.0,0.0,0.0
R_3iUbXeyRSJrM5mX,267,151,8033.669999999976,273,155,8484.16,0.02197802197802201,0.026490066225165476,0.05607524331968139
R_3iVJ4NtqpKGbPCp,317,92,6217.7199999999775,320,93,6255.35,0.009375000000000022,0.010869565217391353,0.006052057667444544
R_3iWgE5w2w9NTovK,8,3,148.58,9,3,158.57000000000002,0.11111111111111116,0.0,0.0672365055862163
R_3iXBbGjxutYhcDe,143,44,1847.6600000000017,143,44,1847.66,0.0,0.0,-8.881784197001252e-16
R_3ik7mYg7wgFsyfj,497,275,14663.379999999945,509,280,15584.210000000001,0.023575638506876273,0.018181818181818077,0.06279793608295359
R_3il4iRZFXETKegd,284,138,7071.159999999968,292,140,7151.330000000002,0.0273972602739726,0.01449275362318847,0.011337602317022188
R_3ilsBGL89rupTmV,157,53,3423.2399999999952,162,54,3572.8599999999997,0.030864197530864224,0.018867924528301883,0.04370713125577064
R_3im9Cg30Oip8HJG,73,41,1846.1500000000003,73,41,1846.1499999999999,0.0,0.0,-2.220446049250313e-16
R_3imxMFx4h7YnAGb,15,8,356.32,15,8,356.31999999999994,0.0,0.0,-1.1102230246251565e-16
R_3ind2rov7WpB4Kv,42,14,643.1700000000001,43,14,660.1600000000001,0.023255813953488413,0.0,0.026416033086120283
R_3ipMSGFZREpVy5r,988,289,18847.51,1009,291,19256.859999999997,0.020812685827552024,0.006920415224913601,0.021719049359835818
R_3ir5gbFGrLCGWWK,231,67,6971.989999999979,236,70,7430.31,0.021186440677966156,0.04477611940298498,0.06573732894052098
R_3isz5QQv3HvQNFw,250,124,5900.009999999993,254,125,5942.660000000001,0.015748031496062964,0.008064516129032251,0.007228801307117783
R_3ite6il7LXUvpB6,1100,228,9954.509999999917,1104,228,10556.410000000002,0.0036231884057971175,0.0,0.0604650555376498
R_3iwhcK2YUBeMdvs,222,118,4757.419999999985,223,119,4809.4,0.004484304932735439,0.008474576271186418,0.01092609019174584
R_3ixOwXLuUfjiWS8,661,263,16361.439999999926,676,266,17140.55,0.022189349112425982,0.011406844106463865,0.04761866926139002
R_3ixUxNOUiEYD7KJ,1028,364,18675.67000000004,1050,368,19303.559999999998,0.020952380952380945,0.01098901098901095,0.0336207482783728
R_3ixmGBJOpKuITJL,69,17,2002.8900000000003,74,18,2210.8,0.06756756756756754,0.05882352941176472,0.10380500177243879
R_3iyTuoKtVb3y4RA,22,9,973.4300000000002,22,9,973.4300000000001,0.0,0.0,-1.1102230246251565e-16
R_3iydBpfsKD9jRTq,271,142,11253.119999999984,278,143,11450.91,0.025179856115107868,0.007042253521126751,0.017576458795428795
R_3iz0BqWx9Y3Zy8z,377,240,7747.099999999972,392,247,7961.540000000001,0.03826530612244894,0.029166666666666563,0.02768003510991579
R_3j0QHyrrVmuYEp5,76,52,2384.0099999999984,79,54,2432.4700000000003,0.03797468354430378,0.03846153846153855,0.020327095943390328
R_3j0TsrpMjWQbtS9,13,7,133.0,13,7,133.0,0.0,0.0,0.0
R_3j2mnsnt1dXqiO9,207,87,5525.509999999983,211,88,5619.47,0.018957345971563955,0.011494252873563315,0.017004765171001024
R_3j2qB4EWSQ8q43A,28,14,637.47,28,14,637.47,0.0,0.0,0.0
R_3j7FIUaHsWq2DDI,474,267,10163.20999999996,479,268,10271.74,0.01043841336116913,0.0037453183520599342,0.010678712729545126
R_3j7P0eEOFqWjGrT,371,198,14139.219999999968,392,207,14687.02,0.0535714285714286,0.045454545454545414,0.0387432970135575
R_3j85NmXEyjQjcD3,210,76,5160.249999999986,211,77,5169.9400000000005,0.004739336492891044,0.013157894736842035,0.0018778159972896447
R_3j8NPNQCqchw4EO,9,8,378.58,9,8,378.58,0.0,0.0,0.0
R_3j9G4pFP8OAvC8D,316,144,6515.529999999967,321,145,6635.8099999999995,0.015576323987538943,0.00694444444444442,0.018460508968576983
R_3jSAmu0UzDwnhQD,1118,562,29179.740000000224,1131,565,29437.52,0.011494252873563204,0.005338078291814874,0.008834211682481552
R_3jSvX9tw2goV083,336,186,8269.069999999967,345,191,8519.820000000002,0.02608695652173909,0.026881720430107503,0.030323845365928248
R_3jV8kPp6atdc32x,843,143,8279.189999999922,860,146,8488.460000000001,0.019767441860465085,0.020979020979021046,0.025276627302922128
R_3jWrXCIXh4o7xqF,218,85,6539.769999999986,225,88,6825.68,0.03111111111111109,0.03529411764705892,0.04371866288875825
R_3jYUg0c9puk2lgW,535,267,11236.509999999951,546,274,11450.720000000001,0.020146520146520186,0.02621722846441954,0.019063748441469075
R_3jYVHJu0dN2OgpR,12,9,485.9700000000001,12,9,485.97,0.0,0.0,-1.1102230246251565e-16
R_3jYVNfQkzbtT9y0,255,162,7005.449999999978,260,163,7098.679999999999,0.019230769230769273,0.006172839506172867,0.013308210036474755
R_3jZqWk6Sdb7NXLB,12,8,370.37,12,8,370.37000000000006,0.0,0.0,2.220446049250313e-16
R_3jdjdovzQan3OW9,59,35,955.0200000000004,59,35,955.0199999999999,0.0,0.0,-5.551115123125783e-16
R_3jeCszdGae3Pf7T,161,119,4419.769999999989,168,125,4736.07,0.04166666666666663,0.050420168067226934,0.0715648099335513
R_3jeSn7L9iG6QYQH,198,115,6010.579999999982,199,115,6116.570000000001,0.005025125628140725,0.0,0.017633905546556194
R_3jeWmPk4fAaYvAE,86,61,2066.8300000000004,87,61,2075.8199999999997,0.011494252873563204,0.0,0.004349656236845467
R_3jfEjdC0JqmZ6ly,172,48,3127.2699999999963,173,48,3159.23,0.005780346820809301,0.0,0.010219776354457366
R_3k0VYb4ISk9hQJa,153,80,8790.839999999984,166,84,8982.289999999999,0.07831325301204817,0.050000000000000044,0.021778351101830573
R_3k1EuBwlZyentTb,251,67,6056.36999999998,255,68,6219.09,0.015686274509803977,0.014925373134328401,0.02686757909441151
R_3k1YkypUNn2zXzH,92,57,1721.250000000001,92,57,1721.2499999999998,0.0,0.0,-6.661338147750939e-16
R_3k1aN4l9ZZNQ9Aq,44,26,1884.3300000000008,49,29,1937.6000000000001,0.10204081632653061,0.11538461538461542,0.028269995170696838
R_3k5GZzNh8OQFFcx,29,7,411.6900000000001,29,7,411.69,0.0,0.0,-2.220446049250313e-16
R_3k5JabbpW5kTO7M,334,265,14515.55999999998,341,267,14823.57,0.02052785923753664,0.007547169811320753,0.021219298463167835
R_3k6ex1IXMmkUR1Q,244,134,5484.639999999983,246,134,5497.6,0.008130081300813052,0.0,0.0023629627468744197
R_3k85Clfjw382OSO,1782,415,19411.660000000003,1786,418,19872.91,0.002239641657334812,0.0072289156626506035,0.02376149180441023
R_3kA4mCLxijsl1ir,439,289,8226.709999999977,448,294,8370.84,0.0200892857142857,0.01730103806228378,0.017519761848907134
R_3kAKNNSrZk6Lyna,580,264,13052.64999999996,593,270,14080.570000000002,0.021922428330522714,0.022727272727272707,0.07875182434218675
R_3kAg3F3SGS36qHc,324,92,7449.809999999967,329,93,7646.450000000001,0.015197568389057725,0.010869565217391353,0.026395304041315848
R_3kBWjp00fTCaTJC,78,34,1222.9100000000003,79,34,1232.8999999999999,0.012658227848101222,0.0,0.008169039422361024
R_3kFE2p3j4I8dh9B,306,116,5212.7499999999745,315,118,5653.01,0.02857142857142858,0.01724137931034475,0.08445829936214633
R_3kFWVmVTlcPA1P1,134,68,4170.799999999993,140,70,4286.99,0.042857142857142816,0.02941176470588225,0.027857964898821974
R_3kFY0fRB4k17JF3,166,41,2289.5099999999993,168,41,2309.48,0.011904761904761862,0.0,0.008722390380474732
R_3kGrnHVJoTvPeHd,90,58,2805.390000000001,91,58,3016.6500000000005,0.01098901098901095,0.0,0.07530503780223063
R_3kHCld4gRZS9Tqy,539,139,6031.399999999954,544,139,6128.34,0.009191176470588203,0.0,0.016072553635979592
R_3kKSC6QiydtsEHb,150,109,3937.9699999999943,151,110,3977.57,0.0066225165562914245,0.00917431192660545,0.010055942528766293
R_3kL3lorjNRfbGiR,81,64,2257.1299999999997,87,66,2361.3399999999997,0.06896551724137934,0.03125,0.046169250331172806
R_3kLp5UPFHSDwQYB,174,114,3596.8399999999915,177,116,3663.1800000000003,0.016949152542372836,0.01754385964912286,0.01844396748257049
R_3kM9FhqXba9VXRS,155,83,4766.6599999999935,165,85,4946.879999999999,0.06060606060606055,0.024096385542168752,0.03780844448733611
R_3kOm4CIllTXZPY6,78,42,1109.3600000000004,80,43,1159.3300000000002,0.025000000000000022,0.023809523809523725,0.04504398932717946
R_3kaZNpTa8e2pQIY,47,27,942.3600000000004,47,27,942.36,0.0,0.0,-3.3306690738754696e-16
R_3kc4QWV5AiSbW9E,106,53,1960.4300000000003,106,53,1960.4299999999998,0.0,0.0,-2.220446049250313e-16
R_3kc6o6p4Ocxztg0,207,137,6451.949999999984,211,139,6586.33,0.018957345971563955,0.014598540145985384,0.020827811746838787
R_3kgLsDZZFZldraK,257,177,5926.059999999983,266,179,6060.49,0.03383458646616544,0.011299435028248483,0.02268454926207575
R_3kh16DhrZpht44p,93,74,1882.9000000000003,95,75,2171.05,0.021052631578947323,0.013513513513513598,0.1530352116416165
R_3khq81upkg41nqx,57,39,1154.73,58,39,1204.72,0.017241379310344862,0.0,0.04329150537355053
R_3knQwnkJtiYRKms,153,73,4265.919999999992,158,74,4361.860000000001,0.03164556962025311,0.013698630136986356,0.022489873227816926
R_3kp1cu1nmAKu6mC,991,544,29027.4900000002,1017,553,29513.339999999993,0.025565388397246758,0.016544117647058876,0.016737582202243084
R_3kp4505SrHnUwp5,50,26,2965.3399999999983,52,26,3026.76,0.038461538461538436,0.0,0.020712633289943883
R_3kpwfKb8JMrf6rl,49,24,1633.4100000000003,49,24,1633.4099999999999,0.0,0.0,-3.3306690738754696e-16
R_3kueJwyzqVs2sxR,245,127,4675.109999999989,252,129,4791.07,0.02777777777777779,0.015748031496062964,0.02480369445852859
R_3kzVEThiLAGUkjx,35,19,937.3,38,19,977.21,0.07894736842105265,0.0,0.042579750346740664
R_3lFC8mZ0NpujRTg,65,43,1839.2400000000007,66,44,1876.23,0.015151515151515138,0.023255813953488413,0.02011156782149115
R_3lJMYpRM5RacP2j,61,35,1608.5900000000004,64,37,1689.2900000000002,0.046875,0.05714285714285716,0.05016815969264998
R_3lK5ONceMua8L4O,390,269,6639.79999999998,391,269,6646.790000000001,0.002557544757033292,0.0,0.0010527425524895495
R_3lLhrGoskvkadDT,423,247,16128.08999999997,430,251,16468.420000000002,0.016279069767441867,0.0161943319838056,0.02110169276089313
R_3lM81t5RoSQwF1E,113,56,3298.0899999999974,116,57,3487.0300000000007,0.025862068965517238,0.017857142857142794,0.05728770288257845
R_3lMKtOCLCABbZLU,489,170,10798.289999999952,500,171,11014.79,0.02200000000000002,0.00588235294117645,0.020049470795843627
R_3lMPFMytHOig2HO,362,165,10909.549999999965,369,166,11023.64,0.01897018970189701,0.0060606060606061,0.010457809900503268
R_3lMSxgNkhRq4147,73,51,8245.039999999999,78,54,8517.0,0.0641025641025641,0.05882352941176472,0.03298467927384241
R_3lMqHBzl2gFmIku,94,49,4148.629999999991,94,49,4148.63,0.0,0.0,2.220446049250313e-15
R_3lPsAEuHtXadZAk,121,111,4219.439999999998,121,111,4219.4400000000005,0.0,0.0,6.661338147750939e-16
R_3lQCvBUTlCoreQq,338,216,8517.58999999997,348,220,9034.740000000002,0.028735632183908066,0.0185185185185186,0.06071553103636518
R_3lQgsLNb8aWjfC8,190,151,4934.539999999985,197,153,5417.73,0.035532994923857864,0.013245033112582849,0.09791996822399152
R_3lRLul7FhL1NHBx,612,189,7932.5399999999745,629,190,8251.949999999999,0.027027027027026973,0.005291005291005346,0.04026579128501395
R_3lSOzZGBy8Hzfuz,236,128,9793.579999999982,243,131,9997.439999999999,0.028806584362139898,0.0234375,0.020815677208948946
R_3lVJM7vRGq2Y6FR,85,42,1634.35,85,42,1634.35,0.0,0.0,0.0
R_3lWxO0nhBqkpb9Y,622,338,15288.029999999966,631,340,15528.77,0.014263074484944571,0.00591715976331364,0.015746960203507854
R_3lXMRkdsyNZnsV1,309,125,10503.589999999982,318,127,11024.59,0.028301886792452824,0.016000000000000014,0.049602088428815305
R_3lXatUmeXT2pRD3,2,1,5.26,2,1,5.26,0.0,0.0,0.0
R_3lXmoZ903QXEUrl,216,69,5962.489999999989,221,70,6223.9,0.022624434389140302,0.01449275362318847,0.043842421538654364
R_3lXswIAy7Qq6UEZ,594,267,13772.839999999938,606,274,13996.380000000001,0.01980198019801982,0.02621722846441954,0.016230494219061864
R_3lYUnPKDsGA54tw,857,302,18600.219999999987,881,302,19240.76,0.02724177071509648,0.0,0.03443722708656205
R_3lYoNCIklsOH7sq,690,258,17079.269999999982,705,261,17445.95,0.021276595744680882,0.011627906976744207,0.021469301673901597
R_3ldTgJyTqQYy70R,114,46,4568.209999999994,121,47,4699.150000000001,0.05785123966942152,0.021739130434782705,0.028663305758712232
R_3lrG75UCQA6dT2c,1910,411,28172.930000000448,1922,415,28364.03,0.00624349635796051,0.009732360097323589,0.0067831070463579834
R_3lrVgwYpgSOqWUv,136,85,3223.3199999999933,139,87,3276.24,0.021582733812949617,0.0235294117647058,0.016417854882545546
R_3lsIXjO5GDQo8ab,136,116,3993.3499999999935,137,117,4003.34,0.007299270072992692,0.008620689655172376,0.002501659008102619
R_3lt1ZPBv09u1seD,569,310,18557.50000000001,601,316,19703.98,0.0532445923460898,0.019354838709677358,0.061779873366562654
R_3lv2H1k8zdvXdkZ,337,189,8309.359999999962,354,197,8857.980000000001,0.04802259887005644,0.042328042328042326,0.06602433881791625
R_3lxcBC8s5fXjDkC,248,149,8338.33999999998,252,152,8429.279999999999,0.015873015873015928,0.020134228187919545,0.010906247526488277
R_3lxoRojrBn1prkG,146,94,5735.699999999994,146,94,5735.7,0.0,0.0,8.881784197001252e-16
R_3lzv4o9axMfFsE2,160,88,3445.7499999999927,162,89,3463.0900000000006,0.012345679012345734,0.011363636363636465,0.005032286149606824
R_3m1Oe7DVV8jKYGf,883,472,16636.079999999947,900,478,17037.43,0.018888888888888844,0.012711864406779627,0.024125274704140276
R_3m1QGkK4pRvz6q5,68,38,3531.8199999999933,71,38,3542.2700000000004,0.04225352112676062,0.0,0.0029588144356187396
R_3m1ShFlOlf1Iopc,75,28,1258.1300000000003,75,28,1258.1299999999999,0.0,0.0,-3.3306690738754696e-16
R_3m2Gt4gSV5ZDV1j,36,27,1108.6,37,28,1143.59,0.027027027027026973,0.03703703703703698,0.03156233086776106
R_3m33kWDsWBV6QS3,388,173,6768.449999999977,400,177,7369.290000000001,0.030000000000000027,0.023121387283236983,0.0887706934379402
R_3m3H4mwZ2snYFua,1550,805,52137.219999999805,1586,815,53681.36999999997,0.022698612862547263,0.012422360248447228,0.029617037502194687
R_3m3pAF4qi0QYEY2,58,34,2229.889999999999,58,34,2229.89,0.0,0.0,4.440892098500626e-16
R_3m49Ymv2vCz3zPJ,123,88,2970.399999999994,124,89,2987.59,0.008064516129032251,0.011363636363636465,0.0057870993805568816
R_3m4y20RcmogDzZl,247,85,4375.619999999987,250,86,4502.72,0.01200000000000001,0.0117647058823529,0.029047312152338023
R_3mA8FkeMLPmxavv,327,155,7851.209999999958,329,156,7878.93,0.006079027355623046,0.006451612903225712,0.003530665973785263
R_3mZKz5nOdwDq9uV,349,134,6925.949999999965,353,134,6962.55,0.011331444759206777,0.0,0.00528447361012363
R_3mZSKZJM87PlEZg,281,126,6237.029999999982,290,126,6391.670000000001,0.03103448275862064,0.0,0.02479385220209296
R_3mduGxyjIbBNSsm,55,30,2026.8700000000008,55,30,2026.87,0.0,0.0,-4.440892098500626e-16
R_3mejZzk0xiVLYS7,26,21,610.6000000000001,26,21,610.6,0.0,0.0,-2.220446049250313e-16
R_3mk0PlxA2dtMU76,59,39,1798.1100000000004,61,40,2024.0899999999997,0.032786885245901676,0.02564102564102555,0.12567640466934682
R_3mkMvFzGYLaDXjJ,292,167,8621.079999999985,295,169,8668.33,0.01016949152542368,0.011976047904191711,0.005480751831558717
R_3mknIzzCIrBk3h8,737,215,10498.179999999962,740,215,10594.150000000001,0.004054054054054013,0.0,0.009141584541324299
R_3mlroE78njuHGCJ,1057,259,14937.649999999912,1059,259,14958.630000000001,0.0018885741265344258,0.0,0.0014045047246447062
R_3mlwxxcokGLq899,180,104,3696.1199999999903,183,106,3818.0499999999997,0.016393442622950838,0.019230769230769162,0.03298864755473563
R_3mm166mlwrLpf6y,1100,370,20506.930000000077,1113,371,20912.850000000006,0.011680143755615435,0.002702702702702675,0.019794284176126276
R_3mmCGclG1nJL4uv,1977,865,26508.050000000305,2017,874,27171.669999999995,0.01983143282102129,0.010404624277456698,0.025034659282734184
R_3mmIIMQ7oHxgBJh,117,49,1833.5100000000004,117,49,1833.5100000000002,0.0,0.0,-1.1102230246251565e-16
R_3mmcUuadJoTFzsw,194,114,3211.409999999995,198,115,3258.3399999999997,0.02020202020202022,0.00877192982456143,0.014613518672484949
R_3n0Eenx5FMskTrD,675,376,10925.949999999932,692,379,11295.240000000002,0.024566473988439252,0.007978723404255428,0.033799349255677846
R_3n0OjYgGHf96Wuh,595,297,12113.909999999943,606,299,12357.839999999997,0.018151815181518205,0.006734006734006703,0.02013635564405325
R_3n0f5dcuUi4KKGG,34,20,906.1300000000002,35,21,940.1400000000001,0.02857142857142858,0.050000000000000044,0.037533245781510294
R_3n0jPS1ErTK9Izh,396,246,13955.639999999965,418,259,14502.239999999998,0.052631578947368474,0.05284552845528445,0.03916696045470025
R_3n17fNI56KA8rTV,695,390,14175.199999999948,709,395,14943.5,0.019746121297602226,0.012820512820512775,0.054200293470290095
R_3n1U04VYrBKdqxs,47,28,1226.06,49,28,1355.04,0.04081632653061229,0.0,0.10519876678139739
R_3n2VXT4Z99FpnEG,1017,257,15826.0099999999,1050,258,16545.309999999998,0.03142857142857147,0.0038910505836575737,0.04545049573455984
R_3n2bkmbpmkU4gYf,115,49,3083.079999999992,117,50,3139.06,0.017094017094017144,0.020408163265306145,0.01815716750781937
R_3n5UcqVpRJZsXYi,188,101,3344.8999999999924,191,101,3393.0500000000006,0.015706806282722474,0.0,0.014395049179350083
R_3n5zOvmozURNzXz,810,286,24301.060000000092,831,289,25409.65,0.02527075812274371,0.010489510489510412,0.045618997689808705
R_3n638WDxQiAjuaJ,248,128,6412.149999999983,252,130,6605.1,0.015873015873015928,0.015625,0.030091311026725354
R_3n6tdl4OwYH7ZdB,134,63,3719.839999999992,136,63,3799.32,0.014705882352941124,0.0,0.02136651038754578
R_3n8zTmayQaStORf,4,3,182.78,4,3,182.78000000000003,0.0,0.0,2.220446049250313e-16
R_3n91eij0t6iYpZA,193,71,4797.8099999999895,200,71,5070.01,0.03500000000000003,0.0,0.05673421832044445
R_3n9iNltLsRTp5H8,108,85,3106.719999999995,111,85,3178.5000000000005,0.027027027027026973,0.0,0.02310475356646413
R_3nA7SneXu81knN1,553,225,20443.23000000009,567,228,20709.379999999994,0.024691358024691357,0.01333333333333342,0.013018979877441161
R_3nAdXXqYg1JqHOf,269,133,5731.94999999998,277,134,6022.35,0.028880866425992746,0.007518796992481258,0.050663386805541055
R_3nAunkapByCAbdB,136,82,2986.2499999999977,139,84,3151.18,0.021582733812949617,0.024390243902439046,0.05522980326496518
R_3nBJeqR8nle2zSU,103,56,2346.149999999999,106,56,2373.91,0.028301886792452824,0.0,0.011832150544509368
R_3nC0MSOS4dtTcHp,1,1,16.99,1,1,16.99,0.0,0.0,0.0
R_3nCpLzER7Xd2auY,107,70,1610.8100000000015,108,70,1630.8000000000002,0.0092592592592593,0.0,0.01240990557545496
R_3nDh4AoRXRSEbiR,413,168,18621.48000000001,419,169,18758.51,0.014319809069212375,0.005952380952380931,0.00735870618232215
R_3nGIC9K7FRqL88W,32,13,554.98,32,13,554.98,0.0,0.0,0.0
R_3nH1Odp9Yjm86gN,1138,577,39211.45000000032,1189,587,40836.85999999998,0.042893187552565215,0.017331022530329365,0.04145243289905487
R_3nIaYDeClQRJTAk,141,72,5821.229999999993,146,74,6415.160000000001,0.03424657534246578,0.02777777777777768,0.10202826550402722
R_3nJBlarikgnKpF2,676,386,17913.87,686,390,18299.04,0.014577259475218707,0.010362694300518172,0.02150121665502769
R_3nJBm8m1q11DNNU,308,203,5695.349999999978,312,205,5742.5700000000015,0.012820512820512775,0.009852216748768461,0.00829097421581193
R_3nMY8jLeOMfxVnY,265,117,4138.979999999989,265,117,4138.98,0.0,0.0,2.6645352591003757e-15
R_3nMiRw4shx6bl2P,1065,357,35015.26000000024,1077,358,35371.31999999999,0.011142061281337101,0.0028011204481792618,0.010168709299881007
R_3nMnsONdmohWgnF,593,154,15285.919999999933,610,155,15877.060000000001,0.02786885245901638,0.006493506493506551,0.03867218983221621
R_3nN7gDrlTTNu9A9,353,177,14124.839999999976,375,182,14618.58,0.058666666666666645,0.02824858757062154,0.03495544020321817
R_3nPGwtXdnEI5Stq,1471,162,23046.780000000257,1491,166,25123.630000000005,0.01341381623071769,0.024691358024691468,0.0901145409467059
R_3nSJD4LXFEuAzcy,214,144,3814.22999999999,225,148,4008.6600000000003,0.04888888888888887,0.02777777777777768,0.05097490188059206
R_3nSf4mvqWxoek6g,46,19,821.6400000000002,46,19,821.64,0.0,0.0,-2.220446049250313e-16
R_3nT3XXY74hL8tSE,528,81,3450.5799999999945,535,86,3692.7100000000005,0.013084112149532756,0.06172839506172845,0.0701708118635147
R_3nTTyw1tM8Efnek,451,257,15462.47999999996,464,258,15863.580000000002,0.028017241379310387,0.0038910505836575737,0.025940211402054825
R_3nTXPx2pVs4fP3S,217,100,6517.309999999984,223,102,9169.29,0.026905829596412523,0.020000000000000018,0.40691328170672003
R_3nTcQNav0g04ifL,184,89,4742.929999999991,193,91,4953.78,0.04663212435233166,0.022471910112359605,0.04445564239826627
R_3nTxfoDtuXTyMgE,124,58,4179.549999999994,126,58,4448.490000000001,0.015873015873015928,0.0,0.06434664018853886
R_3nVmjXQINxwevge,127,96,3440.289999999997,127,96,3440.29,0.0,0.0,8.881784197001252e-16
R_3nc8xj3PFj49bwJ,269,68,4499.769999999987,273,68,4536.94,0.0146520146520146,0.0,0.00826042219935963
R_3ncIj2f3HIyH4Ct,5,3,289.87,5,3,289.87,0.0,0.0,0.0
R_3ncO2Ifjpbb1Y4G,163,111,3464.4099999999935,171,115,3647.5600000000004,0.04678362573099415,0.03603603603603611,0.052866144596051656
R_3nckXobICRGBIZD,33,26,1598.15,36,28,2534.67,0.08333333333333337,0.07692307692307687,0.5860025654663203
R_3ndWuxDLZ0AomIR,43,15,880.9200000000001,43,15,880.9200000000001,0.0,0.0,0.0
R_3nebNtUMw5BsKcK,160,87,4677.699999999988,162,88,4752.580000000001,0.012345679012345734,0.011494252873563315,0.016007867114182783
R_3niVeTkRSeDZf6H,903,378,25465.550000000138,916,379,25805.729999999996,0.014192139737991272,0.002645502645502562,0.013358439146213374
R_3niyXZJFdjwLwq3,230,83,4608.909999999986,232,84,4742.8899999999985,0.008620689655172376,0.012048192771084265,0.02906978005645855
R_3nj9YnMVuMuQpRk,21,17,1172.8000000000002,21,17,1172.8,0.0,0.0,-2.220446049250313e-16
R_3njfgXBlhquM0QT,246,78,3260.2399999999893,248,78,3320.2200000000003,0.008064516129032251,0.0,0.018397418594953585
R_3nk4HEEc5QZPZNL,385,202,8391.75999999996,392,206,8766.9,0.017857142857142905,0.01980198019801982,0.04470337569235072
R_3nkIqFt7ZnBkvpC,175,89,7126.369999999984,181,92,7246.259999999999,0.03314917127071826,0.03370786516853941,0.016823431845387704
R_3nkjCzQkrOsAEgE,1161,124,6323.459999999886,1161,124,6323.46,0.0,0.0,1.7985612998927536e-14
R_3nkr0un2kC3hqTW,364,169,6140.709999999969,375,171,6294.27,0.029333333333333322,0.01183431952662728,0.025006880311891022
R_3nldfxTDjFdxvuf,72,42,3207.6499999999955,75,42,3288.36,0.040000000000000036,0.0,0.02516172275653661
R_3no1gEkp3pV72Nn,233,137,6192.229999999977,239,138,6442.13,0.025104602510460206,0.007299270072992803,0.04035702808197117
R_3nowc1UudxHQnVQ,265,170,4691.819999999989,268,172,4789.79,0.011194029850746245,0.0117647058823529,0.020881022716134012
R_3npVMUa47rFDNJj,218,119,2332.1499999999996,224,120,2395.44,0.0267857142857143,0.008403361344537785,0.027138048581780927
R_3nqGVGe1oo00hRC,559,344,14591.10999999994,573,348,15045.859999999999,0.024432809773123898,0.011627906976744207,0.03116623752408554
R_3nqGzFeKv4VVOck,378,141,5749.709999999974,388,142,5887.25,0.02577319587628868,0.007092198581560183,0.023921206460852273
R_3nqPkPCXP339aox,774,104,4927.329999999964,776,104,4961.219999999999,0.002577319587628857,0.0,0.006877964333632303
R_3nqqwF0uxKlhu0o,14,12,786.76,14,12,786.7600000000001,0.0,0.0,2.220446049250313e-16
R_3nuCIri0LNJEq4U,112,72,2741.6199999999976,119,74,3032.18,0.05882352941176472,0.02777777777777768,0.10598113524120856
R_3oB0VIIWn6ZnPjN,234,133,10670.509999999984,237,136,10708.769999999999,0.012658227848101222,0.022556390977443552,0.003585583069601661
R_3oC3NRkyrUsvTEM,287,191,6407.219999999973,295,192,6645.139999999999,0.027118644067796627,0.005235602094240788,0.03713310921117552
R_3oHHllow10IADbd,260,118,6771.499999999982,264,120,6823.819999999999,0.015151515151515138,0.016949152542372836,0.007726500775310896
R_3oI6mZDt47OaXO5,175,71,3978.709999999988,185,72,4520.19,0.05405405405405406,0.014084507042253502,0.13609436224304194
R_3oKQ17y6QU1axr2,179,74,5865.75999999999,182,74,5928.65,0.016483516483516536,0.0,0.01072154332942521
R_3oM91cVvXELLesg,200,109,8639.74999999998,203,111,8779.849999999999,0.014778325123152691,0.0183486238532109,0.016215746983421875
R_3oN20rTIYxBeZez,900,476,15548.51999999991,913,477,15816.07,0.014238773274917849,0.0021008403361344463,0.017207425529895515
R_3oO3DoeTgXHrEzx,1718,734,40652.78000000021,1752,738,42696.15999999998,0.019406392694063967,0.005449591280654031,0.05026421317311547
R_3oQSXNZTcp9yWWl,663,328,18598.390000000018,684,338,19107.470000000005,0.030701754385964897,0.030487804878048808,0.027372261792552255
R_3oRTuYf8MSqnQRa,82,41,2384.8,84,41,2501.78,0.023809523809523836,0.0,0.04905233143240517
R_3oRbWw6Brl9Zczg,39,24,2190.4899999999993,39,24,2190.4900000000002,0.0,0.0,4.440892098500626e-16
R_3oT1WH4NoaCSLkH,696,373,16090.44999999994,708,375,16823.34,0.016949152542372836,0.00536193029490617,0.04554813569540084
R_3oU7dMzJxGB3f5O,120,98,3274.679999999994,121,98,3298.8,0.008264462809917328,0.0,0.007365605188905944
R_3oWR9kYBU1EeED4,19,10,288.11999999999995,19,10,288.12,0.0,0.0,2.220446049250313e-16
R_3oWSVjKtFIw0OE8,414,239,8462.859999999971,424,246,8928.9,0.02358490566037741,0.029288702928870203,0.05506885379174764
R_3oXaG4hCMfIbGLl,185,73,3546.569999999994,188,73,3782.7200000000003,0.015957446808510634,0.0,0.06658546144584965
R_3oXeN7LsUxJ1Jco,2,2,39.989999999999995,2,2,39.989999999999995,0.0,0.0,0.0
R_3oZ99lFKWK6plDp,40,16,1534.83,42,16,1568.7199999999998,0.04761904761904767,0.0,0.02208062130659405
R_3ozIrQp8CaQst7P,469,306,12444.87999999997,478,313,12755.330000000002,0.01882845188284521,0.02287581699346397,0.024946001889936564
R_3ozJ1nZkdvnHKF5,39,24,1095.17,39,24,1095.1700000000003,0.0,0.0,2.220446049250313e-16
R_3p3D0kUa3mMJbyi,55,46,907.4800000000002,55,46,907.48,0.0,0.0,-2.220446049250313e-16
R_3p4tQBL8E8GkXCI,142,102,2975.159999999995,145,104,3011.1200000000003,0.020689655172413834,0.019607843137254832,0.012086744914561187
R_3p8NxlNJ9iNJgDQ,279,190,8007.299999999978,288,194,8167.72,0.03125,0.021052631578947434,0.02003421877537037
R_3p8Rjor8VyZP2Qp,609,198,9950.469999999952,625,200,10272.74,0.025599999999999956,0.010101010101010166,0.03238741486583541
R_3p8SE1rHMVpDhOI,49,13,546.75,49,13,546.75,0.0,0.0,0.0
R_3p9LzS9OJFK4DhS,469,320,12979.619999999955,477,324,13260.320000000002,0.016771488469601636,0.012499999999999956,0.021626210936841472
R_3p9XyyEX9w4wfZR,21,14,545.7400000000001,21,14,545.74,0.0,0.0,-2.220446049250313e-16
R_3papb8tA6MhY9Ga,321,147,5130.669999999979,329,149,5300.050000000001,0.024316109422492405,0.013605442176870763,0.033013232189952335
R_3pc2SB0SkNV7kSQ,414,158,5350.779999999974,419,159,5493.97,0.011933174224343701,0.006329113924050667,0.02676058443816176
R_3pcctVpELUMpncc,488,292,8050.519999999945,499,295,8363.0,0.022044088176352727,0.010273972602739656,0.03881488400749977
R_3peWF42INuePUWA,374,105,17281.019999999975,382,106,19639.940000000002,0.020942408376963373,0.00952380952380949,0.13650351657483362
R_3pflgTrQWtUULNy,97,53,3680.4599999999978,100,53,3776.4100000000003,0.030000000000000027,0.0,0.026070110801367896
R_3pg35C10fT379jl,18,11,453.1,18,11,453.1,0.0,0.0,0.0
R_3pg3JqNkeNbi2fG,43,25,1254.85,43,25,1254.8500000000001,0.0,0.0,2.220446049250313e-16
R_3pgz8gQSJhNTWpR,95,49,2494.5199999999995,95,49,2494.52,0.0,0.0,2.220446049250313e-16
R_3phESUXircSC3Za,88,40,1221.0500000000004,90,40,1242.82,0.022222222222222254,0.0,0.01782891773473616
R_3pi3ChYrRLAZLzR,1385,423,6863.969999999987,1390,425,7178.600000000001,0.003597122302158251,0.004728132387706863,0.04583790430319712
R_3pkV4oeIfFx8aiq,41,31,850.5300000000001,41,31,850.5300000000001,0.0,0.0,0.0
R_3pm4Od2kUSXlZgY,990,482,21375.4900000001,1013,492,22080.550000000003,0.022704837117472843,0.020746887966804906,0.03298450702182265
R_3pmMfX8slVrUg2t,17,10,238.29,17,10,238.29000000000002,0.0,0.0,2.220446049250313e-16
R_3pmeuOmzM4r5gMS,340,143,10169.239999999976,342,143,10212.64,0.005847953216374324,0.0,0.004267772222901867
R_3pnIBXBzl395hK3,1156,590,28257.570000000364,1171,595,28536.319999999992,0.012809564474807855,0.008474576271186418,0.009864613269988443
R_3pne9eBIH77fjaj,239,174,5295.909999999978,246,178,5448.59,0.028455284552845517,0.02298850574712641,0.028829795068273878
R_3poqSV84VKnEmrS,31,19,347.32,31,19,347.32,0.0,0.0,0.0
R_3prOFJ94bnkAksv,96,61,2182.7299999999996,97,62,2196.46,0.010309278350515427,0.016393442622950838,0.0062902878505359805
R_3psrxBJAfpUyn3d,26,16,494.7000000000001,26,16,494.7,0.0,0.0,-2.220446049250313e-16
R_3ptgKiffuIHUepm,82,33,3879.559999999996,84,33,3988.54,0.023809523809523836,0.0,0.02809081442225514
R_3pumITxLvdUqvpM,431,234,11957.429999999968,437,236,12169.300000000001,0.013729977116704761,0.008547008547008517,0.017718690387485747
R_3q7gu78u8KAWt33,294,171,7688.389999999976,304,176,7892.6900000000005,0.03289473684210531,0.029239766081871288,0.026572533391259423
R_3q85lmoPNLL3jD3,245,113,6649.289999999979,248,113,6896.0,0.012096774193548376,0.0,0.03710320951560564
R_3q9idVBBCxBY9hK,751,338,13106.259999999931,770,344,13511.76,0.024675324675324628,0.01775147928994092,0.030939413684763606
R_3qCDXyIw5VPJWlI,108,58,1627.830000000001,111,58,1826.8199999999997,0.027027027027026973,0.0,0.12224249460938696
R_3qCm8Efo8tECGQ5,108,57,3155.799999999994,108,57,3155.7999999999997,0.0,0.0,1.7763568394002505e-15
R_3qCqvLjperlj7Ab,88,71,5177.239999999995,89,72,5194.23,0.011235955056179803,0.014084507042253502,0.003281671315219059
R_3qI6fUp7Ii7Vp1F,150,54,3267.9399999999932,151,54,3285.6400000000003,0.0066225165562914245,0.0,0.005416256112415585
R_3qIPMah81MezsJn,179,113,5483.109999999991,198,125,5983.9,0.09595959595959591,0.10619469026548667,0.09133320323685101
R_3qKXjhdktmyhWbC,775,416,22617.780000000137,807,427,23514.829999999998,0.039653035935563796,0.02644230769230771,0.03966127533293973
R_3qNCb8RtOhoCGRu,923,349,26540.67000000019,942,352,27374.78,0.02016985138004246,0.008595988538681931,0.03142761655978554
R_3qNElxhoDgLWeCl,144,101,1995.4500000000016,149,103,2093.3999999999996,0.03355704697986572,0.01980198019801982,0.0490866721792067
R_3qOlx6wlMHIqNz6,175,73,4287.369999999989,186,74,4726.26,0.05913978494623651,0.013698630136986356,0.10236811845024163
R_3qOvQ9IAxRXfNlX,278,150,7706.769999999974,289,154,8798.62,0.03806228373702425,0.026666666666666616,0.1416741384522997
R_3qP8tODbwi66o3t,570,254,16182.979999999949,581,255,16569.440000000002,0.018932874354561147,0.003937007874015741,0.023880644973920395
R_3qPcCdLxB7UEZaz,214,120,3781.439999999991,223,126,5171.290000000001,0.04035874439461884,0.050000000000000044,0.3675451679783397
R_3qPsTalTDEfqa1D,631,226,25779.070000000214,645,227,27416.08,0.02170542635658912,0.004424778761061843,0.06350151498870105
R_3qPt2VOIZdr6Kio,451,306,6814.599999999967,461,308,6941.930000000001,0.021691973969631184,0.006535947712418277,0.018684882458256613
R_3qR5wS7Yfxu0S0B,158,76,6813.589999999991,160,76,6919.570000000001,0.012499999999999956,0.0,0.01555420857433587
R_3qTFp0FJqUeMhVZ,2106,767,57665.50999999969,2184,783,60140.06999999997,0.0357142857142857,0.020860495436766602,0.04291230581330674
R_3qUqrL7OLiPx5qP,61,32,1484.8500000000004,61,32,1484.8500000000001,0.0,0.0,-1.1102230246251565e-16
R_3qVzNrS8zs5FU1Q,983,507,31802.31000000018,999,513,33755.979999999996,0.016016016016015988,0.01183431952662728,0.06143170103051654
R_3qWelyoPjmQzdkZ,321,116,8041.319999999973,335,118,8351.580000000002,0.04179104477611939,0.01724137931034475,0.038583217680682846
R_3qWnPpXqudB3ETJ,293,219,6855.429999999982,299,222,6981.740000000002,0.02006688963210701,0.013698630136986356,0.018424810697508454
R_3qahw7Bskcnb8CK,303,156,5612.759999999981,314,160,5760.64,0.035031847133757954,0.02564102564102555,0.026347109087154985
R_3qasyWogYKMo0FR,2097,854,52609.77999999968,2164,864,56667.74999999997,0.030961182994454717,0.011709601873536313,0.07713337710213408
R_3qdp8G81M79HxM6,120,50,2537.899999999998,123,51,2651.32,0.024390243902439046,0.020000000000000018,0.04469049213917109
R_3qe2tDpGxexEAso,166,121,10017.949999999984,168,121,10220.740000000002,0.011904761904761862,0.0,0.020242664417372547
R_3qeBHF0c3AIcSo8,164,64,3250.869999999996,164,64,3250.87,0.0,0.0,1.3322676295501878e-15
R_3qfnQAiLUx9fNEu,1400,381,25225.200000000175,1434,385,25966.049999999996,0.023709902370990243,0.01049868766404205,0.029369440083718557
R_3qgJoyDsbu3A7NN,39,25,961.3900000000002,40,25,981.37,0.025000000000000022,0.0,0.020782408803919017
R_3qgkd0IPtvqR0Yl,483,187,7927.459999999957,506,187,8120.620000000001,0.045454545454545414,0.0,0.024365938144127464
R_3qgq9Zzk3EKt8eV,12,6,155.70000000000002,12,6,155.7,0.0,0.0,-2.220446049250313e-16
R_3qjvaF4zWZz3obB,819,384,23725.93000000022,829,385,23936.689999999995,0.012062726176115812,0.0026041666666667407,0.008883108059400513
R_3qkEGX8vtVYvd7v,350,219,8083.62999999997,354,221,8299.04,0.011299435028248594,0.009132420091324311,0.026647681796424516
R_3qlnIILTEuzSyGe,1328,353,21680.340000000077,1336,355,21826.85,0.005988023952095856,0.0056657223796034994,0.006757735349165239
R_3qlpHTCbvmvvGuK,203,107,4622.82999999998,205,109,4649.26,0.009756097560975618,0.01869158878504673,0.005717277079196226
R_3qmwh8eXfbMeI7U,145,81,4546.659999999991,146,82,4715.66,0.006849315068493178,0.012345679012345734,0.03717014247821693
R_3qpxa4Aw8i6qG91,498,103,6794.439999999964,505,103,6921.72,0.013861386138613874,0.0,0.01873296401175617
R_3qqFTaAzyu3G7IS,79,42,2133.830000000001,83,43,2189.6000000000004,0.048192771084337394,0.023809523809523725,0.026136102688592677
R_3qqc1HkIGw0uD7Q,152,77,4825.089999999986,155,79,4854.05,0.01935483870967747,0.025974025974025983,0.006001960585194199
R_3qqdzQnCaBYHx9o,800,367,32506.12000000011,826,375,34185.66999999999,0.03147699757869249,0.021798365122615904,0.051668731918785626
R_3qr1mPnZ58HNibU,28,18,845.4500000000003,30,19,1523.4500000000003,0.06666666666666665,0.05555555555555558,0.8019397953752436
R_3qrqbddZ7eR9KW8,228,172,3655.609999999993,233,174,3989.810000000001,0.02145922746781115,0.011627906976744207,0.09142113080990821
R_3qxoVMOyOPBOOxq,178,74,3324.799999999996,180,75,3386.48,0.011111111111111072,0.013513513513513598,0.018551491819057908
R_3r0AnJHzPNt6fQ2,408,230,8734.089999999962,411,230,8750.26,0.007299270072992692,0.0,0.0018513663129231528
R_3r0ocHrCI0gfnAA,227,133,4118.479999999994,233,134,4199.96,0.025751072961373356,0.007518796992481258,0.019783997979838652
R_3r1awAz8bjvcTAL,301,65,3613.9799999999864,304,65,3649.67,0.009868421052631526,0.0,0.00987553887957704
R_3r1gChckH32gbSo,185,104,8399.029999999984,187,104,8437.01,0.010695187165775444,0.0,0.004521950749076575
R_3r26NAbVnDpIxzF,456,299,15500.619999999946,467,304,17262.58,0.023554603854389677,0.01672240802675584,0.11367029189800548
R_3r6slXqZoAQv1Kh,35,17,528.8000000000002,36,17,533.7700000000001,0.02777777777777779,0.0,0.009398638426626249
R_3rH59HJ07Cek09s,109,52,1895.780000000001,109,52,1895.7799999999997,0.0,0.0,-6.661338147750939e-16
R_3rHSccsh0mlkeuy,620,226,10787.999999999942,652,233,11317.41,0.049079754601227044,0.030973451327433565,0.04907397107898226
R_3rNwk3qS128aXTZ,75,35,1622.990000000001,77,36,1772.96,0.025974025974025983,0.02857142857142847,0.09240352682394781
R_3rOK8HzVPg119X1,295,165,7584.459999999975,303,169,7709.07,0.02640264026402639,0.024242424242424176,0.01642964693597504
R_3rOl9sFF0CCPbS8,107,54,2762.589999999997,112,56,2952.17,0.044642857142857095,0.03703703703703698,0.0686240086295844
R_3rOrugFf5pyz207,142,58,2135.6900000000014,145,58,2169.6400000000003,0.020689655172413834,0.0,0.01589650183313074
R_3rPawL6bty6Oecy,437,246,10540.179999999957,447,251,10690.67,0.022371364653243853,0.020325203252032464,0.014277744782351443
R_3rPnQWvHDnhA7Ka,101,68,2207.1900000000005,102,68,2223.14,0.009803921568627416,0.0,0.007226382866902803
R_3rSVzZdjthhnCx0,234,135,8115.169999999981,242,138,8451.77,0.03305785123966942,0.022222222222222143,0.04147787415420989
R_3rSWMKAb4p1WwaD,75,27,2043.31,76,27,2083.3,0.013157894736842146,0.0,0.019571185967866
R_3rSY5tKLSgkGR5o,65,45,2208.47,65,45,2208.47,0.0,0.0,0.0
R_3rU2dHbID60f0zs,267,100,10469.929999999971,269,100,10501.91,0.0074349442379182396,0.0,0.0030544616821726045
R_3rU75iBkJwlbwFC,22,19,574.9100000000001,22,19,574.9100000000001,0.0,0.0,0.0
R_3rUnUmjbfgYFmMs,876,296,27063.490000000267,898,300,27799.08,0.024498886414253906,0.013513513513513598,0.027180160430148703
R_3rV7kPHe9hVsMee,1351,567,31401.16000000034,1371,571,32032.699999999997,0.014587892049598872,0.007054673721340388,0.020111995862562182
R_3rVqxTBmoLXzDK5,140,66,3451.489999999996,149,69,3805.2300000000005,0.06040268456375841,0.045454545454545414,0.10248906993791218
R_3rYBXWvFTTIA9uX,43,20,693.1500000000002,43,20,693.15,0.0,0.0,-3.3306690738754696e-16
R_3rYUVmCplPiAoJh,306,127,5680.239999999981,311,127,5783.1900000000005,0.01607717041800638,0.0,0.018124234187291366
R_3rYy57gChE2lQau,111,57,7761.519999999991,111,57,7761.5199999999995,0.0,0.0,1.1102230246251565e-15
R_3rZGcryRb27CpG0,165,119,2391.1999999999994,168,120,2490.55,0.017857142857142905,0.008403361344537785,0.0415481766477086
R_3rZHdmB75jSgwhr,1204,444,16127.989999999892,1216,450,16503.740000000005,0.009868421052631526,0.013513513513513598,0.023298005517123688
R_3rZXvolxdllaa6Z,18,7,685.59,20,7,757.27,0.09999999999999998,0.0,0.1045522834347059
R_3rZkDubLUKKD0wZ,5,3,277.36999999999995,5,3,277.37,0.0,0.0,2.220446049250313e-16
R_3rduFoUv0EnQBUd,102,40,1853.730000000001,105,41,2037.8400000000001,0.02857142857142858,0.02499999999999991,0.09931867100386738
R_3s02y9lg8GCo9q0,807,382,21560.47000000012,826,388,21992.590000000004,0.02300242130750607,0.015706806282722585,0.020042234700814898
R_3s07B19Gl5Ix56W,219,133,7303.67999999998,225,135,7386.120000000001,0.026666666666666616,0.015037593984962516,0.011287460567826146
R_3s0MTWa7ceCCXi8,95,42,1486.7400000000005,97,43,1521.7199999999998,0.020618556701030966,0.023809523809523725,0.02352798740869244
R_3s0valWdtzHUuWl,29,16,1436.37,29,16,1436.37,0.0,0.0,0.0
R_3s1z86Z2eQUYz2Q,83,49,2760.219999999999,83,49,2760.2200000000003,0.0,0.0,4.440892098500626e-16
R_3s4GgLb3rATmn6O,24,13,555.57,26,13,563.7500000000001,0.07692307692307687,0.0,0.014723617185953275
R_3s5NxhqKpoWo6zm,521,238,15811.229999999956,533,239,16468.95,0.022514071294559068,0.004201680672268893,0.041598281727610376
R_3s5rL77j9tDJzQg,37,17,761.5000000000002,38,18,840.5800000000002,0.02631578947368418,0.05882352941176472,0.10384766907419563
R_3s60LmlFm5fAEP5,781,337,26474.81000000006,799,340,27234.849999999995,0.02252816020025028,0.008902077151335286,0.02870804360824253
R_3s6ANl73k2a38Oz,528,229,31758.180000000117,542,234,35894.03999999999,0.02583025830258301,0.02183406113537112,0.1302297549796576
R_3s7w6IA2Y8hDm2M,957,387,16987.389999999956,972,388,17187.690000000002,0.015432098765432056,0.0025839793281654533,0.011791099162381524
R_3sA19vqjjKuEHgA,358,154,8662.149999999987,365,156,8768.84,0.019178082191780854,0.01298701298701288,0.012316803564936363
R_3sBawU1ZWT87FzN,15,11,414.44,16,11,422.83000000000004,0.0625,0.0,0.020244184924235187
R_3sBwcb32R5nqsRR,61,47,832.36,62,48,837.85,0.016129032258064502,0.02127659574468077,0.006595703782017459
R_3sBz3iR6jcNfJzt,185,109,4250.459999999987,186,110,4265.23,0.005376344086021501,0.00917431192660545,0.003474918008877337
R_3saDhTbVfCKMgwp,162,118,3637.219999999995,166,119,3734.9800000000005,0.02409638554216864,0.008474576271186418,0.026877670308643964
R_3sam5z9rgQl2DDj,233,115,5051.879999999991,236,116,5093.92,0.012711864406779627,0.008695652173912993,0.008321654512777332
R_3sb0qz9iYlTBuJk,533,123,12446.349999999997,536,123,12487.100000000002,0.005597014925373123,0.0,0.003274052232181024
R_3sb2sCJvT9LuCId,293,199,7601.839999999982,301,205,7789.070000000001,0.02657807308970095,0.03015075376884413,0.02462956336887112
R_3sb3UFZZZN6Kggw,32,12,674.6200000000002,33,12,719.61,0.030303030303030276,0.0,0.06668939551154685
R_3sbM1ke1qD79iaT,604,306,18188.479999999996,618,309,18488.93,0.02265372168284785,0.009803921568627416,0.016518697549218198
R_3scNGfAji76NAQI,14,12,745.8500000000001,14,12,745.85,0.0,0.0,-1.1102230246251565e-16
R_3sdlCCNvlHBl0o0,28,21,620.72,29,21,630.7,0.03448275862068961,0.0,0.016078102848305242
R_3shNVb5zIThSgqn,234,142,4718.179999999988,240,144,4781.580000000001,0.025000000000000022,0.014084507042253502,0.01343738475429368
R_3siDFskpnvXwLuH,150,99,3500.3699999999944,156,101,3669.79,0.038461538461538436,0.02020202020202011,0.04840059765110705
R_3sjK6pL9ltjhOzg,455,215,13538.57999999995,470,221,14418.830000000002,0.03191489361702127,0.027906976744185963,0.06501789700249616
R_3smN8FyXWC5rBu2,383,195,9333.889999999965,397,198,9803.08,0.035264483627204024,0.01538461538461533,0.05026735905394619
R_3sndFbEFEkqUPZg,103,59,2040.59,105,60,2072.4900000000002,0.01904761904761909,0.016949152542372836,0.015632733670164267
R_3snu0qVjBc7T976,406,106,6938.919999999981,411,108,8345.89,0.012165450121654486,0.018867924528301883,0.20276498359975648
R_3soIO1nLL1f6m0J,2,2,29.619999999999997,2,2,29.619999999999997,0.0,0.0,0.0
R_3socPWD3wXD0iDP,2163,920,49182.71999999991,2205,928,50664.649999999965,0.01904761904761909,0.008695652173912993,0.030131111089424456
R_3sp0qsXaE11taC1,473,214,11758.209999999954,483,217,12051.14,0.020703933747411973,0.014018691588784993,0.024912805605619148
R_3spECEC106iOjR7,412,179,7290.649999999966,421,184,7449.760000000002,0.02137767220902609,0.027932960893854775,0.02182384286723904
R_3spR17i2ypcZudz,29,16,724.1100000000002,30,17,750.1,0.033333333333333326,0.0625,0.03589233679965709
R_3stAiMHJQ77sLcB,161,44,3916.679999999992,163,44,3945.0400000000004,0.012269938650306789,0.0,0.007240826414210089
R_3stQGSo41NL5diH,165,48,4387.80999999999,165,48,4387.8099999999995,0.0,0.0,1.9984014443252818e-15
R_3svvB68IgLOnuSn,806,410,15144.299999999912,827,412,15613.64,0.025392986698911768,0.004878048780487809,0.03099119800849759
R_3szenRsW0IE8vlH,44,30,712.4900000000001,44,30,712.4899999999999,0.0,0.0,-3.3306690738754696e-16
R_3szxvCfi7bdcZuz,3,3,81.94,3,3,81.94,0.0,0.0,0.0
R_3szyDycEZFXRxYc,655,221,16280.349999999931,660,221,16405.210000000003,0.007575757575757569,0.0,0.007669368287541278
R_3wT1t9duSUIPC5b,786,375,17285.539999999954,798,379,17583.680000000004,0.015037593984962405,0.010666666666666602,0.01724794249991901
R_3xhEVxZPfs1wthv,735,349,18108.499999999935,760,351,18637.89,0.03289473684210531,0.005730659025787954,0.029234337465834592
R_3yP0dCEmw3NO8lH,614,336,19779.099999999995,635,339,20995.15,0.03307086614173227,0.008928571428571397,0.06148156387297732
R_40KnDXH2kMNEFoZ,294,116,3914.739999999993,296,117,3957.51,0.006756756756756799,0.008620689655172376,0.010925374354365136
R_40ebZNOqePWV2et,19,8,626.8500000000001,19,8,626.85,0.0,0.0,-2.220446049250313e-16
R_40engukXSxhrtF7,673,325,66619.21999999997,720,331,77124.94,0.06527777777777777,0.01846153846153853,0.157698033690578
R_42fN4pXuhiJfTCp,235,97,4365.259999999983,240,99,4801.17,0.02083333333333337,0.020618556701030855,0.09985888583956481
R_43dTW1DrJmC9aGl,1753,493,39338.33000000031,1772,493,40609.509999999995,0.010722347629796847,0.0,0.032314030615933076
R_4GBxHAFAuFgUue5,6,2,179.83,6,2,179.83,0.0,0.0,0.0
R_4GHk9bPqF1805s5,143,74,4459.379999999995,148,76,4604.01,0.03378378378378377,0.027027027027026973,0.032432759710992576
R_4GvI4THH986f6nL,73,38,1540.3100000000002,74,38,1558.26,0.013513513513513487,0.0,0.01165349832176621
R_4GvMGh2L2HnebrH,33,16,635.6700000000001,34,16,671.0,0.02941176470588236,0.0,0.055579152705019785
R_4H1P1VB5jWW4sY9,883,521,18521.43999999991,913,531,18984.71,0.03285870755750275,0.019193857965451144,0.025012634006863932
R_4HmF6WnGLnnWuLD,268,156,10822.48999999998,272,157,11172.11,0.014705882352941124,0.0064102564102563875,0.03230495015472612
R_4IW0LHdxVB8XJct,163,74,4117.679999999994,166,74,4385.29,0.01807228915662651,0.0,0.06499048007616093
R_4JBCc8ejkMh89Bn,773,424,10749.939999999931,787,429,10872.320000000003,0.017789072426937724,0.011792452830188704,0.011384249586516182
R_4MDPHLoOHFEre49,504,241,10897.539999999974,510,242,11061.64,0.0117647058823529,0.004149377593360981,0.01505844438286319
R_4MFgrnBjb85xnvr,75,36,1462.3800000000006,75,36,1462.38,0.0,0.0,-3.3306690738754696e-16
R_4Mfh9iyV4lzjJ1n,28,23,1177.64,28,23,1177.6399999999999,0.0,0.0,-2.220446049250313e-16
R_4MgRs6CE479gL2p,443,158,11066.889999999965,455,158,11396.9,0.02637362637362639,0.0,0.029819578942235525
R_4ONrU60VenuwARr,457,247,8274.539999999957,470,251,8598.800000000001,0.02765957446808509,0.0161943319838056,0.03918767689805658
R_4PC8xUs7y9n494R,384,141,12762.819999999963,401,143,13558.509999999998,0.04239401496259354,0.014184397163120588,0.062344372168536166
R_4PhRzF4UI9ooLh7,2155,841,76603.17000000023,2199,844,78769.66999999997,0.020009095043201475,0.00356718192627814,0.028282119395316663
R_4SJm0iGbM1KvKiB,14,9,363.69000000000005,14,9,363.69,0.0,0.0,-1.1102230246251565e-16
R_4T5RGwzoLEPKSxH,492,244,12228.159999999942,501,248,12872.890000000001,0.017964071856287456,0.016393442622950838,0.05272502158951653
R_4TMdmQ1SjGtT6Ex,824,365,25812.480000000138,841,366,26877.550000000003,0.02021403091557672,0.00273972602739736,0.04126182373796938
R_4TREjPp3AsFesAV,222,131,7018.999999999983,225,131,7084.970000000001,0.013333333333333308,0.0,0.009398774754241224
R_4UzHfPu0I44EyLn,30,20,694.7400000000002,30,20,694.74,0.0,0.0,-3.3306690738754696e-16
R_4YPdzUvrGkSSPv3,81,41,1368.59,81,41,1368.5900000000001,0.0,0.0,2.220446049250313e-16
R_4YffpNflRodsWJ3,653,301,11851.84999999992,663,304,12229.070000000003,0.015082956259426794,0.009966777408637828,0.03182794247312315
R_4YjfHl0af8gN30Z,178,126,8486.609999999984,182,129,8551.06,0.02197802197802201,0.023809523809523725,0.007594316222851782
R_4Ymoad5OAXbuIyR,73,43,1241.0800000000004,73,43,1241.08,0.0,0.0,-3.3306690738754696e-16
R_4YnsyJn7OBPaUut,1213,322,14600.689999999928,1215,323,14635.670000000002,0.0016460905349794386,0.0031055900621117516,0.002395777185877801
R_4Z4gbYCq8hbb8hb,167,56,4966.089999999985,171,58,5023.469999999999,0.023391812865497075,0.03571428571428581,0.011554361680923053
R_4ZKWBs8TstBB0Pv,624,203,38398.900000000074,650,208,45557.03999999999,0.040000000000000036,0.024630541871921263,0.18641523585310793
R_50iiMkRZW0CA3WF,247,142,6263.8899999999785,258,146,6432.66,0.04263565891472865,0.028169014084507005,0.02694332116305076
R_51FoqOStg2LJqq5,50,22,1566.6500000000003,50,22,1566.65,0.0,0.0,-1.1102230246251565e-16
R_54MGsoCtfFnpLoJ,750,194,5043.3499999999685,760,197,5236.049999999999,0.013157894736842146,0.015463917525773141,0.03820873030823391
R_54hcVIsjgKsPo0V,38,18,627.6000000000001,43,20,730.9200000000001,0.11627906976744184,0.11111111111111116,0.16462715105162506
R_54qiVRUWFqQ645H,195,114,12721.419999999993,201,114,13363.36,0.02985074626865669,0.0,0.050461347868399065
R_55BKHeW1aOzYOUp,834,340,17774.58000000001,856,347,18299.62,0.025700934579439227,0.020588235294117574,0.029538813294040622
R_55T1HCpzpVeKIjD,24,10,500.62,24,10,500.62,0.0,0.0,0.0
R_56IpX8kBZNaXDz3,145,111,6062.889999999994,150,115,6130.039999999999,0.033333333333333326,0.03603603603603611,0.01107557616912147
R_56fagcXJSbAoW1X,496,212,7144.5299999999625,509,217,7772.930000000001,0.025540275049115935,0.02358490566037741,0.08795540084512798
R_56zFfdnTZeXhDbj,14,14,541.96,14,14,541.96,0.0,0.0,0.0
R_575VDELiL5Da2tP,365,134,11918.809999999943,374,135,12268.100000000002,0.024064171122994638,0.00746268656716409,0.02930577800972256
R_57QZIld50krlp4t,51,33,2709.4199999999987,54,34,4095.17,0.05555555555555558,0.030303030303030276,0.5114563264462513
R_5A0Vk6zHG1sJPuV,57,35,1444.160000000001,57,35,1444.1599999999999,0.0,0.0,-7.771561172376096e-16
R_5BBYw4vnadHFJND,45,23,1015.3700000000002,45,23,1015.3699999999999,0.0,0.0,-3.3306690738754696e-16
R_5BDWU3FAcE6vqjn,24,10,264.40000000000003,24,10,264.40000000000003,0.0,0.0,0.0
R_5aOFkHL6tdrAFb3,74,43,2098.3300000000004,74,43,2098.3300000000004,0.0,0.0,0.0
R_5cKAy8wQCzlEwjT,345,140,10078.609999999971,353,140,10229.070000000002,0.022662889518413554,0.0,0.014928645914469296
R_5dmJgeTDHRMEFTH,11,10,207.33,11,10,207.32999999999998,0.0,0.0,-1.1102230246251565e-16
R_5dnnO2In2cjMUCZ,165,60,3152.7799999999984,175,63,3532.4299999999994,0.05714285714285716,0.050000000000000044,0.1204175362695783
R_5gXgALtnR3hyFix,226,93,7981.499999999984,236,94,8250.19,0.0423728813559322,0.010752688172043001,0.03366409822715255
R_5hf4PIgMvDvKkIF,889,427,25919.05000000014,897,431,26103.859999999997,0.00891861761426982,0.00936768149882905,0.007130276765539456
R_5i1n2dNmJYTBwRz,28,13,897.0100000000001,30,13,1366.99,0.06666666666666665,0.0,0.5239406472614574
R_5jBIUuJMIveh2sV,641,289,6651.679999999961,650,292,6892.6500000000015,0.013846153846153841,0.01038062283737018,0.03622693815698308
R_5mAfoSXflbRBwLn,576,203,7898.809999999949,588,206,8507.240000000002,0.020408163265306145,0.014778325123152802,0.07702805865694407
R_5nJr5TvQEWRcsmd,55,41,1612.62,56,41,1652.6000000000004,0.017857142857142905,0.0,0.024791953467029115
R_5o8k0eov3gjR9Yd,494,231,14447.039999999946,518,240,15529.35,0.04633204633204635,0.03896103896103886,0.07491569207256688
R_5oJ5K2mLMySYVVf,182,105,2790.249999999997,185,107,2825.08,0.01621621621621616,0.01904761904761898,0.012482752441538736
R_5oK9SmlCA2Td9rb,212,86,5038.099999999989,221,86,5126.280000000001,0.040723981900452455,0.0,0.017502629959709193
R_5svJo696mSHeYeJ,52,16,1395.7300000000007,53,16,1406.72,0.018867924528301883,0.0,0.007874015748031038
R_5tqaZiTOhDvSZRn,401,176,12226.539999999972,415,181,13128.140000000001,0.03373493975903619,0.02840909090909083,0.07374122196467936
R_5u1j9x0AEArQHSN,145,85,3997.799999999991,154,88,4874.7,0.058441558441558406,0.03529411764705892,0.21934564010205881
R_5u8bbS9uywwIU6d,746,345,13948.169999999924,756,346,14408.83,0.013227513227513255,0.0028985507246377384,0.03302655473801064
R_5uabKnJBMc7HyEN,1279,617,25292.990000000384,1373,635,27357.359999999993,0.06846321922796794,0.029173419773095732,0.0816182665631695
R_5vBegJGWq4ssxxv,530,214,11844.189999999966,542,217,12163.700000000003,0.022140221402214055,0.014018691588784993,0.02697609545271029
R_5vCpi6uUAi8sonL,168,116,6179.689999999989,171,117,6230.6900000000005,0.01754385964912286,0.008620689655172376,0.008252841161937141
R_5zP15CubGsMclkR,187,80,2759.9499999999966,187,80,2759.9500000000003,0.0,0.0,1.3322676295501878e-15
R_6AqJMmFQ2N3H7G1,465,290,11157.389999999965,475,294,11592.050000000001,0.021052631578947323,0.01379310344827589,0.03895713961778147
R_6FFYPC0OsCgV4Rz,1288,435,18844.69000000007,1300,439,19034.429999999997,0.009230769230769265,0.009195402298850519,0.010068618799244033
R_6FppBvBnmsDiobn,141,92,4748.35999999999,144,92,5372.29,0.02083333333333337,0.0,0.13139905146198094
R_6Jw0sPgGkHLnKkp,933,491,21541.56000000013,960,502,22079.61,0.028124999999999956,0.022403258655804503,0.0249772996941664
R_6Ll5Mpx90m0Csz7,176,68,4607.059999999993,182,70,4831.9,0.03296703296703296,0.02941176470588225,0.048803358323965096
R_6PPrjURdBcjGlFv,199,108,3273.619999999996,202,108,3347.5600000000004,0.014851485148514865,0.0,0.022586616650681623
R_6Ph80v66fPHRj7r,190,83,5453.829999999986,192,83,6338.8099999999995,0.01041666666666663,0.0,0.16226761743582307
R_6PtikqNXw6W58Od,29,12,623.4400000000002,29,12,623.44,0.0,0.0,-2.220446049250313e-16
R_6PyY0OpZk0HtKmJ,364,193,10390.239999999969,375,198,10770.759999999998,0.029333333333333322,0.02590673575129543,0.0366228306564651
R_6RVtg146Q76aRTH,261,98,7684.279999999981,266,99,7992.780000000001,0.018796992481203034,0.010204081632652962,0.04014689730202714
R_6RnwaFhoku7DJ5v,330,152,5112.76999999998,332,153,5145.71,0.0060240963855421326,0.006578947368421018,0.006442691535120781
R_6RpwKYK0Mr2zKBH,1146,386,19729.43000000006,1170,394,21558.19,0.02051282051282055,0.020725388601036343,0.09269198349875962
R_6SbhJD23U5a2YJX,856,358,19476.870000000028,876,360,19813.6,0.022831050228310557,0.005586592178770999,0.017288712200675516
R_6Sd8ef5T0Cvhlx7,49,41,1535.8100000000006,53,44,1686.7700000000002,0.07547169811320753,0.07317073170731714,0.0982934086898768
R_6VEMKtYq5Nx0JQ5,96,80,2368.9799999999996,97,81,2371.87,0.010309278350515427,0.012499999999999956,0.0012199343177232702
R_6WKgcpiJlVUN0g9,20,17,699.5400000000002,21,18,844.53,0.04761904761904767,0.05882352941176472,0.20726477399433874
R_6WZSxSB9P1tPJuN,252,134,8228.659999999974,263,138,8637.410000000002,0.041825095057034245,0.029850746268656803,0.04967394448185103
R_6X3q4ykD7atEx1L,567,313,17875.670000000016,579,319,18418.48,0.020725388601036232,0.019169329073482455,0.03036585481830789
R_6XWHYtEspxUVIkx,213,137,6457.619999999982,218,140,6766.459999999999,0.022935779816513735,0.021897810218978186,0.04782566951911349
R_6XahSu4kiQeN2xz,414,157,11517.699999999955,425,160,12479.260000000002,0.025882352941176467,0.019108280254777066,0.08348541809563104
R_6Y8B3R1iIUjRAXv,296,170,5405.279999999983,299,172,5500.14,0.010033444816053505,0.0117647058823529,0.017549507148568955
R_6YaXLSLSVlLGVGN,175,49,3402.5799999999917,178,49,3444.1200000000003,0.016853932584269704,0.0,0.012208383050511307
R_6fXwJVTwwLoELi9,4,4,75.66,4,4,75.66,0.0,0.0,0.0
R_6fzbeTqbnF0kBih,257,170,5894.32999999998,265,174,6017.130000000001,0.030188679245283012,0.0235294117647058,0.020833580746246305
R_6gwxeBuC9V7nKsF,606,209,16584.779999999944,618,211,17065.34,0.01941747572815533,0.009569377990430672,0.028975964709815782
R_6hQZoFSXgUitu5r,13,5,435.1500000000001,13,5,435.15,0.0,0.0,-2.220446049250313e-16
R_6hVhB5Goe9Kifrb,35,22,1517.0600000000004,35,22,1517.0600000000002,0.0,0.0,-1.1102230246251565e-16
R_6kSoI7r53VQ4uQN,126,58,3521.0899999999942,127,59,3551.0800000000004,0.007874015748031482,0.01724137931034475,0.008517248920080434
R_6lN81T97jE0mRWh,188,60,9029.739999999994,190,60,9289.72,0.010526315789473717,0.0,0.02879152666632767
R_6lidEtUY02zIG5j,129,116,4764.23,129,116,4764.23,0.0,0.0,0.0
R_6lnssfnXksO2ntf,221,103,8623.679999999988,233,103,8819.54,0.05150214592274682,0.0,0.022711881702476733
R_6m1QCIXstgjIo4p,435,223,7491.33999999996,449,225,8101.070000000001,0.031180400890868598,0.008968609865470878,0.08139131316961223
R_6mSAuldkULYbjUt,78,47,1057.8900000000003,80,49,1097.88,0.025000000000000022,0.042553191489361764,0.03780166179848554
R_6og1V0SdfhCA0pj,418,182,5019.219999999975,435,185,5246.93,0.039080459770114984,0.016483516483516425,0.04536760691900876
R_6oiX8teN1cKlcZj,387,233,7647.389999999969,399,237,8121.0700000000015,0.03007518796992481,0.01716738197424883,0.061940086748555334
R_6opxP5UDH8Jionf,34,25,1162.11,36,26,1193.05,0.05555555555555558,0.040000000000000036,0.02662398568121782
R_6r2IQBjjHocYyVb,698,96,6972.779999999952,713,96,7148.490000000001,0.02103786816269282,0.0,0.025199418309490573
R_6tG1HcvdSCJZ25r,880,520,17799.66999999995,895,520,18012.4,0.016759776536312887,0.0,0.011951345165390759
R_6txHtmShUk5jkXL,73,32,862.6300000000001,75,33,883.42,0.026666666666666616,0.03125,0.024100715254512295
R_6xIfoIXCDVAT19D,124,63,5174.009999999989,127,64,5271.1,0.023622047244094446,0.015873015873015817,0.018764942472088597
R_6yXSEznYlOrZwSB,677,290,14502.209999999915,692,295,14940.740000000002,0.021676300578034713,0.01724137931034475,0.030238839459647116
R_73QHAgikZLnSOzv,162,63,5962.6199999999835,164,64,6168.6,0.012195121951219523,0.015873015873015817,0.03454521670004418
R_73YcJcVUWDBinUR,129,67,3633.5199999999936,134,68,3893.9500000000007,0.03731343283582089,0.014925373134328401,0.07167429930205627
R_73uiPcXvI2uhrz3,31,20,510.54000000000013,31,20,510.53999999999996,0.0,0.0,-3.3306690738754696e-16
R_77CQXOKiTkOA5d7,261,31,4849.489999999989,266,31,5123.79,0.018796992481203034,0.0,0.056562648855861486
R_77MJunrcOlZvQNr,166,60,4827.209999999991,169,60,4863.18,0.017751479289940808,0.0,0.007451509256901856
R_77ha0bVw8wrijBv,9,4,173.51999999999998,9,4,173.51999999999998,0.0,0.0,0.0
R_78QEV8HrQ3Efngt,134,44,3191.799999999995,135,45,3221.79,0.007407407407407418,0.022727272727272707,0.00939595212732769
R_7QimDPdM1gnwNkR,95,31,2706.679999999997,96,31,2718.71,0.01041666666666663,0.0,0.004444559386407976
R_7QmyMWZwMl9q2KR,882,88,14027.419999999953,914,88,14533.73,0.035010940919037226,0.0,0.036094306722123326
R_7Qxja7QGDt7ozO9,191,114,4325.379999999989,195,115,4384.4,0.02051282051282055,0.00877192982456143,0.013645043903659504
R_7U8XoGp9dZJoxIB,312,33,10591.579999999958,318,34,10924.69,0.018867924528301883,0.030303030303030276,0.0314504540399112
R_7UmaiwAnrKe2isx,187,129,4604.059999999985,195,132,4796.59,0.04102564102564099,0.023255813953488413,0.04181743939045446
R_7UtikIBqeQHvnyN,53,37,1733.8600000000004,53,37,1733.8600000000001,0.0,0.0,-1.1102230246251565e-16
R_7VE7AAGZ5n3WvIt,396,201,9037.219999999965,419,203,9579.12,0.054892601431980936,0.00995024875621886,0.059963130254662156
R_7WBotcu3OLipNWV,79,43,1492.0600000000004,79,43,1492.06,0.0,0.0,-3.3306690738754696e-16
R_7WCRjBdp3UTHVSN,605,127,10854.399999999969,607,128,10981.33,0.0032948929159802853,0.007874015748031482,0.011693875294814138
R_7WFNeA48pQKxNFT,130,73,3457.249999999993,135,77,3664.42,0.03703703703703709,0.0547945205479452,0.05992334948297273
R_7ZH1uBNuL9RQ2K5,1074,492,13869.999999999927,1117,502,15052.470000000001,0.038495971351835245,0.020325203252032464,0.0852537851478068
R_82FcUS7YwWY5VlL,108,57,1258.2100000000005,108,57,1258.2099999999998,0.0,0.0,-5.551115123125783e-16
R_82JzK2I5EzjMiCR,89,55,994.1200000000003,90,56,1005.1099999999999,0.011111111111111072,0.018181818181818077,0.011055003420109788
R_82MLqyPbTSnivUl,9,6,330.55,9,6,330.55,0.0,0.0,0.0
R_82sm1OvJo4qbSKZ,12,5,362.97,12,5,362.96999999999997,0.0,0.0,-1.1102230246251565e-16
R_85OdkeCoFP5daLL,1300,234,19603.200000000103,1321,235,20042.68,0.015897047691143085,0.004273504273504258,0.022418788769175135
R_864dUqMWPdzMhuF,327,204,24323.54000000006,360,230,25115.67,0.09166666666666667,0.12745098039215685,0.03256639452974097
R_86r5LLTHGBurXK9,133,62,3321.7199999999957,138,64,3733.61,0.036231884057971064,0.032258064516129004,0.12399901255975965
R_87ffBoBpjhtujC1,178,117,9261.579999999984,181,119,9565.55,0.016574585635359074,0.017094017094017033,0.03282053386139472
R_89aTM1JXN8SWr3b,405,170,8129.299999999959,414,172,8344.78,0.021739130434782594,0.0117647058823529,0.026506587283043226
R_8CXcySQawXPuJwJ,5023,864,73315.8400000004,5147,868,75608.08999999998,0.024091703905187445,0.004629629629629539,0.031265412767548906
R_8CzaMgpC6156FCF,11,11,568.63,11,11,568.63,0.0,0.0,0.0
R_8HRJ8Fkl4NqgX4t,33,16,930.8200000000002,33,16,930.8199999999999,0.0,0.0,-2.220446049250313e-16
R_8IbYFRjJvCXVtHX,797,482,19808.19000000005,814,490,20536.96,0.020884520884520863,0.016597510373443924,0.036791347417403975
R_8IeIAMii7jy4OdP,635,302,14510.219999999948,644,302,15038.94,0.013975155279503104,0.0,0.036437765933256205
R_8cr0J12EMKs9NND,362,161,6396.129999999978,375,164,7384.41,0.03466666666666662,0.01863354037267073,0.15451218158480606
R_8diYSw75MwRT2md,150,99,5011.959999999986,154,102,5371.96,0.025974025974025983,0.030303030303030276,0.07182818697675453
R_8eKGNVrEIgSCi09,273,178,7893.059999999978,278,180,7976.1100000000015,0.017985611510791366,0.011235955056179803,0.010521901518552257
R_8eTKiReVeCrQ2Od,4,3,77.49,4,3,77.49,0.0,0.0,0.0
R_8eV1MpUczuxdP4l,128,67,4515.919999999992,131,67,4555.89,0.022900763358778664,0.0,0.008850909670678142
R_8ea2ymIzpiKx8t3,110,64,4375.389999999995,112,64,4409.87,0.017857142857142905,0.0,0.007880440372173725
R_8hJoBZ9EnImCSxX,230,136,5307.409999999987,240,136,5560.96,0.04166666666666663,0.0,0.04777283081578654
R_8igkqu4jEaogJzj,369,159,11108.199999999964,383,161,11644.939999999999,0.036553524804177506,0.012578616352201255,0.048319259646030455
R_8joNCHQszTby2Rz,131,89,2343.0299999999997,134,90,2374.17,0.02238805970149249,0.011235955056179803,0.013290482836327389
R_8kM6X1XTXVIp2i5,14,10,934.15,15,10,948.65,0.06666666666666665,0.0,0.015522132419846901
R_8kOXi4JuWOKQbV7,179,91,4540.919999999991,183,91,4584.35,0.021857923497267784,0.0,0.009564141187250463
R_8kvXRXPuQRk1R0l,47,29,1062.0800000000004,48,29,1081.0700000000002,0.02083333333333337,0.0,0.017880009038866884
R_8l84eQcaCOFUBwt,59,42,1669.5300000000009,61,42,1732.5600000000002,0.032786885245901676,0.0,0.03775314010529862
R_8leYucio47FaT9n,110,41,1989.510000000001,114,41,2053.83,0.03508771929824561,0.0,0.032329568587239566
R_8ozmLYNKXtl9v7H,29,23,324.0400000000001,30,23,331.02000000000004,0.033333333333333326,0.0,0.021540550549314696
R_8p1MahUdaghpbgJ,402,163,5404.959999999976,404,163,5674.9400000000005,0.004950495049504955,0.0,0.04995041591427607
R_8pMsG4P0RqzoSlz,956,577,23202.090000000146,990,586,24161.0,0.03434343434343434,0.015597920277296451,0.041328604448989115
R_8piDwWBq7V7tyZb,581,258,12247.089999999953,585,259,12283.710000000001,0.006837606837606813,0.003875968992248069,0.0029900980559502965
R_8puIA0Aj4F8MuI1,361,157,8785.099999999962,371,161,9107.960000000001,0.02695417789757415,0.02547770700636942,0.03675086225541424
R_8qRoOOEPN9hzPl7,1326,413,23928.51000000029,1331,414,23977.27,0.0037565740045079066,0.002421307506053294,0.0020377365744759235
R_8ro09iHf6361XLX,1681,573,25785.610000000357,1711,574,26225.459999999995,0.017533606078316777,0.0017452006980802626,0.017057963724714353
R_8tXaTutYvYjPOoh,542,269,9905.71999999997,547,270,9992.700000000003,0.009140767824497242,0.0037174721189590088,0.008780785243276856
R_8vnpSkm79W7Jsv7,1570,885,36523.26000000047,1627,909,38206.61999999997,0.03503380454824834,0.027118644067796627,0.04609008067734055
R_8wRttNX3JNWugRr,318,158,8959.43999999997,324,159,9137.26,0.01851851851851849,0.006329113924050667,0.01984722259427274
R_8xg4H4866B3fAKR,183,112,7809.659999999986,185,113,8066.55,0.010810810810810811,0.008928571428571397,0.032893877582380604
R_9B11uJ2CO5z4hGx,147,72,3223.039999999998,148,72,3232.0300000000007,0.006756756756756799,0.0,0.00278929209690304
R_9BHb7AqpZz3bNPH,466,286,12023.419999999966,488,299,12679.7,0.04508196721311475,0.045454545454545414,0.05458347125859664
R_9BuaSujzfvulXoJ,2064,757,33673.200000000346,2091,763,34325.93,0.012912482065997155,0.00792602377807139,0.019384258104357288
R_9G1karfs82g17I5,269,113,6087.1699999999755,273,113,6154.96,0.0146520146520146,0.0,0.011136537997135765
R_9GKdL1PctL2H4OJ,1777,556,31969.180000000273,1793,558,32441.799999999996,0.008923591745677584,0.003597122302158251,0.014783613467712398
R_9L8Lum5AaHh6bq9,406,210,9677.489999999963,430,214,10404.61,0.05581395348837215,0.01904761904761898,0.07513518484648807
R_9LAhL6iGRFbhJiF,15,11,272.24000000000007,16,12,352.23,0.0625,0.09090909090909083,0.29382162797531564
R_9M43XaNdATGedPz,638,160,9379.069999999954,652,161,9621.02,0.021472392638036797,0.006250000000000089,0.025796800748906668
R_9NZm6ztHOQ6enbb,153,105,3879.9199999999905,156,105,3930.53,0.019230769230769273,0.0,0.013044083383165095
R_9NzlQyQfOmHZ2qB,56,28,2692.6199999999985,56,28,2692.62,0.0,0.0,4.440892098500626e-16
R_9S5ZvGThjyy3CAF,615,348,15806.059999999956,621,351,15955.42,0.009661835748792313,0.008620689655172376,0.009449540239632404
R_9SIxaveRz5pCgGl,2,2,45.02,2,2,45.02,0.0,0.0,0.0
R_9SnEHxWY6V8G4AF,308,94,6876.12999999997,314,94,6959.820000000001,0.019108280254777066,0.0,0.012171090424414777
R_9U2pxdANhXddsKB,230,156,4985.869999999985,238,158,5237.610000000001,0.03361344537815125,0.012820512820512775,0.05049068668056256
R_9WS203RWpPonQgF,393,115,13520.96999999995,397,115,13952.97,0.010075566750629705,0.0,0.03195037042461091
R_9WSxduvirxNr42t,172,88,3550.149999999999,173,88,3573.14,0.005780346820809301,0.0,0.006475782713406764
R_9Ww6JkfYkzr28lb,119,75,5192.569999999994,124,77,5368.189999999999,0.040322580645161255,0.026666666666666616,0.03382140250396337
R_9XGj5q11FpkR3pL,156,84,2464.739999999998,162,86,2711.8300000000004,0.03703703703703709,0.023809523809523725,0.10024992494137419
R_9YPn7sq6F3UFSmZ,46,18,857.3500000000004,47,18,870.64,0.021276595744680882,0.0,0.0155012538636492
R_9Yqp3pjBu5Da6sx,296,131,7650.989999999978,303,132,7818.43,0.02310231023102305,0.007633587786259444,0.021884749555289185
R_9mGmhKxB10zJtHr,70,44,1191.7300000000002,74,47,1217.0599999999997,0.05405405405405406,0.06818181818181812,0.021254814429442437
R_9nKhCJegREGhqjD,330,133,5292.279999999974,336,134,5335.9400000000005,0.017857142857142905,0.007518796992481258,0.008249752469640104
R_9nnGvmGc1ixr3dn,38,24,1933.1800000000003,38,24,1933.18,0.0,0.0,-1.1102230246251565e-16
R_9piETGB9s3Vxj2h,143,77,4253.819999999988,146,77,4329.990000000001,0.020547945205479423,0.0,0.01790625837482862
R_9ppTjfBQZZs42WJ,694,397,18826.6,702,400,18996.48,0.01139601139601143,0.007556675062972307,0.009023403057376367
R_9vudhfLDxozbpex,567,209,10450.239999999954,574,209,10535.480000000003,0.012195121951219523,0.0,0.008156750466979723
R_9yOmfJyU0rNZGW5,633,381,18369.179999999997,655,393,18937.33,0.03358778625954195,0.03149606299212593,0.030929524344581738
R_A0NgW5hkJwzrsLn,163,80,2153.990000000001,167,84,2483.5,0.0239520958083832,0.050000000000000044,0.15297656906485102
R_A0R06o3wt1TXTJ7,21,10,346.3300000000001,21,10,346.33000000000004,0.0,0.0,-1.1102230246251565e-16
R_A0Z3SvLDpDK2jex,154,95,5227.019999999996,159,95,5345.82,0.03144654088050314,0.0,0.022728055373808287
R_A0ZwhLeBVySdW8N,438,177,10165.429999999971,448,178,10343.67,0.022321428571428603,0.005649717514124353,0.01753393609518028
R_A1CRADYHwN0zQL7,629,330,12867.979999999949,645,335,13291.85,0.024806201550387597,0.015151515151515138,0.03293990198928287
R_A1fku0XPEwwfhC1,213,86,5289.969999999982,216,86,5354.340000000001,0.01388888888888884,0.0,0.012168310973411867
R_A1h0ov6aU9SU4Rr,1681,513,31593.07000000061,1712,515,32630.35999999999,0.01810747663551404,0.003898635477582957,0.03283283327639119
R_A1i77wZ6dCs4Awh,275,101,7224.449999999976,283,101,7655.58,0.028268551236749095,0.0,0.059676515167248034
R_A5Mg9h1PiJL0Wyd,964,385,19426.330000000005,978,388,19782.93,0.014314928425357865,0.007792207792207684,0.01835652951432376
R_A5sbkTmUYGXhO3n,2125,727,31313.26000000056,2197,732,32647.829999999987,0.03277196176604458,0.00687757909215958,0.04261996355535658
R_A69y7GWik06Y6EV,536,202,11816.389999999948,548,204,12163.600000000002,0.021897810218978075,0.00990099009900991,0.02938376272279908
R_A6YUvQpa9gfcKRz,63,22,2610.2999999999975,66,23,3072.0099999999998,0.045454545454545414,0.045454545454545414,0.1768800521012921
R_A6elLLSuavqVAyZ,197,101,3121.799999999994,199,103,3141.78,0.01005025125628145,0.01980198019801982,0.0064001537574496226
R_A71XT7YTRmekJTX,293,131,5952.779999999978,301,132,6129.599999999999,0.02657807308970095,0.007633587786259444,0.02970376865935287
R_ABvlCpe049QrN61,244,142,3126.8399999999915,244,142,3126.84,0.0,0.0,2.6645352591003757e-15
R_AEBbAiW2xdXI2at,525,283,28289.670000000096,542,292,32880.409999999996,0.03136531365313655,0.03180212014134276,0.16227619480891375
R_AFYBJKvk0e2g5Y5,1241,307,10164.019999999957,1247,307,10389.710000000003,0.004811547714514863,0.0,0.022204796920908043
R_AHYwmIeNLfy0vv3,28,19,1022.7100000000004,29,20,1065.7,0.03448275862068961,0.05263157894736836,0.04203537659747103
R_AI1StUjSHjVbNxD,34,23,1427.1200000000006,34,23,1427.12,0.0,0.0,-4.440892098500626e-16
R_AKBlDprDMrv4M7v,2270,925,70285.11,2316,932,73352.04999999999,0.019861830742659792,0.00756756756756749,0.04363570036384634
R_AKyBiF8m5KxkO7n,506,276,21184.320000000007,518,279,21579.689999999995,0.02316602316602312,0.010869565217391353,0.018663332124891907
R_ALq5SvDtbAmmo6Z,124,69,3899.959999999993,125,69,3923.9500000000003,0.008000000000000007,0.0,0.006151345142003217
R_AM0OvM0F9kBvqal,2419,681,53264.21999999985,2460,687,54546.75999999998,0.01666666666666672,0.008810572687224738,0.02407882815143325
R_ANwEtKG17PHMAsp,140,86,6651.469999999989,142,86,6800.460000000001,0.014084507042253502,0.0,0.022399559796558055
R_AaonteE1s65CVYR,501,347,12232.399999999963,507,350,12751.840000000002,0.011834319526627168,0.008645533141210304,0.04246427520356111
R_Ab4qPG2AzmxvhFT,259,96,5812.009999999983,261,97,5867.98,0.007662835249042099,0.01041666666666674,0.009630059136170876
R_Ab8m9ItsDqpz9i9,47,21,2986.9300000000003,47,21,2986.9300000000003,0.0,0.0,0.0
R_AbNNlwZIzJdqqVH,497,151,5884.18999999997,503,151,5923.3200000000015,0.011928429423459286,0.0,0.006650023197760868
R_AgtY0o0wz2sF1Dj,43,22,1331.9400000000005,44,22,1335.8500000000001,0.022727272727272707,0.0,0.0029355676682130127
R_AhNiHUaRBzQHY1b,204,105,3373.7299999999937,207,105,3400.24,0.01449275362318836,0.0,0.007857771665191304
R_AiLABca1I8NWvOF,576,243,14570.829999999934,582,243,14669.06,0.010309278350515427,0.0,0.006741551442166704
R_Aiech2hqSMn7hPH,128,47,2473.040000000001,130,48,2517.02,0.01538461538461533,0.02127659574468077,0.01778378028661054
R_AiiIRKnFGGwta25,806,204,15576.95999999992,824,205,16070.48,0.021844660194174748,0.004901960784313708,0.03168269033239368
R_AmMCFCEBSSiRhLz,1023,433,21931.950000000135,1041,439,22282.39,0.01729106628242072,0.01385681293302543,0.015978515362284895
R_AmV9fcEkxN1xk09,68,39,2068.1600000000003,70,39,2109.13,0.02857142857142858,0.0,0.01980987931301237
R_Amq2LudEdwYblXX,1291,492,23462.18000000031,1343,504,24369.140000000003,0.0387192851824274,0.024390243902439046,0.0386562544486353
R_AnCSulgtMxt1B7j,75,55,3601.629999999999,77,57,3717.6099999999997,0.025974025974025983,0.036363636363636376,0.03220208627760224
R_AnaWB7jLK3Qzjih,212,131,5278.589999999982,216,131,5364.450000000001,0.01851851851851849,0.0,0.016265707319571998
R_AnuqOkh5OhACMo1,46,18,674.4500000000003,47,18,679.54,0.021276595744680882,0.0,0.007546890058565792
R_Ap2HcvpPLRDJv9L,811,349,28663.620000000312,839,352,30024.859999999993,0.033373063170440975,0.008595988538681931,0.047490163489456894
R_ApVmIUhdKhewFtn,232,150,9004.079999999984,239,151,9210.4,0.029288702928870314,0.006666666666666599,0.02291405673872471
R_ApbhbFeWGimyrqV,366,236,7334.69999999997,372,238,7409.790000000001,0.016129032258064502,0.008474576271186418,0.010237637531191668
R_AstbHLgjCxZb5Bv,18,11,399.68,18,11,399.68,0.0,0.0,0.0
R_AtEyAP1H4QooIBr,13,7,597.4,13,7,597.4,0.0,0.0,0.0
R_Atyfw9lzMcutBRv,347,117,7440.009999999973,356,119,7589.990000000001,0.0252808988764045,0.017094017094017033,0.020158575055682526
R_Au1yf8Xk0Bbs6dj,218,93,6992.489999999979,224,94,7111.58,0.0267857142857143,0.010752688172043001,0.017031129111378274
R_AvRRr0KV8ofOyl3,569,269,14604.889999999958,569,269,14604.89,0.0,0.0,2.886579864025407e-15
R_AyrDDOTLBwloO5P,126,59,3060.759999999994,127,59,3369.76,0.007874015748031482,0.0,0.10095531828696358
R_AzFEtKaL707ur5v,37,25,849.55,38,26,899.54,0.02631578947368418,0.040000000000000036,0.05884291683832621
R_Azmfva5V5kh7ot3,168,67,4785.829999999991,169,67,4795.8,0.00591715976331364,0.0,0.002083233211378044
R_AzzZ8zcq7th29Kp,131,77,2758.809999999998,132,77,2770.5899999999997,0.007575757575757569,0.0,0.004269956974203293
R_BD2Y3Wa4pXBIsCd,672,238,10673.28999999996,684,238,10996.750000000002,0.01754385964912286,0.0,0.030305557143115447
R_BDkytvOwyi2XrDr,46,25,669.9600000000002,47,25,679.95,0.021276595744680882,0.0,0.014911337990327622
R_BDtkaIYYUVdtB8R,259,114,7004.179999999984,264,115,7225.7699999999995,0.018939393939393923,0.00877192982456143,0.03163682258308831
R_BE9381zssG9xhwR,10,10,202.88,10,10,202.88,0.0,0.0,0.0
R_BE9pJxDxFuncF3j,616,279,12308.349999999922,627,282,12760.45,0.01754385964912286,0.010752688172043001,0.03673116217852779
R_BECXLkQG2MgK3CN,144,75,4821.9099999999935,146,76,4983.39,0.013698630136986356,0.01333333333333342,0.03348880422903111
R_BEQWMs4OT1kbHGx,262,98,7012.139999999986,269,98,7236.030000000001,0.026022304832713727,0.0,0.03192891185857882
R_BFUS5gkEHAjnNVT,344,233,12970.11999999996,350,237,13359.089999999997,0.017142857142857126,0.01716738197424883,0.029989699401396175
R_BFbU04GiA8k4ODD,13,10,410.08,13,10,410.08,0.0,0.0,0.0
R_BGsKBYUEvyTRtUR,300,212,7842.159999999973,308,218,8398.84,0.025974025974025983,0.028301886792452935,0.07098554479888564
R_BIZy0TcvR27RwIh,898,360,15431.059999999929,911,364,16967.120000000003,0.014270032930845278,0.011111111111111072,0.09954338846456956
R_BJHiCyagarXovZL,138,32,3057.359999999996,139,33,3122.35,0.007194244604316502,0.03125,0.02125690137896874
R_BKdhBvMVdqcJ2zD,334,199,9466.88999999998,337,202,9592.64,0.008902077151335286,0.015075376884422065,0.0132831373344382
R_BLHSjhNDo0SfXd7,13,11,270.91,16,13,374.87,0.1875,0.18181818181818188,0.3837436787124875
R_BM0qxws7B5jcbCN,127,55,6600.129999999994,129,55,6805.119999999999,0.015503875968992276,0.0,0.031058479151168994
R_BMljzxRqX0cNwBj,68,39,2576.14,70,41,3124.13,0.02857142857142858,0.05128205128205132,0.21271747653466044
R_BPpVPmbTpGsXK1z,348,103,11508.909999999967,356,103,11635.980000000001,0.022471910112359605,0.0,0.011041010834217602
R_BQuEGlNOv2O8pUJ,34,14,388.22,34,14,388.22,0.0,0.0,0.0
R_BRQBOvIYvOAz5w5,155,74,3646.329999999994,160,76,4736.04,0.03125,0.027027027027026973,0.29885117364583236
R_BVayGla5xdM7JER,22,11,340.26,22,11,340.26000000000005,0.0,0.0,2.220446049250313e-16
R_BVssGO3SDM9uIXD,330,96,7840.509999999984,336,96,8386.460000000001,0.017857142857142905,0.0,0.06963194996244093
R_BVtvQXZprxGDQBP,285,169,6041.749999999979,299,174,6277.77,0.04682274247491636,0.029585798816567976,0.039064840484962504
R_BWAjcs1sKUc6NQl,935,352,28185.42000000015,958,354,29720.399999999998,0.024008350730688965,0.005681818181818121,0.05446007190951341
R_BWXTQ8uoVbA45CV,114,51,3198.1099999999965,116,52,3230.0699999999997,0.017241379310344862,0.019607843137254832,0.009993402353265957
R_BWbBjrNuPF35sTn,25,22,476.23000000000013,25,22,476.23,0.0,0.0,-2.220446049250313e-16
R_BWhnv4EdbhSS6rf,2481,1000,43152.62000000006,2521,1011,43973.24999999998,0.015866719555731823,0.010999999999999899,0.01901692179987946
R_BY99IwiFiWwa8c9,1047,485,18809.580000000016,1066,491,19201.57,0.017823639774859235,0.012371134020618513,0.020839912427602414
R_BYr5WwayMBf66SR,254,112,5452.649999999982,259,112,5617.13,0.019305019305019266,0.0,0.0301651490559669
R_BqYfDp9vJ2Y07K1,124,52,3773.3499999999954,124,52,3773.35,0.0,0.0,1.1102230246251565e-15
R_BrGU6AO1BW3UyVX,3,1,19.93,3,1,19.93,0.0,0.0,0.0
R_BulX7jjkeyUMa0p,67,29,1136.020000000001,73,31,1369.79,0.0821917808219178,0.06896551724137923,0.20577982781993187
R_BynSqhB4LPC3JSh,319,191,8028.439999999989,322,192,8061.370000000001,0.009316770186335366,0.005235602094240788,0.004101668568241346
R_Bz9qIb3FhzjeBbz,348,223,7558.329999999974,352,224,7602.790000000002,0.011363636363636354,0.004484304932735439,0.005882251767259206
R_BzVyOXYGcejjaLv,148,92,6294.649999999988,150,92,6323.4800000000005,0.013333333333333308,0.0,0.004580079909131118
R_BzYBOsOAD0ICEzn,34,14,709.7400000000001,35,14,739.7199999999999,0.02857142857142858,0.0,0.0422408205821847
R_C1gEwoKxaLBh0eR,368,144,8976.379999999965,371,144,9029.84,0.008086253369272267,0.0,0.005955630220649821
R_C2cxEkvsW2SCiIx,298,115,6143.799999999989,306,119,6263.2,0.02614379084967322,0.034782608695652195,0.01943422637455816
R_C2iLl1q2lsr2jbH,70,51,1852.3400000000004,73,52,2092.3,0.04109589041095896,0.019607843137254832,0.1295442521351371
R_C3LV91JA6qhi32V,372,135,8559.099999999964,383,138,9237.24,0.02872062663185382,0.022222222222222143,0.07923029290463224
R_C3LfLBkg9TFvQnD,878,326,19806.09000000005,900,331,20754.22,0.02444444444444449,0.015337423312883347,0.04787062969015832
R_C3lnaGn73Wwa5Il,205,72,5113.089999999984,208,73,6212.780000000001,0.014423076923076872,0.01388888888888884,0.21507346829412755
R_C46bB8ihQWceG9r,323,94,8544.759999999967,331,94,8627.72,0.024169184290030232,0.0,0.009708874210631047
R_C4iVkWMyXuWqTsd,48,21,888.9600000000002,53,23,975.1200000000001,0.09433962264150941,0.09523809523809534,0.09692224622030232
R_C4wcuNpetPCSHy9,586,229,17747.140000000003,595,231,18071.989999999998,0.015126050420168013,0.008733624454148492,0.018304357772576108
R_C7bztkUY2YELJMB,392,262,6037.279999999974,394,264,6063.260000000001,0.005076142131979711,0.007633587786259444,0.004303262396315288
R_CZAtNBjMUIwIHnz,396,223,9295.519999999968,408,227,9599.02,0.02941176470588236,0.017937219730941756,0.03265013684011575
R_CaF1pc8CnyWJvCp,796,498,18989.569999999996,822,506,20298.819999999996,0.031630170316301665,0.016064257028112428,0.06894574232065298
R_CafRVMY9tv7DH7b,117,59,2668.9599999999955,122,60,3158.91,0.040983606557377095,0.016949152542372836,0.1835733768958714
R_CdkexeCTNy6chYR,514,264,9468.499999999944,522,267,9573.420000000002,0.01532567049808431,0.011363636363636465,0.011080952632418928
R_CfdgFxEV46OH43L,281,162,10690.859999999971,283,163,10728.839999999998,0.007067137809187329,0.006172839506172867,0.003552567333219958
R_Cgbr25P8IQSFnr3,507,201,9491.799999999952,523,203,9727.619999999999,0.030592734225621365,0.00995024875621886,0.02484460270971245
R_CkuX9KLo7hAwFkB,138,63,8210.779999999988,139,63,8256.769999999999,0.007194244604316502,0.0,0.005601173091960954
R_Clw8DVLDuASE4s9,58,26,2036.74,58,26,2036.74,0.0,0.0,0.0
R_Cm3VQrd9jKduks9,65,26,1988.9200000000003,67,26,2055.91,0.02985074626865669,0.0,0.03368159604207288
R_D0Igocfec79s8eJ,231,126,4021.6099999999888,237,129,4256.030000000001,0.025316455696202556,0.023809523809523725,0.05829008780066003
R_D5ygbCcJ5AaZm93,60,44,1494.6400000000008,63,46,2127.6200000000003,0.04761904761904767,0.045454545454545414,0.4234999732377023
R_D8LcojwusttCWaJ,1001,243,31341.350000000268,1018,247,31743.94,0.016699410609037346,0.016460905349794164,0.012845330529786647
R_DA9TRokxEawYko1,562,227,11493.78999999996,569,228,12325.730000000001,0.012302284710017597,0.004405286343612369,0.07238169481085377
R_DAfQp2Y7dO2oVvX,145,115,2633.469999999998,148,117,2708.2000000000003,0.020270270270270285,0.017391304347825987,0.028377008281849525
R_DBhzVeGIG4SLSYV,355,244,7314.2399999999725,364,249,7474.530000000001,0.02472527472527475,0.020491803278688492,0.02191478540491265
R_DDculEvWrVVI5aN,20,9,351.83,20,9,351.83,0.0,0.0,0.0
R_DDmXqLOwLD9GD3b,117,33,5379.549999999996,122,33,5778.0199999999995,0.040983606557377095,0.0,0.07407125131284298
R_DHIYV6xHDSph77H,453,214,10086.459999999955,461,217,10194.280000000002,0.017353579175705014,0.014018691588784993,0.010689577909400061
R_DIVJxjv1mP33pPb,1106,543,21652.91000000013,1121,550,22018.859999999997,0.01338090990187335,0.012891344383057168,0.01690073066390907
R_DM3u1ro7eb4ws93,491,213,9189.139999999956,503,216,9501.900000000001,0.02385685884691846,0.014084507042253502,0.03403582925062043
R_DTrD9QIw8cM6tUJ,1405,291,32181.90000000058,1424,293,32741.209999999995,0.013342696629213502,0.0068728522336769515,0.01737964507997991
R_DUJzIFPGGtQVsnD,90,54,4077.569999999995,94,57,4437.530000000001,0.04255319148936165,0.05555555555555558,0.0882780675745618
R_DVrAcW7wNm2iJEd,17,12,512.1800000000001,17,12,512.1800000000001,0.0,0.0,0.0
R_DbFrDTT5RISSqBP,265,131,5592.779999999974,270,134,5971.490000000001,0.01851851851851849,0.022900763358778553,0.06771408852127703
R_DcxC2XyK0md6tpv,29,11,692.16,30,11,739.11,0.033333333333333326,0.0,0.0678311373092928
R_DiowFSPjTvqShVv,361,137,13658.929999999968,384,141,14297.420000000002,0.05989583333333337,0.029197080291970767,0.046745242855775304
R_DjKp2ygpCiFehdT,52,34,2829.4799999999996,53,34,3002.94,0.018867924528301883,0.0,0.06130455065948537
R_Djcs43mP6ReoYgN,452,306,10414.099999999957,457,311,10668.560000000001,0.01094091903719907,0.016339869281045694,0.024434180582099785
R_Djiwwc3dr6VFePD,126,45,3129.4699999999993,130,45,3192.919999999999,0.03076923076923077,0.0,0.0202749986419426
R_Dk08oiknq542ECt,79,46,1939.1600000000003,80,46,1954.15,0.012499999999999956,0.0,0.007730151199488278
R_Dkvp1Gw3u0rSLMB,229,90,3360.2899999999913,231,91,3501.4800000000005,0.008658008658008698,0.011111111111111072,0.04201720684822119
R_DlcSFSP5pIpvtdf,344,130,10815.749999999973,354,130,10970.52,0.02824858757062143,0.0,0.01430968726163484
R_Do8gHEUnXT7Wxgt,396,188,9824.849999999957,409,195,10172.02,0.0317848410757946,0.037234042553191404,0.03533590843626566
R_DpNpJSwByhJOFrP,93,51,2828.109999999997,95,51,3040.09,0.021052631578947323,0.0,0.07495465169318138
R_Dpf63KlGHpm0Lw5,558,373,17726.96999999998,565,376,17826.629999999997,0.012389380530973493,0.008042895442359255,0.005621942159320881
R_Dq4AlJx0kbdQshz,59,32,2199.22,60,33,2384.21,0.01666666666666672,0.03125,0.08411618664799358
R_DqMcG57ra3BtuVP,6,3,94.23,6,3,94.23,0.0,0.0,0.0
R_DqTqoF539jfSsLf,322,169,8872.639999999968,327,170,9012.75,0.015290519877675823,0.00591715976331364,0.015791241389263133
R_Dql4qyXPogVmJPj,148,67,4179.719999999992,157,67,4540.28,0.0573248407643312,0.0,0.08626415166566392
R_DtJxDbbSgYHmTpn,23,20,431.13,23,20,431.13000000000005,0.0,0.0,2.220446049250313e-16
R_DtPfbKjVP7QqLVD,177,75,6440.209999999981,179,75,6509.5700000000015,0.011173184357541888,0.0,0.010769835145130413
R_DuXbWef1zRP3BWF,110,50,3749.409999999992,112,51,3774.6400000000003,0.017857142857142905,0.020000000000000018,0.006729058705238433
R_Dw30GgKFkKsUqT7,467,264,10043.569999999969,481,269,10297.83,0.029106029106029108,0.018939393939394034,0.025315699497293398
R_DwPAArNe2eqbyF3,27,9,1223.0200000000002,27,9,1223.0200000000002,0.0,0.0,0.0
R_DwyIGAZ50BXpCSd,39,20,791.4000000000002,39,20,791.4,0.0,0.0,-3.3306690738754696e-16
R_NUZhGCDsfchpcZ3,41,19,1803.52,45,20,2202.48,0.0888888888888889,0.05263157894736836,0.2212118523775728
R_NWM1oHODdHb0YPD,325,167,10608.699999999964,337,172,10877.529999999999,0.035608308605341255,0.029940119760478945,0.025340522401428478
R_NWQimk0JGmbcIGl,180,75,2989.979999999997,182,75,3074.9500000000003,0.01098901098901095,0.0,0.028418250289300673
R_NWRR48qozQZO8g1,160,112,3709.389999999989,168,115,3842.7,0.04761904761904767,0.02678571428571419,0.035938523584743365
R_O0BdmeSkj1Qcdbz,16,7,295.69,17,8,317.29,0.05882352941176472,0.1428571428571428,0.0730494774933208
R_O1j7YshNZJCDX9v,195,118,6518.889999999984,200,121,7262.62,0.025000000000000022,0.025423728813559254,0.1140884414371186
R_O1nG8RWb88sBQU9,597,207,17139.469999999947,626,209,18333.81,0.04632587859424919,0.009661835748792313,0.06968360165162979
R_O24aqc9u4zpgNFv,508,286,11367.059999999963,515,288,11562.990000000002,0.013592233009708687,0.006993006993007089,0.017236646943012524
R_O2WkbbVVqM6FHbj,90,52,2602.359999999996,93,53,2631.28,0.032258064516129004,0.019230769230769162,0.011112989747769086
R_O6ZX76mggPnAOfD,1578,802,23722.06000000019,1648,817,24543.819999999996,0.04247572815533984,0.018703241895261735,0.034641173658602975
R_O70YEa9HWAo6yBP,82,42,1205.1600000000003,83,42,1221.15,0.012048192771084376,0.0,0.013267947824355142
R_O8BTNrzIQ4jJdct,25,11,495.37,25,11,495.36999999999995,0.0,0.0,-1.1102230246251565e-16
R_O8Qf4CzkJ7AbF2p,304,112,6001.629999999976,309,112,6499.47,0.016181229773462813,0.0,0.08295079836644814
R_O8Wb9DhS9QWdXnb,646,332,13927.039999999954,658,334,14131.42,0.018237082066869248,0.006024096385542244,0.014675049400306728
R_O9FzIlCvCxllJSN,947,361,25394.340000000157,975,366,26122.67,0.02871794871794875,0.013850415512465464,0.028680800524834904
R_OCe1dRBVo1YL9Ml,163,63,3331.689999999994,170,67,3532.6699999999996,0.04117647058823526,0.06349206349206349,0.06032373960362625
R_OGLmgayQfW8p8K5,320,152,4730.7699999999795,326,154,4916.4400000000005,0.018404907975460127,0.013157894736842035,0.03924731069149878
R_OGN3QDO9930tfAl,203,154,6229.169999999985,204,155,6729.16,0.004901960784313708,0.006493506493506551,0.08026591022560248
R_OGUcDEj85m0paaR,154,101,4169.799999999991,156,102,4252.64,0.012820512820512775,0.00990099009900991,0.019866660271478098
R_OHC0v077pesIfbX,58,35,1142.0200000000004,58,35,1142.02,0.0,0.0,-4.440892098500626e-16
R_OI6VYW0LooKLxBv,245,145,5214.479999999984,250,148,5405.81,0.020000000000000018,0.020689655172413834,0.03669205750142246
R_OJtQZQpl9WrkqLD,73,47,2149.769999999999,75,47,2188.5800000000004,0.026666666666666616,0.0,0.018053094051922347
R_OJxTrXvk1zGH853,19,12,846.69,19,12,846.69,0.0,0.0,0.0
R_OMNSdX5mDbUEZNf,589,293,16698.37999999994,597,296,16850.170000000002,0.01340033500837523,0.010238907849829282,0.009090103351346857
R_OOOuKdWYnL8wYG5,625,273,11716.079999999953,631,274,11855.31,0.009508716323296307,0.00366300366300365,0.011883667574824397
R_OOQi6Ec8MNCrIml,250,201,6969.7499999999845,251,202,7039.740000000002,0.003984063745019917,0.004975124378109541,0.01004196707199223
R_OPV6nIqHGNNWWmB,64,31,1931.4200000000003,66,32,2018.31,0.030303030303030276,0.032258064516129004,0.04498762568472925
R_OPfbKZtf2Azgit3,367,224,4430.6699999999755,372,227,4506.82,0.013440860215053752,0.013392857142857206,0.01718701686201518
R_OQ2hOsg4SFQ9WSJ,194,110,7236.979999999981,202,111,7537.96,0.03960396039603964,0.009090909090909038,0.041589171173613826
R_OQeQHVDhrK9ane1,298,101,8679.229999999978,303,101,8920.56,0.01650165016501648,0.0,0.027805462005272563
R_OQeye2UKl8Th6dr,375,237,12502.759999999951,391,242,12847.45,0.04092071611253201,0.021097046413502074,0.02756911273991114
R_Oa4DgtciNrqxfIB,440,224,10677.469999999965,452,230,12057.83,0.026548672566371723,0.02678571428571419,0.12927781581217634
R_Oa5NCI1rguuH053,35,19,484.84000000000015,36,19,514.83,0.02777777777777779,0.0,0.06185545747050547
R_Od33rLRnqYAGCPv,172,79,5047.759999999984,178,80,5680.02,0.0337078651685393,0.012658227848101333,0.12525555890137774
R_OdOK4CH8YxSw3Sx,62,39,1820.2200000000007,62,39,1820.2200000000003,0.0,0.0,-2.220446049250313e-16
R_OdTirYYBS6ms6nn,885,395,20182.800000000087,904,403,20936.31,0.021017699115044253,0.020253164556962133,0.03733426481954494
R_Odixb15Ykmxb0Dn,697,450,21418.280000000064,717,458,22160.409999999996,0.02789400278940024,0.01777777777777767,0.034649374272814226
R_OfntYUzw43qHbuF,576,316,9258.389999999932,593,324,9728.470000000001,0.028667790893760592,0.025316455696202445,0.050773406607420135
R_Og8Cqd3iUgldHRn,311,151,4001.929999999985,317,151,4065.2400000000007,0.018927444794952675,0.0,0.015819866914217995
R_Og8sDefGp0SvLl7,543,195,13942.659999999947,550,199,14414.600000000002,0.012727272727272698,0.02051282051282044,0.03384863433520269
R_OiYmnNVvK5ABUK5,242,109,8762.519999999979,246,109,8850.3,0.016260162601625994,0.0,0.010017666150835769
R_OjlLW9R5P9Laan7,146,71,2744.649999999995,150,72,2830.82,0.026666666666666616,0.014084507042253502,0.03139562421438269
R_OkSi9IxX5ddzzl7,322,147,9553.36999999998,333,149,9874.99,0.033033033033033066,0.013605442176870763,0.03366560700569732
R_Okx3CWwKxUas8i5,356,183,3451.539999999991,360,185,3488.43,0.011111111111111072,0.010928961748633892,0.010687982755526182
R_Ol3gFGWcmw9LarT,28,19,730.5300000000001,29,19,749.52,0.03448275862068961,0.0,0.02599482567451017
R_Olel4p5FgLnzHVf,74,28,1460.6100000000006,76,28,1495.59,0.02631578947368418,0.0,0.02394889806313749
R_Olj6s3oDUk1tpsJ,90,65,1269.9800000000005,90,65,1269.98,0.0,0.0,-3.3306690738754696e-16
R_Om5DLvyVK2GS8Mh,253,132,6880.849999999977,261,134,7043.8099999999995,0.03065134099616862,0.015151515151515138,0.02368312054470345
R_OoCZrVwXnQOuoOl,722,286,15121.259999999922,734,287,15366.699999999999,0.016348773841961872,0.0034965034965035446,0.016231451611841807
R_OqFCNCGYAFOqwAp,204,76,2980.249999999994,207,77,3026.7200000000003,0.01449275362318836,0.013157894736842035,0.015592651623188125
R_Oqwn8h7JmD9kZLr,386,127,10417.31999999996,398,128,10700.460000000001,0.03015075376884424,0.007874015748031482,0.0271797352870069
R_OuTqQtcr44LOrMl,149,87,2626.469999999997,151,88,2702.43,0.013245033112582738,0.011494252873563315,0.02892094712675286
R_OwFousWyWRNjaoN,780,368,21624.750000000135,798,372,22084.329999999998,0.022556390977443663,0.010869565217391353,0.02125250002889567
R_OwY4A97Yuej2Sw9,154,70,5459.269999999984,157,71,5567.97,0.019108280254777066,0.014285714285714235,0.01991108701346822
R_Ox1a2sI5ubUPpzr,26,20,708.3500000000001,26,20,708.3500000000001,0.0,0.0,0.0
R_Ox2cOKKad6zHXtT,669,152,9512.66999999994,676,152,9586.400000000001,0.010355029585798814,0.0,0.007750715624536664
R_OxNH1wcmFs7pICR,928,375,21584.350000000075,935,375,21687.459999999995,0.007486631016042744,0.0,0.004777072276900718
R_PARHT7W9jKxfvNf,263,168,10037.33999999998,267,168,11367.300000000003,0.014981273408239737,0.0,0.13250124036846667
R_PAnFG4PYe1dcmKR,120,57,2541.279999999998,124,60,2673.16,0.032258064516129004,0.05263157894736836,0.0518951079770833
R_PB47lifIW2D9E65,151,76,3934.819999999992,153,76,3967.7000000000003,0.013071895424836555,0.0,0.008356163687286422
R_PBf0FEpFdxz7kU9,269,121,4068.389999999996,274,124,4125.91,0.018248175182481785,0.024793388429751984,0.014138270913064854
R_PBgcVvIiLghAouJ,20,13,337.45000000000005,21,13,351.45000000000005,0.04761904761904767,0.0,0.04148762779671067
R_PFXc6Hne8ygZzFL,21,13,439.5000000000001,21,13,439.49999999999994,0.0,0.0,-3.3306690738754696e-16
R_PG4U9PlvxgHUJpf,3,3,116.04,3,3,116.03999999999999,0.0,0.0,-1.1102230246251565e-16
R_PGIGHBTSRs2tRMl,15,10,626.64,16,10,651.63,0.0625,0.0,0.03987935656836461
R_PHakyxXHbSs3Wil,350,101,5683.76999999997,354,101,5720.67,0.011299435028248594,0.0,0.006492169809832138
R_PHgbX4EoPqUsLjb,776,385,15582.73999999993,789,390,15826.33,0.016476552598225558,0.01298701298701288,0.015632039038068424
R_PIh2hZw71jXMbrX,243,116,7863.319999999983,249,117,9092.820000000002,0.02409638554216864,0.008620689655172376,0.15635889166408345
R_PIhjSFbZrFzqmf7,265,87,4270.449999999984,268,87,4384.720000000001,0.011194029850746245,0.0,0.026758304159987256
R_PM6lvuTLyLUTkSR,42,13,1133.4100000000003,42,13,1133.4099999999999,0.0,0.0,-4.440892098500626e-16
R_PRvq5W0QfrLLHoJ,351,198,5697.889999999977,354,198,5738.820000000001,0.008474576271186418,0.0,0.007183360858146415
R_PSPzdKfQKjUwhHP,860,356,23529.340000000146,879,361,23966.739999999998,0.021615472127417545,0.014044943820224809,0.01858955669814155
R_PSgcRvjngEuUFC9,633,319,11110.889999999928,647,321,11393.130000000001,0.021638330757341562,0.006269592476489061,0.025402105501906247
R_PTBypKcn9Vjypup,85,49,2636.919999999998,88,49,2808.83,0.03409090909090906,0.0,0.06519348330628238
R_PTZ3QbtCJTTGaEF,63,45,747.3100000000002,64,45,758.3,0.015625,0.0,0.01470607913717159
R_PUjGHRInObkkx33,217,120,5905.889999999991,217,120,5905.889999999999,0.0,0.0,1.3322676295501878e-15
R_PUqikUxXZPGex1L,10,8,603.41,10,8,603.4100000000001,0.0,0.0,2.220446049250313e-16
R_PXSF6lxCnUB8Pg5,428,243,13183.809999999963,437,249,13455.650000000001,0.020594965675057253,0.024691358024691468,0.02061922919095771
R_PYAtNs62jda8LKx,66,48,1603.6400000000006,72,51,2393.33,0.08333333333333337,0.0625,0.49243595819510566
R_PYQtkvvNdK6wGyZ,405,110,8498.269999999977,405,110,8498.27,0.0,0.0,2.886579864025407e-15
R_PZEwI7NTXlIAdRT,85,52,2516.0199999999995,86,53,2675.7000000000003,0.011627906976744207,0.019230769230769162,0.06346531426618252
R_PZK5ZHQaJY6ymWd,602,317,15698.619999999955,612,322,15821.92,0.016339869281045805,0.01577287066246047,0.00785419355332162
R_PtbP9SNDjKDfkYN,160,54,3205.42999999999,165,55,3662.46,0.030303030303030276,0.0185185185185186,0.14257993467335472
R_PuLRXv7pUO3cLzX,400,244,15948.769999999986,404,246,16072.340000000002,0.00990099009900991,0.008196721311475308,0.007747932912695932
R_PvqLlQVrbZYcHIJ,35,13,290.01,35,13,290.01,0.0,0.0,0.0
R_PvwULHwARcFwOXv,337,207,18240.740000000016,344,209,19202.059999999998,0.02034883720930236,0.009661835748792313,0.05270180924677281
R_PwlnzzccUMXV0n7,1275,502,28961.200000000397,1303,512,31312.929999999997,0.02148887183422865,0.019920318725099584,0.08120278165267902
R_PzynrAQBzRiPa93,414,294,8956.049999999974,422,299,9125.76,0.018957345971563955,0.017006802721088343,0.01894920193612437
R_Q0VlYv4XDFK34mR,100,37,3965.729999999995,101,37,4013.72,0.00990099009900991,0.0,0.012101176832513882
R_Q0nwaT1hUVh9fgZ,164,123,2569.889999999995,167,123,2597.82,0.017964071856287456,0.0,0.010868169454725907
R_Q4HF1TW4ZmOoXMl,74,47,1680.35,75,47,1700.3,0.013333333333333308,0.0,0.011872526556967244
R_Q4STulV6BKUy7Lj,188,86,4567.369999999991,191,87,5360.55,0.015706806282722474,0.011627906976744207,0.17366230456477383
R_Q4ZjTFeyiC5kgQV,765,382,25615.74000000028,783,385,27688.539999999994,0.02298850574712641,0.007853403141361293,0.0809189974601432
R_Q4bzbtEeez3se3v,474,251,4484.299999999982,479,253,4550.330000000001,0.01043841336116913,0.007968127490039834,0.014724706197181137
R_Q5LfGia4gY1Z4QN,517,229,5842.80999999997,521,230,5924.080000000001,0.007677543186180413,0.004366812227074135,0.013909403181008972
R_Q6WPHvxgbOBjvZ7,607,287,17181.489999999976,624,297,17670.54,0.027243589743589758,0.03484320557491283,0.02846377118631893
R_Q6WrmxiECmUv68N,94,31,2159.01,98,31,2272.4900000000002,0.04081632653061229,0.0,0.052561127553832465
R_Q6uIjCCdaCmL0dP,200,84,5348.619999999986,206,86,5484.55,0.029126213592232997,0.023809523809523725,0.02541403203069459
R_Q9Qz1yZfznfUdbj,698,376,14150.799999999945,707,378,14271.14,0.012729844413012725,0.005319148936170137,0.008504112841680733
R_Q9pXsMC9dL6xx7j,27,9,518.5900000000001,27,9,518.59,0.0,0.0,-2.220446049250313e-16
R_QcV7uVxb8myM0lb,578,178,15075.859999999946,590,180,15602.29,0.02033898305084747,0.011235955056179803,0.034918737637524844
R_QfvAxCxCdb6YwUh,483,279,7159.0399999999645,490,280,7334.27,0.014285714285714235,0.0035842293906809264,0.024476745485433327
R_Qh8yUNA19CJDbEd,240,132,8676.579999999978,249,137,8996.630000000001,0.03614457831325302,0.037878787878787845,0.03688665349711795
R_QlCM5cyqADTpz0J,447,225,12301.20999999996,465,227,12771.970000000001,0.03870967741935483,0.008888888888888946,0.0382694060177855
R_QlwQMfafZZuwTM5,97,58,2005.9400000000012,98,59,2019.9199999999998,0.010204081632653073,0.01724137931034475,0.006969301175508091
R_QlxjHfQFVqwOehX,81,56,3695.779999999998,83,58,3833.67,0.02409638554216864,0.03571428571428581,0.03731012127345301
R_QnbL2ixceO8TFQZ,113,58,2698.0499999999984,113,58,2698.05,0.0,0.0,6.661338147750939e-16
R_Qol5y4tCXYb9Ihb,990,229,26920.08000000024,994,230,27036.949999999997,0.004024144869215318,0.004366812227074135,0.004341368970662618
R_Qp7pqfzWe3Qmcrn,596,225,18066.85999999999,610,231,18372.93,0.022950819672131195,0.026666666666666616,0.016940962624385714
R_R38GYKD6oUDOIF3,826,327,17951.039999999983,852,336,18571.219999999998,0.030516431924882625,0.02752293577981657,0.03454841613633608
R_R39HZohVkYzzCEx,320,148,20973.320000000014,330,149,21478.199999999997,0.030303030303030276,0.006756756756756799,0.024072488285115767
R_R3TxodwIFRR70s1,489,295,8263.669999999953,498,298,8556.980000000001,0.01807228915662651,0.01016949152542379,0.03549391493126541
R_R4559mlehOHZ1bb,4,3,285.88,4,3,285.88,0.0,0.0,0.0
R_R49WiNv3T8fnZkZ,184,79,2667.4699999999957,188,80,2701.9200000000005,0.021276595744680882,0.012658227848101333,0.012914859398607925
R_R4fpnxUUupS13Mt,955,283,24930.820000000167,984,285,25888.93,0.029471544715447107,0.007067137809187329,0.038430745559104196
R_R4goEYhjG8ibKsV,403,171,11608.009999999957,413,173,12128.410000000002,0.02421307506053272,0.011695906432748648,0.044831112309521304
R_R4h45LADGxYIbxn,162,83,4067.819999999995,163,83,4077.81,0.006134969325153339,0.0,0.0024558608788012304
R_R8FquFTs5uv64G5,142,58,3094.729999999996,146,59,3212.56,0.0273972602739726,0.01724137931034475,0.03807440390599637
R_R8sct72XDNoSEJb,286,138,6590.629999999976,291,139,6676.360000000001,0.01718213058419249,0.007246376811594235,0.013007861160469592
R_R9McGd7PrBxBNOp,631,57,6600.419999999979,632,57,6606.4,0.0015822784810126667,0.0,0.0009060029513303647
R_RCVXIEUXgJrUx4R,1082,169,5854.059999999956,1088,171,5951.91,0.005514705882352922,0.01183431952662728,0.01671489530343817
R_RDBZFpWVS5Kgm5P,15,7,950.74,15,7,950.74,0.0,0.0,0.0
R_REUoU4lxX7WwQYF,41,22,987.5700000000002,42,22,1127.08,0.023809523809523836,0.0,0.14126593557924982
R_RIAWjvzqC9Anz0d,547,162,11521.769999999957,557,164,11795.51,0.01795332136445238,0.012345679012345734,0.02375850238288435
R_RIS6I9ekQzl33Yl,194,56,2917.1999999999966,196,56,3001.3299999999995,0.010204081632653073,0.0,0.028839297956946064
R_RIaFaa0njICIcPT,92,72,2727.499999999999,94,73,2762.42,0.021276595744680882,0.01388888888888884,0.012802933088909674
R_RIab1TrbMHv4dm9,288,143,8133.129999999981,296,144,8587.84,0.027027027027026973,0.006993006993007089,0.05590836492224027
R_RJnfiCljP85kkKt,322,102,5732.0599999999795,327,103,5869.610000000001,0.015290519877675823,0.009803921568627416,0.023996608549111675
R_RK5cwWjrNzWCfLj,589,260,11867.419999999953,599,262,12234.910000000002,0.016694490818030094,0.007692307692307665,0.03096629258929484
R_RKOvCgLEqnbraIV,82,62,3039.8699999999967,84,63,3079.21,0.023809523809523836,0.016129032258064502,0.012941342886374496
R_RLDhRWGJ2OGQan7,778,454,14772.499999999947,783,455,14873.94,0.0063856960408684715,0.0022026431718060735,0.006866813335593358
R_RLkY8gV3T48ZcoF,432,285,11510.639999999958,443,288,11950.42,0.02483069977426633,0.010526315789473717,0.03820638991403125
R_ROHAyuym1IR7zJT,64,30,3411.3099999999968,65,31,3511.3,0.01538461538461533,0.03333333333333344,0.02931132028458383
R_RP0Rwpy5j0LtLDb,278,165,4889.019999999981,289,172,5066.31,0.03806228373702425,0.042424242424242475,0.036262891131560115
R_RPruSl134deuxOh,349,207,13130.06999999997,355,208,13937.309999999998,0.016901408450704203,0.004830917874396157,0.06148025105730803
R_RPsG6lwAEr4IirL,161,81,3812.319999999994,163,82,3832.2599999999998,0.012269938650306789,0.012345679012345734,0.0052304108784169134
R_RPudbSO1mm9KZSp,206,154,6491.5399999999945,218,162,6887.49,0.05504587155963303,0.051948051948051965,0.06099477165664946
R_RREIEbVUb6F2t2h,72,27,2796.4099999999967,74,27,2836.64,0.027027027027026973,0.0,0.014386302437769505
R_RRdfI1nTggkIRdD,205,127,3423.1199999999917,213,133,3538.2800000000007,0.03755868544600938,0.04724409448818889,0.03364182383323078
R_RRg5d7PYVofKVR7,198,56,6812.519999999986,206,56,7171.2300000000005,0.03883495145631066,0.0,0.05265452431699513
R_RUiKvns4bLPdv1v,413,244,13600.999999999967,421,245,14086.590000000002,0.019002375296912066,0.004098360655737654,0.0357025218733944
R_RUm7V3LssbCRwQh,89,46,7136.269999999995,93,47,7242.11,0.043010752688172005,0.021739130434782705,0.01483127740402268
R_RWDVTpd1w4ZP8lj,234,120,7762.389999999975,247,124,8821.51,0.052631578947368474,0.03333333333333344,0.13644251319503775
R_RWEU3Avr3Ff1d5f,176,93,3164.399999999998,181,94,3196.0099999999998,0.027624309392265234,0.010752688172043001,0.009989255467071745
R_Ra9w371cJUQHkBj,43,34,1162.8800000000003,43,34,1162.88,0.0,0.0,-2.220446049250313e-16
R_RaeWxaWjb7z8CLT,394,144,13611.159999999967,408,148,13939.230000000003,0.03431372549019607,0.02777777777777768,0.024103015466722555
R_RekNI4I8FXKS9lT,401,206,5358.089999999979,410,208,5415.640000000001,0.02195121951219514,0.009708737864077666,0.010740767698941722
R_RerDmi1QA7PsovL,27,20,1381.5400000000002,28,21,1398.52,0.0357142857142857,0.050000000000000044,0.012290632193059814
R_RfThNEyjDIX9xwl,426,215,12548.979999999958,452,220,13371.36,0.05752212389380529,0.023255813953488413,0.06553361309047001
R_RhiUIvJQ2lPbhap,96,60,1875.850000000001,97,60,1900.8400000000001,0.010309278350515427,0.0,0.013321960711143888
R_Rk6QaXPtRCxwSLT,150,71,5118.489999999991,153,72,5190.460000000001,0.019607843137254943,0.014084507042253502,0.014060787458803459
R_RlSNQ6510NQghgZ,1890,439,27674.340000000084,1933,448,28763.4,0.02224521469218832,0.0205011389521641,0.03935270001018676
R_RlYyUhsDFvyGwX7,1789,730,44775.23,1820,735,45436.31999999997,0.017032967032967083,0.006849315068493178,0.014764636608231019
R_RqX2bVT7ipyS3h7,86,25,1864.960000000001,87,25,1894.66,0.011494252873563204,0.0,0.01592527453671888
R_RrAzSSEpdQYcUx3,893,477,24226.010000000144,939,488,25145.309999999998,0.04898828541001066,0.023060796645702375,0.0379468183163405
R_RsM6KRZLojriHU5,168,123,3564.489999999995,176,129,3813.6,0.045454545454545414,0.04878048780487809,0.06988657563915335
R_Rw7CA3irllJSRH3,1125,322,23698.490000000267,1142,323,24259.719999999994,0.01488616462346759,0.0031055900621117516,0.02368209957679679
R_RxeYwKZ5Zu9SiT7,25,17,621.37,25,17,621.37,0.0,0.0,0.0
R_Ry8uWyojfGauVEZ,75,29,2981.569999999996,78,29,3076.55,0.038461538461538436,0.0,0.03185570018480344
R_Rz7BADJXe1GMWQ1,50,28,852.2500000000001,50,28,852.25,0.0,0.0,-1.1102230246251565e-16
R_SBiEJOUFyfjK5eF,427,145,6147.999999999973,435,145,6284.879999999999,0.01839080459770115,0.0,0.02226415094340073
R_SC38DnC6mtyMrDz,37,20,907.0300000000002,37,20,907.0299999999999,0.0,0.0,-3.3306690738754696e-16
R_SDA9FNV5BkNoxPj,150,59,2809.9799999999977,152,59,2892.92,0.013157894736842146,0.0,0.02951622431476464
R_SDngZDpmHNEeIBH,569,248,12977.679999999958,579,251,13809.79,0.01727115716753025,0.012096774193548487,0.06411854815344853
R_SDxHC9YZwYTKedz,921,265,12848.749999999962,933,272,13081.48,0.012861736334405127,0.026415094339622636,0.01811304601615249
R_SE2qI33L0z1rw2J,207,116,6618.30999999999,217,118,7044.66,0.04608294930875578,0.01724137931034475,0.06441976879294109
R_SE8aSpQlEHeTRi9,4,3,68.24000000000001,4,3,68.24000000000001,0.0,0.0,0.0
R_SE8gIJVx1g0m6T7,417,232,8299.95999999996,425,235,8678.09,0.018823529411764683,0.012931034482758674,0.045558050882178014
R_SGAAoUST7I3bMpr,547,306,24841.58000000013,556,308,25283.39,0.01618705035971224,0.006535947712418277,0.017785100625639316
R_SGKBwA3GI43FYlj,178,78,4872.759999999983,183,79,5077.609999999999,0.02732240437158473,0.012820512820512775,0.0420398295832376
R_SH9KwMo2tRoWdJn,217,152,4627.469999999983,219,153,4682.25,0.0091324200913242,0.006578947368421018,0.01183800219126585
R_SIV2laobfDdRRpn,63,35,2243.5499999999993,67,36,2626.3199999999997,0.05970149253731338,0.02857142857142847,0.17060907936083458
R_SIWNWQmjel55jzP,173,100,4927.009999999995,174,100,4937.49,0.005747126436781658,0.0,0.0021270506859139005
R_SNUZbqGQUi0m9yh,469,159,14725.069999999949,482,160,15250.12,0.026970954356846488,0.0062893081761006275,0.035656876334038135
R_SOyvpAQkoaXLVQd,17,8,555.1199999999999,17,8,555.12,0.0,0.0,2.220446049250313e-16
R_SPgUY20fCYUgXtf,237,154,4342.79999999999,239,154,4361.2300000000005,0.008368200836820106,0.0,0.004243805839552861
R_SSIp9k1v28goIiR,29,14,471.52,29,14,471.5200000000001,0.0,0.0,2.220446049250313e-16
R_STNOEWFecrQlOHn,94,49,4854.089999999993,94,49,4854.09,0.0,0.0,1.5543122344752192e-15
R_SV0JxIoAjGBzoyJ,620,266,11058.30999999994,624,267,11709.91,0.0064102564102563875,0.003759398496240518,0.05892401280123849
R_SVHcBOlErkMEJjP,797,381,25298.280000000235,818,384,25682.4,0.025672371638141844,0.007874015748031482,0.015183640943169374
R_SVjRFGTZae7kgBX,93,35,4207.2899999999945,94,35,4507.28,0.010638297872340385,0.0,0.07130242983012947
R_SVmBvLv4VYHH09X,139,64,3409.5299999999943,142,64,4437.460000000001,0.021126760563380254,0.0,0.30148730176886795
R_SZVk7qgCCS7GBkR,191,122,5372.689999999994,192,122,5392.69,0.00520833333333337,0.0,0.0037225300547780726
R_SZxS1wRL7j2vEk1,234,111,5359.429999999988,236,112,5480.41,0.008474576271186418,0.009009009009008917,0.022573296040812707
R_T0dG5GjDneWRmUx,411,109,9462.169999999967,415,109,9709.130000000001,0.009638554216867434,0.0,0.02609972131128857
R_T1tQcAWNuIjTeGB,169,95,3637.089999999991,171,96,3664.63,0.011695906432748537,0.010526315789473717,0.007571987495500254
R_T2cW0jWTLQ3jpYZ,96,53,2328.7399999999993,101,55,2565.69,0.04950495049504955,0.037735849056603765,0.10175030273882046
R_T2e734rM54MBDON,25,16,1013.9100000000002,25,16,1013.91,0.0,0.0,-2.220446049250313e-16
R_T4THXKAQCwg9ZXb,211,125,9657.479999999976,212,126,9664.77,0.004716981132075526,0.008000000000000007,0.0007548553038705386
R_T5DC7dqaf9rgfPr,251,125,6295.009999999982,259,131,6454.17,0.030888030888030937,0.04800000000000004,0.025283518215224232
R_T5bktxnjxE8B7ON,113,48,3068.829999999996,122,50,3659.3900000000003,0.07377049180327866,0.04166666666666674,0.19243816047158213
R_T5eIGFma6kcMlgd,19,10,1550.68,21,11,1589.1100000000001,0.09523809523809523,0.10000000000000009,0.024782675987308878
R_T7M3PV3PTCNrGxz,347,289,6319.239999999985,350,290,6429.18,0.008571428571428563,0.0034602076124568004,0.01739766174413626
R_T7v2MVF1Q9nTL2N,267,141,8854.459999999981,272,144,8922.6,0.018382352941176516,0.02127659574468077,0.007695556815437543
R_TaWqCKHh5CNkWhb,783,440,21308.53000000006,800,445,21866.519999999997,0.02124999999999999,0.011363636363636465,0.026186226830285042
R_TaZ5ro6xrlPTVXX,246,106,4948.509999999984,249,107,4986.040000000001,0.012048192771084376,0.009433962264151052,0.007584101072851679
R_TcSJ9ex2QSL6adP,499,346,9827.969999999972,512,352,11717.52,0.025390625,0.01734104046242768,0.19226249164375075
R_TcjKmH0V8Aiprbj,268,165,6174.199999999979,276,168,6294.14,0.02898550724637683,0.018181818181818077,0.019425998509931874
R_TdRNPgZezqRSQr7,41,17,876.1800000000002,42,17,890.1300000000001,0.023809523809523836,0.0,0.015921386016571892
R_ThYIl4DOmKJ6ADv,218,160,6839.919999999986,224,163,6977.050000000001,0.0267857142857143,0.018750000000000044,0.020048480099184696
R_Thedjrv7zp1BGwh,247,112,6505.679999999982,255,112,6793.12,0.03137254901960784,0.0,0.044182929378638214
R_ThgquWaLDQWLCcp,313,137,5591.659999999975,322,140,5741.65,0.02795031055900621,0.021897810218978186,0.02682387698823341
R_Thn6rAkosxWmMVz,206,129,5027.639999999983,212,133,5886.25,0.028301886792452824,0.03100775193798455,0.17077793955017073
R_Ti3cm30P8q5pSAF,161,62,2579.859999999998,164,62,2766.9,0.018292682926829285,0.0,0.07250005814269089
R_TiKImT7l7MFo2id,258,148,6764.319999999979,264,151,6884.100000000001,0.022727272727272707,0.020270270270270174,0.01770761879982352
R_TmUTipQ7flj3x5f,370,157,7201.709999999963,381,159,7367.29,0.02887139107611547,0.01273885350318471,0.02299176167882888
R_TmZ0K9e559ejvl7,150,78,3507.0699999999943,154,78,3552.15,0.025974025974025983,0.0,0.012854034849605567
R_TnZKYgbGLyAswBH,166,125,5121.81999999999,169,128,5439.280000000001,0.017751479289940808,0.02400000000000002,0.06198187363085994
R_Tnr9VpjriIG3RYt,255,179,3903.529999999992,263,182,4031.29,0.03041825095057038,0.016759776536312776,0.03272935010106437
R_To1AwJ2KphjS9Il,10,10,100.99,10,10,100.99000000000001,0.0,0.0,2.220446049250313e-16
R_TpEQYREH4SCVi7L,321,221,6976.459999999974,329,222,7253.540000000001,0.024316109422492405,0.004524886877828038,0.03971641778208834
R_TpT2Qb24RrLIW8V,157,101,4736.369999999989,159,102,4812.35,0.012578616352201255,0.00990099009900991,0.01604182105705676
R_Tt4FmKD31MepnSV,26,22,870.0600000000001,27,23,884.05,0.03703703703703709,0.045454545454545414,0.016079350849366625
R_TtK3Qkb3c3EIeoV,513,270,16862.05999999997,525,273,17285.1,0.02285714285714291,0.011111111111111072,0.025088275098062107
R_TtjiPpPxtkd5Vnz,298,134,6892.219999999991,300,134,7076.1500000000015,0.00666666666666671,0.0,0.026686611860911258
R_TuQNY5iHho0sERH,660,229,13927.669999999973,666,229,14128.870000000003,0.009009009009009028,0.0,0.014446063124702757
R_TuS87GjLjJcOQRb,441,228,19821.820000000043,447,229,20061.73,0.01342281879194629,0.004385964912280604,0.012103328554086135
R_TuY2sx5OLfm369j,29,16,679.7900000000002,29,16,679.79,0.0,0.0,-3.3306690738754696e-16
R_TvDc68p9cLsBbO1,22,12,662.62,22,12,662.62,0.0,0.0,0.0
R_TwkOLlpYpSqvIUp,265,150,5861.9999999999845,267,151,5917.740000000001,0.0074906367041198685,0.006666666666666599,0.009508700102356826
R_TwqkiWpv7r8ygAV,231,160,6135.109999999985,251,169,6612.799999999999,0.07968127490039845,0.05624999999999991,0.07786168463157384
R_UAaA5NePwESoCs1,87,50,953.6000000000004,88,51,973.5500000000002,0.011363636363636354,0.020000000000000018,0.020920721476509918
R_UAsOi0K88YXJciJ,55,23,1418.3000000000002,56,23,1425.25,0.017857142857142905,0.0,0.00490023267291817
R_UDu8kaov2do91g5,165,102,4832.9799999999905,168,103,4909.52,0.017857142857142905,0.009803921568627416,0.015837019809726183
R_UDvkKEiLDLMVBOV,58,42,1772.450000000001,60,43,1790.7200000000003,0.033333333333333326,0.023809523809523725,0.010307766086490089
R_UEke64xAaOG3mTf,479,244,14153.429999999958,501,249,14677.299999999997,0.043912175648702645,0.020491803278688492,0.03701364262938678
R_UF52Dim93HpU7Id,245,163,5277.389999999989,251,164,5473.400000000001,0.0239043824701195,0.006134969325153339,0.037141465762434045
R_UFrfTy7RlXqKDOV,230,119,4099.149999999982,237,121,4498.12,0.029535864978902926,0.01680672268907557,0.09732993425466718
R_UGCPN0ojGys6AM1,197,129,6185.78999999999,204,132,6244.0,0.03431372549019607,0.023255813953488413,0.009410277426167069
R_UGXkmUaPs73P0KB,135,59,2368.919999999999,138,59,2408.25,0.021739130434782594,0.0,0.016602502406160236
R_UJy9bvJSlz6m5bP,520,293,12322.019999999964,534,298,12653.080000000002,0.02621722846441943,0.017064846416382284,0.026867348048456252
R_ULx5LxsLFAmehW1,120,67,2867.7299999999955,122,68,3077.16,0.016393442622950838,0.014925373134328401,0.07302988775094055
R_UMB3TmQ4xi2VrUJ,176,120,3487.5599999999904,181,124,3562.9700000000003,0.027624309392265234,0.03333333333333344,0.021622567066949427
R_UPXamGKtmf4RVIZ,178,80,4104.119999999992,188,82,4530.38,0.05319148936170215,0.02499999999999991,0.10386148553161445
R_UQ4pyE8gimCPOhj,459,153,7106.989999999966,475,155,7611.12,0.03368421052631576,0.013071895424836555,0.07093438994567824
R_UQoYDne6ZzayUxP,220,126,7967.679999999978,225,130,8085.630000000001,0.022222222222222254,0.031746031746031855,0.014803556367728676
R_URRtiKcS7CPrnwd,385,227,9678.179999999958,395,230,9784.55,0.025316455696202556,0.013215859030837107,0.010990702797430973
R_USJD2iFMcaC6Wjf,117,43,2569.299999999996,121,43,2725.88,0.03305785123966942,0.0,0.06094266920951408
R_USaHS49dLRXDYPv,60,35,967.1600000000004,61,36,983.15,0.016393442622950838,0.02857142857142847,0.01653294180900744
R_USc2JrcVi09Tvln,958,487,27184.17000000011,982,490,27701.149999999994,0.024439918533604943,0.006160164271047153,0.019017685660436934
R_UVL99rIVOk3yOFH,71,28,1717.1800000000003,73,28,1739.49,0.0273972602739726,0.0,0.012992231449236336
R_UVM6YBvaArzpRjb,721,276,18179.25999999997,731,278,19212.600000000002,0.013679890560875485,0.007246376811594235,0.05684169762685798
R_UVyQeFE7FoVZziN,106,72,4660.059999999989,109,75,4830.01,0.02752293577981646,0.04166666666666674,0.03646948751733059
R_UWP9RkoQfSxuvIZ,76,34,710.8800000000005,76,34,710.88,0.0,0.0,-6.661338147750939e-16
R_UWl7Tnh9WjcOABH,874,205,11431.039999999894,886,207,11893.339999999998,0.013544018058690765,0.009756097560975618,0.04044251441689539
R_UWlLZdb69GeLobf,200,86,3192.169999999992,203,87,3272.3300000000004,0.014778325123152691,0.011627906976744207,0.025111444565925067
R_UWoHCQ8zPRgM7hD,382,212,10503.459999999954,396,220,10854.82,0.03535353535353536,0.037735849056603765,0.03345183396709728
R_UYnxzc7r6Sz2xYl,245,164,5372.509999999986,247,165,5385.490000000001,0.0080971659919028,0.0060975609756097615,0.0024160029483453194
R_UZ8htLc08E86uE9,1224,669,27600.04000000046,1255,677,28988.299999999985,0.024701195219123506,0.01195814648729443,0.05029920246490582
R_UaIHgvwhO8zbFkJ,119,56,2241.8399999999997,123,58,2430.12,0.03252032520325199,0.03571428571428581,0.08398458409163911
R_UaUT55gxGPcEyR3,745,325,19732.980000000058,758,329,20032.28,0.01715039577836408,0.012307692307692353,0.015167501309986564
R_UfNA0a43D43oMU1,22,18,431.75,22,18,431.75000000000006,0.0,0.0,2.220446049250313e-16
R_Ugu6UIiT96oWHBL,158,89,8023.579999999986,160,90,8108.4400000000005,0.012499999999999956,0.011235955056179803,0.010576326278296522
R_UhbMyvmOnH4wqTD,4,2,148.79000000000002,4,2,148.79,0.0,0.0,-2.220446049250313e-16
R_Ui78k1hRGuGWhln,629,432,19902.910000000047,637,436,20324.719999999998,0.012558869701726816,0.0092592592592593,0.02119338327912601
R_UiGJcgWtDtZPfih,537,327,12727.799999999945,545,329,13038.590000000004,0.014678899082568808,0.006116207951070374,0.024418202674465483
R_UiIUxvUcBZnSJLb,235,124,3148.5599999999945,238,125,3176.9300000000003,0.012605042016806678,0.008064516129032251,0.009010468277563577
R_UihNZwbPByeeh5n,43,28,708.9800000000002,46,30,868.95,0.06521739130434778,0.0714285714285714,0.2256340094219862
R_Uit4G2WjoT7WM6d,301,135,6496.899999999973,303,136,6538.870000000001,0.0066006600660065695,0.007407407407407307,0.0064600040019129334
R_UlOQHrMf1EiWKQx,261,160,7149.979999999987,263,160,7166.9400000000005,0.0076045627376425395,0.0,0.0023720346070916776
R_UmBwrqd2lGfqkp3,563,335,15288.649999999963,572,338,15837.67,0.01573426573426573,0.008955223880596996,0.03591029947052471
R_UoKvleOAsSQd7Gx,103,64,4783.859999999993,104,65,4794.6900000000005,0.009615384615384581,0.015625,0.0022638622367725514
R_UrQfognZjR4q5CF,187,113,4854.139999999995,187,113,4854.140000000001,0.0,0.0,1.3322676295501878e-15
R_Ustx2pCsHOtdxcJ,16,12,461.9400000000001,16,12,461.94,0.0,0.0,-2.220446049250313e-16
R_UszZhCAHGoQoOtP,9,8,302.48,11,8,329.70000000000005,0.18181818181818177,0.0,0.08998942078815131
R_UxUPzvBlS75I6ul,759,376,16224.299999999916,780,382,16771.0,0.02692307692307694,0.015957446808510634,0.03369636902671225
R_UxVZdLDXWoy4nO9,353,133,9226.399999999969,357,134,9357.69,0.011204481792717047,0.007518796992481258,0.014229818780893133
R_UxpqIzxxhvziAa5,585,235,15896.22999999993,602,237,16753.34,0.028239202657807327,0.008510638297872353,0.053919073893625935
R_V1EWFs6tkv2DaMN,464,281,13608.129999999956,475,284,14170.240000000002,0.023157894736842155,0.01067615658362997,0.041306924610512
R_V1FcKCDaVRBroBj,84,55,2072.9700000000007,88,58,2382.9300000000003,0.045454545454545414,0.05454545454545445,0.1495245951460944
R_V3SldNSpvYAFDSp,51,38,2380.9599999999996,55,38,2650.1600000000003,0.07272727272727275,0.0,0.11306363819635812
R_V416ZQ4Q4ElD1yF,242,90,7359.289999999978,247,90,7533.7300000000005,0.020242914979757054,0.0,0.02370337355913721
R_V43VJZ8PVo1w0ff,218,113,5128.259999999991,222,115,5387.280000000001,0.018018018018018056,0.017699115044247815,0.05050835956055466
R_V4neEkWLuLjezW9,108,79,3178.0799999999986,110,81,3301.0600000000004,0.018181818181818188,0.025316455696202445,0.03869631979056587
R_V56BAcnStxtI0sF,125,76,7324.779999999987,132,80,7646.199999999999,0.05303030303030298,0.05263157894736836,0.043881181414324066
R_VKZzr77ll29A1iN,328,176,8147.299999999976,332,179,8193.859999999999,0.012048192771084376,0.017045454545454586,0.005714776674484057
R_VL9AaDH7tfS4d8Z,76,30,2112.9600000000005,80,31,2301.1299999999997,0.050000000000000044,0.03333333333333344,0.08905516431924831
R_VLmTvhwazA2Ng9X,423,267,7884.469999999973,432,269,8004.070000000001,0.02083333333333337,0.0074906367041198685,0.015169060190479255
R_VOnKIVzg9qHTJbH,2516,354,30452.16000000099,2543,358,31358.559999999994,0.010617381046008623,0.011299435028248483,0.029764719481277346
R_VOtJTY6zBQ9VeSJ,3,3,121.79,3,3,121.79,0.0,0.0,0.0
R_VPWGdK1zBBekfAJ,301,133,5399.439999999987,309,134,5549.4,0.02588996763754048,0.007518796992481258,0.027773250559319784
R_VUuTFGkN2NYoiCB,111,63,3332.3399999999965,113,64,3354.1000000000004,0.017699115044247815,0.015873015873015817,0.00652994592388656
R_VVk7njfjYpJwkRH,80,48,4493.619999999996,80,48,4493.62,0.0,0.0,8.881784197001252e-16
R_VW1PxIUbWYqPHGx,27,22,2454.619999999999,28,22,2490.61,0.0357142857142857,0.0,0.014662147297749284
R_VWudwQNRRVLmPIJ,207,107,10615.589999999982,211,107,10947.42,0.018957345971563955,0.0,0.031258743037364756
R_VXC0BdnooFFzNyF,25,8,470.0700000000001,25,8,470.07,0.0,0.0,-2.220446049250313e-16
R_W3empn2lGXa2u3v,203,122,3037.0299999999957,206,123,3467.9800000000005,0.014563106796116498,0.008196721311475308,0.14189849952091538
R_W80kzJbCa8CD9UB,1310,432,26802.55000000024,1321,435,26921.96,0.00832702498107496,0.00694444444444442,0.004455173108519839
R_Wd4NW3fCsUmgTfz,981,407,28031.350000000344,1011,413,28743.549999999996,0.029673590504451064,0.014742014742014753,0.025407267220438623
R_WdjRiujyi439QUV,237,173,5745.529999999982,240,174,5769.460000000001,0.012499999999999956,0.005780346820809301,0.004164976947299781
R_WeUTXBXyijB097X,557,300,21189.59000000011,574,305,21610.7,0.029616724738675937,0.016666666666666607,0.019873437853204834
R_WerZwuLkMK4zfVf,1014,441,18417.949999999975,1026,444,18716.34,0.011695906432748537,0.006802721088435382,0.01620104300424452
R_WfcQjcLLrgyyhZD,208,71,4300.24999999999,213,72,4452.13,0.023474178403755874,0.014084507042253502,0.03531887680949031
R_Wflh7jXpugM20Dv,483,306,9953.849999999977,492,308,10371.119999999999,0.018292682926829285,0.006535947712418277,0.04192046293645402
R_WiHgd4U8fkn5ZsZ,201,129,3488.4899999999925,207,134,3623.71,0.02898550724637683,0.03875968992248069,0.038761756519298585
R_Wj4UUQUNrJKEYKJ,363,199,13721.01999999997,370,199,13847.760000000002,0.018918918918918948,0.0,0.009236922619457744
R_Wj7VKgJWJGbo1zj,522,290,12512.86999999995,535,292,13173.199999999999,0.024299065420560706,0.006896551724137945,0.05277206588097316
R_WjMJipdvxGlCPxn,117,23,3297.0999999999954,123,24,3696.7900000000004,0.04878048780487809,0.04347826086956519,0.12122471262624912
R_WlmRXQCE6kRjeeJ,1166,631,29502.42000000033,1203,641,30662.859999999997,0.03075644222776397,0.015847860538827252,0.039333722453942954
R_WqHyMGcSkgIXRw5,473,284,10495.529999999935,504,292,10874.630000000001,0.06150793650793651,0.028169014084507005,0.036120138763842125
R_WqUKHIsK6AUZTW1,45,13,955.3100000000004,45,13,955.3100000000001,0.0,0.0,-3.3306690738754696e-16
R_Wr3OvD5tOnb6kmZ,240,109,5509.0399999999845,257,115,7027.849999999999,0.06614785992217898,0.05504587155963292,0.27569413182696434
R_Wvek6KTbhuRTUxb,260,158,9041.28999999997,268,160,9334.82,0.02985074626865669,0.012658227848101333,0.032465499945254495
R_WwInNEyYEbNjgWt,302,212,7397.0899999999665,305,213,7430.56,0.00983606557377048,0.004716981132075526,0.004524752301247492
R_WwVKVhGu4erKLWV,421,179,11636.989999999963,429,180,12674.86,0.018648018648018683,0.005586592178770999,0.08918715234781849
R_Wx1K66mKsCdbnXz,622,248,13390.179999999937,632,250,13729.520000000004,0.015822784810126556,0.008064516129032251,0.0253424524539676
R_WxNO6Oe6xqGi15T,659,281,10603.149999999956,670,283,10722.98,0.016417910447761197,0.007117437722419906,0.011301358558545749
R_XAphEY817eORyx3,538,244,13942.769999999951,553,250,14321.720000000001,0.027124773960216952,0.024590163934426146,0.027178960852115575
R_XBTixAZnoRoMVQB,300,182,10969.35999999998,303,184,11119.32,0.00990099009900991,0.01098901098901095,0.013670806683345083
R_XBcuYV8ItZHNRIZ,93,26,1898.2400000000007,93,26,1898.24,0.0,0.0,-3.3306690738754696e-16
R_XCaSsrV88hbJ4yd,401,134,8260.429999999957,407,134,8372.960000000001,0.014742014742014753,0.0,0.013622777506745454
R_XFB8SnqP21l7p8R,158,79,7153.589999999981,161,81,7197.420000000001,0.018633540372670843,0.025316455696202445,0.006126993579450346
R_XFxTMj7GDret70d,116,50,3059.279999999997,120,52,3215.0,0.033333333333333326,0.040000000000000036,0.050900865563139996
R_XGKozLuGXZzktCF,730,227,16716.539999999975,738,228,16831.13,0.010840108401083959,0.004405286343612369,0.006854887434841528
R_XLNqrCKqhDiXYc1,231,141,3265.0799999999967,231,141,3265.0800000000004,0.0,0.0,1.1102230246251565e-15
R_XMyTz3sIsacmJRD,60,28,1927.7600000000004,60,28,1927.76,0.0,0.0,-2.220446049250313e-16
R_XNE9peoiyTnAXUl,185,123,6391.849999999985,189,124,6496.78,0.021164021164021163,0.008130081300812941,0.016416217527009502
R_XNiuJCcVUXlLUYx,23,9,699.5100000000001,23,9,699.51,0.0,0.0,-1.1102230246251565e-16
R_XOnvBxkG4fwLWVz,1231,640,33565.57000000032,1268,648,34309.76999999998,0.02917981072555209,0.012499999999999956,0.022171528742090718
R_XSQ0rtJL82sO48h,403,238,10906.699999999975,411,241,11821.420000000002,0.019464720194647178,0.012605042016806678,0.08386771434072893
R_XSVsVm3kojFdmCJ,227,120,5764.319999999983,234,122,5869.9400000000005,0.02991452991452992,0.016666666666666607,0.018323063258115058
R_XSu10jIDimUl5m1,1093,557,23321.160000000204,1109,562,23747.019999999993,0.014427412082957614,0.008976660682226134,0.018260669709387667
R_XTmxVoQGo9qhbyx,180,116,4888.9399999999905,183,117,4937.780000000001,0.016393442622950838,0.008620689655172376,0.009989895560184925
R_XUhit9pAXhD746B,590,342,18962.90000000004,598,345,19119.35,0.013377926421404673,0.00877192982456143,0.008250320362389596
R_XUkFqv28ZmOyNBT,154,83,5567.789999999995,154,83,5567.79,0.0,0.0,8.881784197001252e-16
R_XX2kFbi9VPxFWLf,107,68,2012.210000000001,109,69,2033.89,0.01834862385321101,0.014705882352941124,0.010774223366347924
R_XX4679ZDUYaKZTb,128,95,3873.609999999995,131,95,3919.7800000000007,0.022900763358778664,0.0,0.011919114211292658
R_XXNgBpq2i7mSrnP,146,55,2714.289999999996,151,56,2779.4699999999993,0.0331125827814569,0.018181818181818077,0.024013646294243962
R_XXow2gO79y4faxj,1088,412,13764.939999999886,1105,415,14074.570000000003,0.01538461538461533,0.00728155339805836,0.022494104587460706
R_XY50JC4OPpYKcmd,1,1,40.99,1,1,40.99,0.0,0.0,0.0
R_XYTa0bvoaQqev3r,650,337,9862.089999999933,661,339,10125.750000000002,0.016641452344931973,0.005934718100890191,0.02673469822320329
R_XYeZSVkzBQBQtBD,730,402,15293.229999999923,742,405,15480.050000000001,0.016172506738544423,0.00746268656716409,0.012215862836044478
R_XYsrPCXL5N6boad,218,157,5457.899999999989,226,162,5908.24,0.03539823008849563,0.031847133757961776,0.08251158870628106
R_XZAx9TyW7gz9GxP,69,34,1306.7100000000005,71,34,1339.69,0.028169014084507005,0.0,0.025238958912076503
R_Xhz81T9LodPX0KB,1195,523,19619.40000000004,1224,528,20517.120000000003,0.023692810457516367,0.009560229445506607,0.045756750970975535
R_Xilms2p1sQqPq4p,272,150,5944.55999999998,282,154,6143.54,0.03546099290780147,0.026666666666666616,0.0334726203453275
R_Xjn66iH08ck5oPL,1602,666,24931.85000000025,1626,671,25298.529999999995,0.014760147601476037,0.007507507507507505,0.014707292078194767
R_Xk42yW3pfoWC6Ih,356,217,10304.73999999998,362,219,10544.109999999997,0.016574585635359074,0.009216589861751112,0.023229115921412635
R_XmJksWdlfM3NHJ7,57,23,1232.58,58,24,1234.87,0.017241379310344862,0.04347826086956519,0.0018578915770173232
R_Xn2sfdbpwAfI3wB,263,136,5817.2099999999855,269,139,6272.150000000001,0.022304832713754608,0.022058823529411686,0.07820587532511558
R_XnUU1fZEhQ2Sa4N,333,171,10540.329999999976,339,175,11194.280000000002,0.017699115044247815,0.023391812865497075,0.062042649518566195
R_Xnxbf5uRDYJ5tvz,354,252,4472.219999999984,360,257,4538.85,0.01666666666666672,0.01984126984126977,0.014898640943427743
R_XpHv6ZEKCuud0Gt,402,254,11357.309999999972,418,261,12128.980000000001,0.038277511961722466,0.027559055118110187,0.067944786221388
R_XsIUODlniv0lMu5,251,167,5544.949999999979,260,172,5708.4400000000005,0.0346153846153846,0.029940119760478945,0.029484485883555678
R_XsQ88Q0fyB4ya7n,108,63,3368.249999999995,111,63,4029.5800000000004,0.027027027027026973,0.0,0.19634231425814774
R_Xt4H8BJ1Vx7ws8h,2062,427,18952.090000000157,2072,428,20506.370000000003,0.004826254826254872,0.0023419203747072626,0.08201100775691939
R_XtYIlnjI6etRnGh,373,149,9934.849999999977,374,149,9950.83,0.002673796791443861,0.0,0.0016084792422657035
R_XuCuybjxPer1OeJ,518,335,12993.269999999944,538,344,13449.68,0.03717472118959109,0.02686567164179099,0.035126646333067724
R_XvMiL2k9rLcEJsB,5,4,57.92,6,5,97.91000000000001,0.16666666666666663,0.25,0.6904350828729282
R_XvQvSZcUpzRXxrr,76,67,2814.659999999999,77,68,2825.920000000001,0.012987012987012991,0.014925373134328401,0.00400048318447066
R_XvTgfvCeoBbBuBH,89,36,1144.7100000000007,90,36,1164.69,0.011111111111111072,0.0,0.017454202374399985
R_XwiCirQyfwJzVtv,1312,620,27930.37000000038,1349,627,28939.429999999993,0.02742772424017792,0.011290322580645107,0.036127698988577706
R_XzINZBCVFPB7RWF,246,85,4351.819999999985,254,86,4442.85,0.03149606299212604,0.0117647058823529,0.02091768501454916
R_Y327gjLqd4iezqV,156,65,7859.389999999983,160,65,7906.18,0.025000000000000022,0.0,0.005953388240056423
R_Y3PPLmdNg6NnwZz,205,177,5245.859999999987,211,180,5419.040000000001,0.028436018957345932,0.016949152542372836,0.03301269953830532
R_Y3TdYiBodZOLXlT,197,109,8399.949999999984,198,110,8574.210000000001,0.005050505050505083,0.00917431192660545,0.020745361579535215
R_Y4Y0rnYYDKTzxM5,233,107,4133.089999999988,236,108,4392.05,0.012711864406779627,0.009345794392523255,0.06265530148146126
R_Y4aBj5VuuQKYcq5,711,346,26911.38000000015,718,347,27094.289999999994,0.00974930362116988,0.0028901734104045396,0.006796752897838765
R_Y4jCkfTFzvtw5SF,1343,596,27044.550000000247,1376,601,28283.809999999994,0.02398255813953487,0.008389261744966348,0.04582291071582767
R_Y9umn8jRAhKJgTn,589,307,13085.429999999931,597,308,13201.510000000002,0.01340033500837523,0.0032573289902280145,0.008870935078180153
R_YPSS9WRS3ZVKQPn,684,354,17648.959999999966,687,354,17759.37,0.004366812227074246,0.0,0.006255892698495247
R_YQSfqhQ1uDpXT7r,57,36,903.4300000000002,57,36,903.4300000000001,0.0,0.0,-1.1102230246251565e-16
R_YS4MPsfM1Neg0RH,383,171,9622.70999999996,391,172,9814.35,0.020460358056266004,0.005847953216374213,0.019915387661068706
R_YSl6RLgAiesofPH,849,438,17763.029999999984,876,448,18227.340000000004,0.03082191780821919,0.022831050228310446,0.026139121535009524
R_YVNaznCASVojYKB,168,81,3711.299999999994,171,81,3779.22,0.01754385964912286,0.0,0.01830086492603833
R_YVoT55Wyx9S4FDb,148,43,2297.01,148,43,2297.01,0.0,0.0,0.0
R_YWC7NpQLctWlPVf,251,172,14036.039999999972,258,176,14862.890000000003,0.027131782945736482,0.023255813953488413,0.05890906551990671
R_YWxPdbahUtA72LL,234,108,5135.549999999981,244,108,5840.399999999999,0.040983606557377095,0.0,0.13724917486929744
R_YY9mG1AzrXV1e3D,289,116,5961.17999999997,300,117,6325.97,0.036666666666666625,0.008620689655172376,0.06119426019681207
R_YYrJhkIJO9hdbAl,61,55,1889.2000000000005,62,56,1908.7099999999998,0.016129032258064502,0.018181818181818077,0.010327122591572868
R_Ybh09t36EFaS3jb,330,112,9564.099999999971,337,112,9837.280000000002,0.020771513353115778,0.0,0.02856306395792929
R_Z1xA09bofW5IQSJ,59,21,1992.700000000001,61,22,2054.68,0.032786885245901676,0.04761904761904767,0.031103527876749526
R_Z2Gd6jT9M6qXlzH,539,281,16957.36999999998,551,286,17372.03,0.02177858439201452,0.017793594306049876,0.024453084411085957
R_Z4qMkqhWSmIbdSh,2151,564,36424.53000000023,2168,569,37535.24999999999,0.00784132841328411,0.00886524822695045,0.030493735952111134
R_Z8LQWkg9NepKDIt,138,69,4616.329999999993,143,70,4836.07,0.034965034965035,0.01449275362318847,0.04760058314722038
R_Z8cv50HCNZ5CvSN,25,13,202.35999999999996,25,13,202.35999999999999,0.0,0.0,2.220446049250313e-16
R_ZDCVBbGxqUyBjGh,96,42,803.8100000000003,98,43,853.07,0.020408163265306145,0.023809523809523725,0.06128313905027283
R_ZFhsRu6k5e3fX1v,366,143,6908.059999999981,372,145,6957.72,0.016129032258064502,0.013986013986013957,0.007188704209288632
R_ZI7koGyz1xd8QLv,76,49,2244.4499999999994,76,49,2244.45,0.0,0.0,2.220446049250313e-16
R_ZIBCd5K8oQRXdm1,312,192,7990.239999999978,323,195,8157.510000000002,0.034055727554179516,0.015625,0.020934289833600017
R_ZIsOywgVBw4idR7,109,77,2913.4599999999973,110,77,2927.18,0.009090909090909038,0.0,0.0047091774041869705
R_ZIuaiND875SbVPr,357,84,3343.599999999992,360,84,3367.84,0.008333333333333304,0.0,0.007249671013281445
R_Za6NwCg735Vw39n,352,266,10171.99999999996,356,268,10269.720000000003,0.011235955056179803,0.007518796992481258,0.009606763664966822
R_ZauRmxopn1S5Sud,272,133,7273.719999999976,275,133,7391.690000000002,0.010909090909090868,0.0,0.016218661152756386
R_ZeIqsLOkeyCl5uN,341,249,10575.10999999997,351,256,10848.1,0.028490028490028463,0.028112449799196693,0.02581438869194086
R_ZeZNk6GoDJUatUJ,204,99,4334.429999999987,210,100,4462.4400000000005,0.02857142857142858,0.010101010101010166,0.029533295035336637
R_ZegAOoGxHgKdVIZ,89,42,1800.160000000001,93,43,1843.6799999999998,0.043010752688172005,0.023809523809523725,0.024175628832991958
R_ZeqLnp8IZFNzHMt,239,162,5409.439999999978,247,165,5715.1100000000015,0.03238866396761131,0.0185185185185186,0.05650677334438048
R_ZfOmPhI6XuCcRUt,55,24,759.6800000000004,56,24,766.67,0.017857142857142905,0.0,0.00920124262847466
R_ZfxDd4JY8M1gR8J,1276,658,18195.279999999937,1299,666,18675.139999999996,0.01770592763664358,0.012158054711246091,0.026372773598431154
R_Zfz88Cq8vkGJGyB,12,10,612.1800000000001,12,10,612.1800000000001,0.0,0.0,0.0
R_ZgZ7S6BnNfcYbHH,6,6,208.5,6,6,208.5,0.0,0.0,0.0
R_ZjFHZnBMjWeAYdH,252,170,4081.0199999999886,255,172,4102.910000000001,0.0117647058823529,0.0117647058823529,0.005363855114655758
R_ZjHcCKtdPNl6gVP,2,1,183.95,2,1,183.95,0.0,0.0,0.0
R_ZkokwdIEZybYo9z,2467,708,43045.50000000018,2502,713,44166.79999999998,0.013988808952837717,0.007062146892655274,0.026049180518284087
R_Zkstf2bmFRQo2m5,293,188,11320.98999999997,305,192,11503.43,0.03934426229508192,0.02127659574468077,0.016115198405795894
R_Zl9dw9qtiaH47xn,153,102,3371.389999999995,165,110,3746.91,0.07272727272727275,0.07843137254901955,0.1113843251596538
R_ZlBK7nDoFklNS0x,30,26,577.1400000000001,31,27,1227.1299999999999,0.032258064516129004,0.03846153846153855,1.1262258724053082
R_ZlS0sW6ozCjoQlH,136,85,3221.5399999999936,138,86,3306.4300000000003,0.01449275362318836,0.0117647058823529,0.026350751503941172
R_ZluO0WXbB2tgciB,88,35,1234.3000000000004,88,35,1234.3,0.0,0.0,-3.3306690738754696e-16
R_Zn1yhaZTqrBfDmp,216,117,5418.359999999982,221,119,5481.59,0.022624434389140302,0.017094017094017033,0.011669582678156765
R_ZqMc2n2GUPEaXfz,291,198,3733.479999999991,299,203,3848.16,0.026755852842809347,0.025252525252525304,0.030716650417307534
R_Zta1XxxkHsDrVfz,85,53,2773.4599999999978,86,54,2842.6700000000005,0.011627906976744207,0.018867924528301883,0.02495438910242176
R_Zw0unpmWGOSsWEF,191,100,4357.799999999989,199,104,4480.09,0.04020100502512558,0.040000000000000036,0.028062325026392054
R_Zwn68Xfx8lenBER,718,382,27770.120000000108,741,387,29659.79999999999,0.031039136302294157,0.01308900523560208,0.06804723926291545
R_ZwuXRF5zwg9UUCt,45,28,967.0000000000002,45,28,967.0,0.0,0.0,-2.220446049250313e-16
R_ZynUIMrEe9VumxH,710,258,12585.489999999929,717,261,13085.37,0.009762900976290068,0.011627906976744207,0.039718755487476054
R_ZytLOQiQXCPkNWx,311,229,8352.099999999966,316,233,8671.6,0.015822784810126556,0.017467248908296984,0.03825385232456946
R_ZytPZbOx6EtswkV,264,131,7457.119999999979,271,132,7555.969999999999,0.02583025830258301,0.007633587786259444,0.013255787757206594
R_Zz495Ir7AjUbSCJ,352,158,6415.7799999999725,360,160,6683.1,0.022222222222222254,0.012658227848101333,0.04166601722628105
R_a3Q8UXAMXpamZB7,1448,347,22378.750000000207,1477,351,22793.32,0.019634394041976977,0.011527377521613813,0.018525163380429532
R_a3tDhXWQm43rsUF,179,118,4725.179999999988,183,120,4997.860000000001,0.021857923497267784,0.016949152542372836,0.05770785451559801
R_a60NWVgys86xns5,47,31,1053.7900000000002,49,33,2142.7799999999997,0.04081632653061229,0.06451612903225801,1.0334032397346715
R_a63UuDzyNOdlI2J,515,96,12521.339999999956,546,96,13170.98,0.0567765567765568,0.0,0.051882625980929076
R_aUWXNis4IbqlqDf,25,19,639.3500000000001,25,19,639.35,0.0,0.0,-2.220446049250313e-16
R_aVJqrvifyzC8qKR,41,15,826.4000000000002,41,15,826.4000000000001,0.0,0.0,-1.1102230246251565e-16
R_aVKYvNNMeqIDPsB,134,95,2466.6799999999967,137,97,2509.2900000000004,0.021897810218978075,0.021052631578947434,0.017274230950104608
R_aVslz4Q8yi9S6Cl,80,52,2492.2199999999984,81,53,2502.21,0.012345679012345734,0.019230769230769162,0.004008474372247051
R_aWxv9Pcd9PO2U4V,253,153,6837.699999999976,254,153,6845.6900000000005,0.003937007874015741,0.0,0.0011685215788970194
R_aXKdpMinM7xCmrv,536,43,2204.41,537,43,2214.3999999999996,0.0018621973929237035,0.0,0.004531824842021193
R_aXyCrbVYxzFwuzv,25,17,565.8300000000002,25,17,565.83,0.0,0.0,-2.220446049250313e-16
R_aYp7TYN8pNsU6lP,29,9,970.23,29,9,970.23,0.0,0.0,0.0
R_aaEBB25rxCxY7lv,281,92,7810.3599999999715,288,92,7927.990000000001,0.02430555555555558,0.0,0.015060765444874447
R_ab0QXkkUTrlg2KB,25,11,934.2500000000002,25,11,934.25,0.0,0.0,-2.220446049250313e-16
R_abKuATLfANudhTj,1048,565,19354.160000000084,1066,570,19574.21,0.016885553470919357,0.008849557522123908,0.01136964869567647
R_abf7RJn5xPCVb1v,437,197,17184.680000000004,446,202,17576.13,0.020179372197309364,0.025380710659898442,0.022779010141591005
R_abnab1EzH51Bkf7,267,113,7043.729999999979,274,113,7214.669999999999,0.025547445255474477,0.0,0.024268391888959462
R_afU6KRn89n5n9i9,799,349,21253.97000000008,823,355,22000.78,0.02916160388821387,0.017191977077363862,0.035137435500281367
R_afpraFNVxBHgh7X,83,47,2110.0100000000007,83,47,2110.01,0.0,0.0,-2.220446049250313e-16
R_afsmqQnUctcdeY9,146,83,4480.899999999988,147,83,4493.389999999999,0.006802721088435382,0.0,0.0027873864625436173
R_ag6T2MYYTL2eE1j,1261,561,33401.4200000004,1286,562,33933.17,0.019440124416796323,0.0017825311942958333,0.01591998184507104
R_b14mPI2m0e5yH9D,163,92,4186.489999999992,167,92,4241.0599999999995,0.0239520958083832,0.0,0.013034785703538665
R_b1xAy0S4LKUsnLz,183,125,6302.26999999999,187,126,6453.23,0.021390374331550777,0.008000000000000007,0.023953273979059775
R_b2EQBRt18YPHWbn,263,172,7058.67999999998,270,175,7521.280000000002,0.025925925925925908,0.01744186046511631,0.06553633257209879
R_b2GkGBSnh7BW6RP,128,89,2995.049999999997,134,92,3125.4199999999996,0.04477611940298509,0.03370786516853941,0.043528488672978094
R_b3NWnTBcFyWqXjH,358,263,11053.619999999975,363,265,11172.369999999999,0.01377410468319562,0.0076045627376426506,0.010743086880137254
R_b3dSUlk76L0C6TD,1473,568,31131.15000000026,1485,575,31587.079999999994,0.008080808080808133,0.012323943661971759,0.014645459611987599
R_b7z8AzmkKy3gNAl,212,140,7658.409999999977,216,144,7819.990000000002,0.01851851851851849,0.02857142857142847,0.021098374205615222
R_b8UnkZJoU93ZxEB,1930,689,39968.16000000009,1955,690,40719.71999999999,0.012787723785166238,0.0014513788098693414,0.018803967958492374
R_b8v7OwKdVZBCvrX,383,186,5885.689999999982,389,187,5975.450000000001,0.015424164524421635,0.005376344086021501,0.015250548363916261
R_b94CAnrDM9JIx4R,429,201,10191.729999999952,443,203,10637.199999999999,0.03160270880361171,0.00995024875621886,0.04370896795735835
R_bBIcZn0ySKqKq0F,100,55,6431.779999999993,102,55,6452.570000000001,0.019607843137254943,0.0,0.003232386679893784
R_bBf97e7ARwoovoR,260,180,5091.51999999998,264,182,5217.57,0.015151515151515138,0.011111111111111072,0.024756850606502567
R_bBg8ASGfEpux3hv,809,383,18471.91,816,385,18597.94,0.008578431372548989,0.005221932114882533,0.006822792012304069
R_bBgIkZfU6RwGLWF,377,197,8586.679999999966,389,205,8754.53,0.03084832904884316,0.04060913705583746,0.019547718093609667
R_bBmkGvilicOmYzD,9,6,884.9000000000001,9,6,884.9000000000001,0.0,0.0,0.0
R_bBq5KArp9QA6oo1,33,25,1266.19,33,25,1266.1899999999998,0.0,0.0,-2.220446049250313e-16
R_bDEl7Y9wLiPfSTv,100,56,3592.039999999995,102,57,3697.129999999999,0.019607843137254943,0.017857142857142794,0.02925635571987062
R_bE1vvb6qxbnnhUl,3,3,49.97,3,3,49.97,0.0,0.0,0.0
R_bEM9MySQ9bTLMc1,264,157,8188.48999999998,271,161,8351.789999999999,0.02583025830258301,0.02547770700636942,0.01994262678467207
R_bHPddsX5H49vNL3,101,44,1324.7700000000004,101,44,1324.77,0.0,0.0,-3.3306690738754696e-16
R_bIXnQr8Fm57EAGR,205,72,2897.629999999997,205,72,2897.63,0.0,0.0,1.1102230246251565e-15
R_bJI8lmXMZWL6oql,2699,816,36674.26000000046,2738,823,37236.569999999985,0.01424397370343311,0.008578431372548989,0.015332552040573377
R_bJbNhR1I5NnLKb7,808,425,15931.789999999955,825,428,16308.0,0.020606060606060628,0.007058823529411784,0.023613793553646234
R_bK5PUvc46zAxoQN,253,126,6411.439999999982,263,128,6640.8,0.03802281368821292,0.015873015873015817,0.03577355477084998
R_bKJcIltPwncL9uN,365,108,10674.77999999997,373,109,10781.559999999998,0.02144772117962468,0.0092592592592593,0.01000301645561108
R_bKkzeRcxJTprXkB,6,6,515.77,6,6,515.77,0.0,0.0,0.0
R_bKt9Z4amoZXnAaJ,367,166,9033.459999999975,377,168,9936.030000000002,0.02652519893899208,0.012048192771084265,0.09991409714550459
R_bNLECaaqFJyVsNX,246,74,2218.640000000001,247,75,2274.4400000000005,0.004048582995951455,0.013513513513513598,0.025150542674791554
R_bNlGrSwYPEMjfWh,541,322,13291.399999999949,556,328,14210.760000000002,0.026978417266187105,0.01863354037267073,0.06916953819763583
R_bNnd3UmePmOGvWF,362,163,5741.029999999977,366,163,5778.95,0.010928961748633892,0.0,0.006605086543707728
R_bObh6xg5bURfzwt,307,89,5622.549999999979,314,89,5924.38,0.022292993630573243,0.0,0.05368204818098943
R_bOsm0ntz3dHtHXz,152,73,6409.679999999988,160,74,6607.05,0.050000000000000044,0.013698630136986356,0.030792488860600375
R_bPXVVzzUFNDkEc9,30,9,590.2500000000001,31,9,830.2400000000001,0.032258064516129004,0.0,0.4065904277848369
R_bPptIhTNoGD8H1D,160,75,4124.499999999992,166,75,4338.620000000001,0.03614457831325302,0.0,0.05191417141471932
R_bPzwAFdlVaA87Vn,340,143,7322.859999999971,353,144,7801.85,0.03682719546742208,0.006993006993007089,0.06541023589144568
R_ba73EoTEt4UBcWJ,62,20,1727.7800000000002,63,20,1749.77,0.015873015873015928,0.0,0.01272731482017364
R_babH9jrfPOAMoi5,210,79,10203.199999999984,214,79,10326.96,0.01869158878504673,0.0,0.012129527991219913
R_bdUj1u3aVonqb61,417,161,9835.63999999996,419,162,9848.02,0.004773269689737458,0.006211180124223503,0.0012586877925626627
R_bdsqSI9qvaD0FEZ,11,8,175.05,11,8,175.05,0.0,0.0,0.0
R_bdw1ARGSVErDIWd,272,225,6250.509999999979,277,229,6733.130000000001,0.018050541516245522,0.01777777777777767,0.07721289942741039
R_beFwerGcbqawgBH,295,165,5487.639999999981,300,165,5546.550000000001,0.01666666666666672,0.0,0.010735033639236446
R_bf37vgAtSoPc5rj,637,308,16215.579999999947,650,314,16649.429999999997,0.020000000000000018,0.01948051948051943,0.026755133026388878
R_bkAu6XeIT0wOxs5,341,150,9172.669999999976,348,153,9588.68,0.02011494252873558,0.020000000000000018,0.045353206863435025
R_bkHRi9YgD6jBOMh,167,123,3918.249999999988,170,124,3966.52,0.01764705882352946,0.008130081300812941,0.012319275186629675
R_bkquoGQp5VhpihP,582,263,21016.330000000075,598,267,22798.690000000002,0.026755852842809347,0.015209125475285079,0.08480833713592828
R_blmQEhOrCwpqG4x,326,148,7257.639999999985,338,149,7430.890000000001,0.035502958579881616,0.006756756756756799,0.023871396211442963
R_bm9tqlI0FEOQFFL,783,136,8302.129999999957,786,137,8389.449999999999,0.003816793893129722,0.007352941176470562,0.010517782785868457
R_bqJTh7OR8fc8Vah,151,99,2284.34,155,99,2793.3099999999995,0.02580645161290318,0.0,0.22280833851353088
R_bqJcUVIGITLsNeF,66,31,1178.1800000000003,66,31,1178.1799999999998,0.0,0.0,-3.3306690738754696e-16
R_br5a8OxAqrKRxQd,597,303,10005.25999999994,610,305,10276.430000000002,0.021311475409836023,0.0066006600660066805,0.027102743956685105
R_brZ54fPuiQjRWRX,1161,128,16110.69999999997,1179,128,16485.29,0.01526717557251911,0.0,0.023251007094665876
R_brpW12H2OkHT1iF,204,114,4528.079999999988,209,114,4633.42,0.02392344497607657,0.0,0.023263723255775526
R_bsaSvkeG5k4XMzv,440,182,8618.809999999958,451,183,8990.890000000001,0.024390243902439046,0.005494505494505475,0.04317069293789344
R_bvB6935ZyXpoL5v,235,136,6023.299999999979,243,142,6208.54,0.03292181069958844,0.044117647058823595,0.030753905666332626
R_bvaM7i1LSTXVLMt,304,74,3336.669999999991,309,75,3449.58,0.016181229773462813,0.013513513513513598,0.03383912703384184
R_bvclHP5uOzCHgFH,119,83,3960.459999999995,119,83,3960.46,0.0,0.0,1.3322676295501878e-15
R_bw0aiMNPkLYwG1X,85,26,1331.4200000000003,89,26,1381.3,0.0449438202247191,0.0,0.03746376049631195
R_bw2nQ0iRh2wCa8p,556,313,21024.980000000007,575,319,21717.489999999998,0.03304347826086962,0.019169329073482455,0.03293748674196073
R_cAMloFKJSOzCpm9,1296,298,24638.470000000172,1307,298,24852.7,0.008416220351950998,0.0,0.008694939255555534
R_cAcAtozIWnZIbGp,1346,504,25459.31000000027,1364,506,25921.359999999993,0.01319648093841641,0.003968253968253954,0.018148567262809445
R_cBHNm1kpSiUUDGV,280,172,14730.709999999975,283,174,14866.69,0.010600706713780883,0.011627906976744207,0.009231055393801535
R_cBcMo7c8BGeWv85,58,29,1383.5200000000002,59,29,1404.5100000000002,0.016949152542372836,0.0,0.015171446744535633
R_cCGfYUO37TTNHiN,3,3,89.98,3,3,89.98,0.0,0.0,0.0
R_cCM0aRqFsOZWpIR,53,39,1385.98,54,39,1477.9700000000003,0.01851851851851849,0.0,0.0663718091170149
R_cCucjmijTJETC6d,1074,405,27701.170000000253,1104,412,28710.95,0.02717391304347827,0.01728395061728394,0.03645261192937843
R_cD8Z9sFkKWQbxfP,269,68,7139.9899999999725,278,69,7319.889999999999,0.03237410071942448,0.014705882352941124,0.02519611372005115
R_cFGXaASTEfVOcMh,122,71,5510.599999999993,126,72,5576.7300000000005,0.031746031746031744,0.014084507042253502,0.012000508111640773
R_cGwQbPAEzHdce1X,620,99,8890.269999999982,623,99,8969.57,0.0048154093097912964,0.0,0.00891986407612122
R_cHesjuc4lBb9xcd,361,174,8207.549999999965,374,179,9361.25,0.03475935828877008,0.028735632183908066,0.14056569865551105
R_cIudxwAvVxJzhkd,29,27,707.88,29,27,707.88,0.0,0.0,0.0
R_cIwNJ279rBlYgG5,2,1,32.98,3,2,62.97,0.33333333333333337,1.0,0.9093389933292906
R_cJcZj3WyXgVXH5D,143,102,4367.27999999999,149,105,4512.07,0.04026845637583898,0.02941176470588225,0.0331533586122279
R_cLPTz6661LtyaWJ,54,38,1315.3100000000002,55,39,1335.3,0.018181818181818188,0.026315789473684292,0.015197938128653998
R_cMxn243TpGjgbWp,2202,654,40127.58000000044,2245,656,41697.77999999999,0.019153674832962153,0.003058103975535076,0.03913019424544251
R_cNrjVWvNLUa6lep,430,287,13439.759999999964,440,288,14125.89,0.022727272727272707,0.0034843205574912606,0.0510522509330551
R_cOaIgEou3Y2RLcB,315,136,7316.039999999977,328,143,7874.15,0.03963414634146345,0.05147058823529416,0.07628580488898695
R_cOwWaFVwxP73UXv,58,27,1673.5800000000008,59,28,1683.5700000000002,0.016949152542372836,0.03703703703703698,0.005969239594163067
R_cRXd8L1JLLMWpzj,183,96,2809.939999999994,185,97,2842.1400000000003,0.010810810810810811,0.01041666666666674,0.011459319416075253
R_cSYS6Hd74hMsYFz,38,20,797.53,39,20,819.5099999999999,0.02564102564102566,0.0,0.027560091783381147
R_cSfEupPDljGLbUZ,505,258,9110.539999999944,514,262,9244.140000000001,0.017509727626459193,0.015503875968992276,0.01466433383751764
R_cShLepO1fPFrHSF,378,87,9244.429999999971,394,91,9983.460000000001,0.040609137055837574,0.04597701149425282,0.07994327394983047
R_cTsYdhlipvqvNQt,64,43,1094.62,64,43,1094.62,0.0,0.0,0.0
R_cVbq9lQkBclFudr,201,104,3841.83999999999,207,106,3947.3700000000003,0.02898550724637683,0.019230769230769162,0.027468608791623383
R_cYYWxKOcONijB4d,273,207,8613.479999999974,280,212,9011.12,0.025000000000000022,0.024154589371980784,0.04616484858617276
R_cYncRVzlYD4BOsV,77,38,2742.489999999998,78,38,2748.48,0.012820512820512775,0.0,0.002184146523780184
R_cZ53Ayfo9vbj7EZ,1601,765,40665.32000000019,1667,778,42760.44999999997,0.039592081583683214,0.01699346405228752,0.05152129627898594
R_cZ5YGfieX9T6Ap3,49,34,1232.6800000000003,51,34,1252.2500000000002,0.039215686274509776,0.0,0.015875977544861586
R_ctNHcxd3vRvndXH,296,165,7899.879999999976,304,167,7994.65,0.02631578947368418,0.0121212121212122,0.011996384755214473
R_cucdDIXhmDRBfZT,1772,650,72426.39999999982,1812,654,74661.09,0.02207505518763797,0.006153846153846176,0.030854633117208374
R_cx0iZtX2yCRLnmV,209,71,3860.689999999992,216,73,3958.21,0.03240740740740744,0.028169014084507005,0.02525973336372722
R_czHyAR1xMvT2FbP,209,143,5193.709999999989,212,146,5261.08,0.014150943396226467,0.020979020979021046,0.01297145970799507
R_d5O7dqvA1EWCrPb,471,342,11012.279999999964,481,348,11256.920000000002,0.02079002079002079,0.01754385964912286,0.02221519975881825
R_d6g64DLPzqmstvb,436,75,3843.8099999999936,438,76,3871.7300000000005,0.004566210045662156,0.01333333333333342,0.007263626453962946
R_d9Uxvmk8nrY8YYF,262,102,5434.7399999999725,273,102,5667.29,0.04029304029304026,0.0,0.04278953546996345
R_dbSABCSEfLdFkfD,27,22,633.7400000000001,28,22,655.1700000000001,0.0357142857142857,0.0,0.03381512923280838
R_dhbVD5HuTHco9Jn,681,257,16285.049999999932,695,260,16725.120000000003,0.020143884892086295,0.011673151750972721,0.02702294435694541
R_dmOnzV702vMmeXf,77,41,1464.4900000000011,77,41,1464.49,0.0,0.0,-7.771561172376096e-16
R_dnb5fN79bJTa6Up,126,68,2342.979999999999,129,68,2381.58,0.023255813953488413,0.0,0.016474745836499105
R_do4VI0ULWmDNmgx,57,25,2156.9300000000003,60,25,2254.8,0.050000000000000044,0.0,0.04537467604419243
R_e2Uc5XhuPCxIPND,317,123,7124.799999999968,323,123,7230.220000000002,0.018575851393188847,0.0,0.014796204805753721
R_e2qhNg35rxB1Pyh,25,15,1567.5100000000011,25,15,1567.5100000000002,0.0,0.0,-5.551115123125783e-16
R_e387De1jF0gN2OB,912,385,16433.819999999905,941,391,17046.760000000002,0.03081827842720508,0.01558441558441559,0.03729747557172347
R_e3TEXVg63aHzUHv,122,69,2934.8499999999963,126,71,3024.0200000000004,0.031746031746031744,0.02898550724637672,0.03038315416460957
R_e5L3oLr6WJ2KniV,693,264,13467.669999999942,700,265,13843.93,0.010000000000000009,0.0037878787878788955,0.027938017489295586
R_e5ns6UcJiCdftyV,41,27,1117.65,43,28,1140.9299999999998,0.046511627906976716,0.03703703703703698,0.020829418869950045
R_e5wjT12SRFbn7Gx,138,79,3961.539999999992,141,80,4061.51,0.021276595744680882,0.012658227848101333,0.02523513583101744
R_e8KTElZZLWryLWp,2227,696,30837.680000000873,2276,703,32048.37999999999,0.02152899824253074,0.010057471264367734,0.039260411289016695
R_e8LdNnD8Up25mSZ,82,48,1408.210000000001,85,51,1466.1399999999999,0.03529411764705881,0.0625,0.041137330369759306
R_e8QiCYlt9QZgAKZ,262,158,10080.909999999967,267,160,10224.2,0.01872659176029967,0.012658227848101333,0.014213994569937993
R_e9R9UbMC95GBlp7,27,24,283.71000000000004,27,24,283.71000000000004,0.0,0.0,0.0
R_eINXJtKQApvNwIh,168,108,3537.5399999999895,179,116,3696.28,0.06145251396648044,0.07407407407407418,0.04487299083544238
R_eJOowyeZRgy7nTH,6,3,41.61,6,3,41.61,0.0,0.0,0.0
R_eKDVFF8elQR7S7v,821,325,15064.999999999953,837,330,15733.95,0.019115890083632014,0.01538461538461533,0.04440424825755396
R_eKaCJneWXtESodb,44,35,2146.5299999999997,45,36,2496.5200000000004,0.022222222222222254,0.02857142857142847,0.16304920033728898
R_eKc2gy2WRQmRj7b,41,31,1245.5600000000004,43,32,1275.44,0.046511627906976716,0.032258064516129004,0.023989209672757417
R_eKixM1seVDdrhN7,263,173,3089.6299999999887,263,173,3089.63,0.0,0.0,3.774758283725532e-15
R_eOMCliqYqUD4oOR,899,362,20047.90000000009,919,364,20607.03,0.021762785636561532,0.005524861878453136,0.027889704158535755
R_ePZgjttlwJ4W7p7,206,34,1870.19,206,34,1870.19,0.0,0.0,0.0
R_eQBX3imYMyyeDD3,169,104,3784.0199999999904,172,105,3950.04,0.01744186046511631,0.009615384615384581,0.04387397529611636
R_eRQiqJle8plejqF,22,8,542.1500000000001,22,8,542.1500000000001,0.0,0.0,0.0
R_eULFiYnrl7dZMkx,209,117,3230.1399999999967,209,117,3230.14,0.0,0.0,8.881784197001252e-16
R_eVzCaj6FUPlCaWd,89,48,1793.490000000001,91,48,1896.4699999999998,0.02197802197802201,0.0,0.05741877568316456
R_ebblotCCh8G6Ddf,347,181,7114.229999999965,360,185,7259.550000000001,0.036111111111111094,0.022099447513812098,0.02042666599196785
R_eg0ycbZcHEfhBAd,420,278,16921.499999999993,427,281,17330.73,0.016393442622950838,0.010791366906474753,0.02418402623880911
R_eg7qhb52HQp17zz,161,29,1102.3100000000006,162,30,1401.31,0.006172839506172867,0.034482758620689724,0.27124855984251184
R_egkpr19CU4Xy9C9,407,264,9002.459999999965,418,270,10508.730000000001,0.02631578947368418,0.022727272727272707,0.1673175998560441
R_ekvp23KJMuNQtMZ,115,96,1483.0400000000004,116,97,1494.9899999999998,0.008620689655172376,0.01041666666666674,0.008057773222569509
R_elI733GpRi0df0J,243,105,10329.489999999978,246,105,10491.230000000003,0.012195121951219523,0.0,0.01565808186077189
R_emksH6nlvPWgMA9,22,19,503.52,22,19,503.52,0.0,0.0,0.0
R_enB3VWCbxNqMOwV,675,354,15991.10999999994,682,356,16132.600000000002,0.01026392961876832,0.005649717514124353,0.008848041192891731
R_eqDS7aMRkpql6Br,138,82,5201.2799999999925,139,83,5232.43,0.007194244604316502,0.012195121951219523,0.005988910422051408
R_eqHpZiBWKCJATtL,51,33,892.8000000000001,52,33,906.79,0.019230769230769273,0.0,0.015669802867383398
R_eqVPFWs6xsOSTeh,108,61,11053.189999999984,108,61,11053.19,0.0,0.0,1.5543122344752192e-15
R_esn1Sxhd32mrsTT,41,18,892.3300000000002,41,18,892.3299999999999,0.0,0.0,-2.220446049250313e-16
R_esxdPAM8ijyQQp3,434,257,8921.729999999963,439,259,9007.45,0.011389521640091105,0.0077821011673151474,0.009608002035483842
R_etgq3mVPgoz8CyZ,261,172,7513.799999999981,271,177,7887.260000000001,0.03690036900369009,0.029069767441860517,0.049703212755199955
R_eth9yMZrzStQnTz,342,141,5311.379999999979,352,143,5399.75,0.02840909090909094,0.014184397163120588,0.016637860593672782
R_ewYITD6s7d1M8Qp,146,101,2745.019999999995,149,102,2782.9100000000003,0.020134228187919434,0.00990099009900991,0.013803178118922732
R_exJNsZZCWDFLoCR,54,41,1465.3300000000004,54,41,1465.3300000000002,0.0,0.0,-1.1102230246251565e-16
R_exOdJ7Ei3TWwP4Z,25,19,829.9500000000002,27,20,970.3000000000001,0.07407407407407407,0.05263157894736836,0.16910657268510132
R_exnLc1H6oypi9vr,138,62,1286.9700000000007,142,63,1352.2099999999998,0.028169014084507005,0.016129032258064502,0.05069271233983619
R_exrOcCHhCSlzTG1,111,45,3070.1199999999953,112,45,3081.1,0.008928571428571397,0.0,0.0035764074368442866
R_eyPaNpEViezNJZv,17,13,401.24,18,14,621.23,0.05555555555555558,0.07692307692307687,0.5482753464260792
R_eyQl26Pq4cq0Xmx,724,253,19726.20000000006,738,256,20321.27,0.01897018970189701,0.011857707509881354,0.030166479098860277
R_ezZICFk4bkpMoQV,432,269,10930.479999999963,438,272,11050.98,0.013698630136986356,0.011152416356877248,0.011024218515567119
R_oXXMCzlv3CXrCiR,4,3,65.46000000000001,5,4,94.4,0.19999999999999996,0.33333333333333326,0.4421020470516346
R_oYyo92iP0fBVAfD,609,327,11625.889999999948,628,331,11986.160000000002,0.030254777070063743,0.012232415902140747,0.03098859528174236
R_oZuGgEN8EvLjcZj,137,60,4199.89999999999,141,60,4360.57,0.028368794326241176,0.0,0.03825567275411568
R_p5j1hNZ9iQsHJ3H,160,102,6514.609999999988,162,102,7336.539999999999,0.012345679012345734,0.0,0.12616718422131368
R_p9LWfvz97wD5ijn,47,37,5586.239999999995,52,39,6927.53,0.09615384615384615,0.054054054054053946,0.24010604628515875
R_pDvN5mXVu1pmtSV,141,57,2324.389999999999,141,57,2324.39,0.0,0.0,4.440892098500626e-16
R_pFqYdytA0jrgmOZ,6,5,65.92,8,6,832.9100000000001,0.25,0.19999999999999996,11.635163834951458
R_pGDKh38nCQ4KsMx,209,105,4315.109999999984,211,105,4331.09,0.009478672985781977,0.0,0.0037032659654137046
R_pGHKffvC4zrBtAJ,156,83,3411.2399999999925,156,83,3411.2400000000002,0.0,0.0,2.220446049250313e-15
R_pGUKBraASPz0xb3,634,368,16506.04999999995,656,376,17162.899999999994,0.03353658536585369,0.021739130434782705,0.03979449959257653
R_pH4ZvVad3UKYN21,37,18,1120.4300000000003,37,18,1120.43,0.0,0.0,-2.220446049250313e-16
R_pKvFMcaRlsNAQ6d,93,66,1652.4000000000003,94,66,1663.28,0.010638297872340385,0.0,0.006584362139917532
R_pLf43RXMb10hDUZ,305,130,11534.259999999971,312,131,12647.88,0.022435897435897467,0.007692307692307665,0.09654889000248223
R_pLg97YEPEKoHdCN,73,27,819.9300000000004,74,28,823.9200000000001,0.013513513513513487,0.03703703703703698,0.004866269071749585
R_pLhmQWI5uIPk95n,68,30,1614.2800000000004,71,30,2039.2400000000002,0.04225352112676062,0.0,0.26325048938226314
R_pM2zj7XA5ai0mgF,187,97,5844.159999999985,188,98,5861.15,0.005319148936170248,0.010309278350515427,0.0029071757104552898
R_pMnqpu31myYoxy1,2208,721,47109.5999999997,2255,726,48652.74999999998,0.020842572062084286,0.006934812760055475,0.03275659313601231
R_pQ5WCpdXnjkypcB,95,65,3625.4399999999946,98,67,3728.9000000000005,0.030612244897959218,0.03076923076923066,0.02853722582638407
R_pQ5e1JfjUv0WAxz,346,195,10359.289999999972,353,196,10467.71,0.019830028328611915,0.00512820512820511,0.010465968227554967
R_pRWnSKTREPIwpSF,1575,751,35287.4700000003,1608,762,36349.529999999984,0.020522388059701524,0.01464713715046595,0.03009736883941172
R_pSqKYKXibjE1auZ,116,40,3893.469999999993,118,40,4263.4400000000005,0.016949152542372836,0.0,0.09502320552104115
R_pc0Q3tj9XIJGlwJ,162,94,3148.3299999999936,163,94,3154.3199999999997,0.006134969325153339,0.0,0.001902595979457633
R_pcLKzqCXX1JsGUV,295,174,10657.53999999997,301,175,10996.429999999998,0.019933554817275767,0.005747126436781658,0.03179814478763676
R_phoOTxhiHcWo7lL,1027,216,8014.839999999935,1043,218,8203.79,0.015340364333652934,0.0092592592592593,0.023575018340985965
R_pi3pJtwL9OBHz21,5,4,217.09999999999997,6,4,223.59,0.16666666666666663,0.0,0.0298940580377709
R_plnyqyltsGtao9P,486,265,13277.849999999951,501,271,14147.250000000004,0.029940119760479056,0.02264150943396226,0.0654774681141943
R_plp4APP7ieUnHfH,575,320,11461.739999999938,583,322,11663.030000000002,0.013722126929674117,0.006250000000000089,0.017561905958437762
R_plp7Atc3v80dkdP,497,128,12343.57999999994,506,130,12682.340000000002,0.017786561264822143,0.015625,0.02744422606732111
R_pmG3rFtBsPNFHc5,652,395,12584.319999999916,666,402,13448.35,0.02102102102102099,0.017721518987341867,0.06865925214871282
R_poAMNEGUrLMuPQJ,810,389,19225.21000000005,830,397,20016.260000000002,0.02409638554216864,0.020565552699228773,0.0411464946286646
R_prQTemxJzwhBapz,108,61,2572.6299999999987,112,63,2671.97,0.0357142857142857,0.032786885245901676,0.03861418081885115
R_pshekUBx7f5kZTH,138,38,1919.9500000000016,141,38,1986.9100000000003,0.021276595744680882,0.0,0.034875908226776
R_pt4H0TOHq5NIXap,41,19,916.49,42,19,929.48,0.023809523809523836,0.0,0.014173640738033066
R_ptIjtL7ul8DEU4V,262,174,11331.17999999998,268,177,11601.4,0.02238805970149249,0.01724137931034475,0.023847472196189656
R_ptrkceh01j7A2pX,122,75,2960.279999999998,127,77,3097.3,0.03937007874015752,0.026666666666666616,0.0462861621198003
R_pu8AnyDEBbLBUoF,513,184,9910.889999999968,538,190,10709.67,0.04646840148698883,0.032608695652173836,0.08059619267291174
R_puS9dcuNnDHSZ8Z,748,385,19655.450000000073,767,388,20036.739999999998,0.024771838331160367,0.007792207792207684,0.01939869094830815
R_pxy1aQ4R5kzYGdz,79,26,1134.2600000000004,82,27,1302.52,0.03658536585365857,0.03846153846153855,0.14834341332675005
R_pxyOtqcy55m6hih,269,163,6724.089999999971,276,165,7003.6,0.025362318840579712,0.012269938650306678,0.04156845015459787
R_pzMCRYrC0qiSwIF,462,287,8552.569999999963,472,289,9667.01,0.021186440677966156,0.006968641114982521,0.13030469203994133
R_pzT5qBrU6gVULTz,526,170,14920.619999999948,535,171,15334.06,0.016822429906542036,0.00588235294117645,0.027709304305052473
R_pzamSNe0bMqAYhP,366,98,12168.15999999996,379,102,12685.210000000001,0.03430079155672827,0.04081632653061229,0.04249204481203761
R_pzuVnS8IxMq6uhX,276,111,4828.869999999984,283,112,4921.98,0.02473498233215543,0.009009009009008917,0.019281943808803215
R_qC2MsIEGH8zcEKJ,538,132,10048.439999999957,552,132,10345.53,0.025362318840579712,0.0,0.02956578334547899
R_qDgNxS4B7sCvF2V,117,64,2111.490000000001,122,66,3173.3399999999997,0.040983606557377095,0.03125,0.5028913231888372
R_qE3fPAGt0j3s93P,1404,590,25117.35000000021,1444,596,26112.899999999994,0.027700831024930705,0.01016949152542379,0.0396359488560607
R_qEdJpjPlNZ49mFz,178,108,5968.359999999982,184,113,6084.179999999999,0.03260869565217395,0.04629629629629628,0.01940566587806658
R_qElbHZQ0UdIH4DT,107,33,2217.9299999999994,108,33,2247.8799999999997,0.0092592592592593,0.0,0.013503582168959527
R_qI2JElIT0DuYQ0h,23,17,711.5500000000002,24,18,758.5400000000001,0.04166666666666663,0.05882352941176472,0.06603892909844689
R_qIPpNc91VzN4uIh,18,12,257.0,19,13,291.99,0.052631578947368474,0.08333333333333326,0.13614785992217904
R_qIW9qR6SR6Mboch,739,427,10787.069999999958,746,428,10918.330000000002,0.009383378016085797,0.0023419203747072626,0.012168271829147814
R_qIwuFobtAI9rW3D,234,132,6553.5499999999965,235,132,6588.540000000001,0.004255319148936176,0.0,0.005339091027001253
R_qLwbCgz580doM4V,1205,374,28878.22000000019,1231,375,29385.81,0.021121039805036546,0.002673796791443861,0.01757691436659914
R_qPjy2muw6qEj8dj,110,46,2642.5899999999965,115,49,2911.45,0.04347826086956519,0.0652173913043479,0.10174109491067607
R_qQvcrZuPmmWzmXn,343,119,6092.609999999976,352,124,6225.72,0.025568181818181768,0.04201680672268915,0.021847779523065602
R_qR5SJt8EUhif77H,47,26,1883.8400000000004,48,27,1905.7900000000002,0.02083333333333337,0.03846153846153855,0.011651732631221323
R_qVmfD0CvI4DM1vb,11,7,397.94,11,7,397.94,0.0,0.0,0.0
R_qWtvZqcqKDFEeul,66,49,1455.84,67,49,1473.8100000000002,0.014925373134328401,0.0,0.01234338938344881
R_qXB7FDC38PqHgIN,396,254,9075.419999999964,401,255,9162.930000000002,0.012468827930174564,0.003937007874015741,0.009642528940813522
R_qXDaCjFmNq4ukZr,345,55,3489.079999999981,348,55,3522.6500000000005,0.008620689655172376,0.0,0.009621447487595525
R_qXGZCLAtwPxVcAN,858,348,12312.159999999916,873,355,12631.61,0.01718213058419249,0.02011494252873569,0.025945894140434023
R_qXgxQiVknz2MJfH,17,11,649.0,17,11,649.0,0.0,0.0,0.0
R_qw6Em8iJ2tIPyuJ,18,10,340.6700000000001,18,10,340.66999999999996,0.0,0.0,-3.3306690738754696e-16
R_qxTrp3qz2YCQAnv,291,218,5989.049999999973,296,220,6061.430000000001,0.016891891891891886,0.00917431192660545,0.012085389168570826
R_qxYfYpT6Mf2FhKx,397,201,9149.999999999962,404,203,9392.87,0.017326732673267342,0.00995024875621886,0.026543169398911548
R_qxvTDbUnkvlzstP,516,340,11770.649999999963,518,341,11799.38,0.0038610038610038533,0.002941176470588225,0.0024408167773262157
R_qzuA5lK6SGDFQWZ,17,10,815.48,18,10,823.24,0.05555555555555558,0.0,0.009515867955069313
R_r09FKPIrjzYQ8KZ,273,124,5126.759999999986,277,127,5283.460000000001,0.014440433212996373,0.024193548387096753,0.030565113248916642
R_r1oTDkv1OlGnNuN,781,518,22985.590000000164,798,524,23471.869999999995,0.02130325814536338,0.01158301158301156,0.021155863303914613
R_r1qqClBL89aFjXP,278,152,8311.54999999998,283,153,8433.81,0.017667844522968212,0.006578947368421018,0.014709651027789095
R_r2OSYq6uAQy1D5n,224,62,5523.779999999983,230,63,5676.05,0.02608695652173909,0.016129032258064502,0.027566268026608
R_r3IM83Ecq7eY7QJ,2500,458,45312.16000000016,2556,462,47487.429999999986,0.021909233176838794,0.008733624454148492,0.048006318833615946
R_r6YrGyIF2JjFuYV,83,32,4054.329999999996,84,32,4121.33,0.011904761904761862,0.0,0.016525541828120494
R_r7JseW5aEDhPozf,93,37,1915.3300000000008,93,37,1915.33,0.0,0.0,-4.440892098500626e-16
R_r8bknLPESgdVNG9,228,162,5341.439999999982,231,164,5530.410000000001,0.012987012987012991,0.012345679012345734,0.03537810028756638
R_r8bySj6DKRtE5Lr,803,391,21870.950000000048,809,394,22075.67,0.007416563658838027,0.007672634271099765,0.009360361575512233
R_rcId0AtM417vPGN,783,254,20376.670000000056,804,255,20735.02,0.026119402985074647,0.003937007874015741,0.017586288633027136
R_rdwe8WeV8XZm5G1,158,112,2812.0599999999954,159,113,2819.05,0.0062893081761006275,0.008928571428571397,0.002485722210765262
R_reG3llJtTwO6ccV,434,148,9512.689999999957,443,151,9723.6,0.020316027088036148,0.020270270270270174,0.022171436260410404
R_rebkhfXLvZ2nHQR,372,139,5823.359999999964,381,140,6240.72,0.023622047244094446,0.007194244604316502,0.07166996373228485
R_riQY5HjVoMrpJGV,91,71,2202.889999999999,91,71,2202.8900000000003,0.0,0.0,6.661338147750939e-16
R_rj17Eozj9PIBqlb,127,100,2797.429999999997,127,100,2797.4300000000003,0.0,0.0,1.1102230246251565e-15
R_rkzUaKttDvAbNmx,914,263,11509.08999999994,918,265,11644.65,0.004357298474945481,0.0076045627376426506,0.011778515938276612
R_rlHGmaf05gJCiKR,689,130,6149.359999999965,691,131,6205.34,0.0028943560057886897,0.007692307692307665,0.009103386368668476
R_rlhJHhoZKaGni6t,396,254,8507.52999999996,412,257,8770.480000000001,0.03883495145631066,0.011811023622047223,0.030907913342655524
R_ros1MKDgWpj7cFb,28,4,711.08,29,4,721.07,0.03448275862068961,0.0,0.014049052146031471
R_rpRwL6RsvWNdFUB,90,34,2173.74,90,34,2173.74,0.0,0.0,0.0
R_rqK6K6zDsynoZHP,516,240,13717.819999999958,522,241,13934.600000000004,0.011494252873563204,0.004166666666666652,0.015802802486112766
R_rqYLYukRihPwUmZ,170,111,3215.6199999999926,172,111,3295.6,0.011627906976744207,0.0,0.024872341881194693
R_rqgyZQDq7N60i9b,250,93,6753.039999999975,256,93,6860.96,0.0234375,0.0,0.01598095080142059
R_rrUXqPVNdXo3jPj,304,138,7092.279999999972,310,141,7270.27,0.01935483870967747,0.021739130434782705,0.025096301894458328
R_rrtchX36usn87xT,178,96,5192.449999999988,186,99,6029.27,0.043010752688172005,0.03125,0.16116091633044416
R_s4I8huB9BOcWI5H,266,152,6895.75999999998,275,155,7064.6,0.032727272727272716,0.019736842105263053,0.02448461083332676
R_s5P0Odz2rAfEu0p,196,125,3604.069999999997,202,130,3674.250000000001,0.02970297029702973,0.040000000000000036,0.01947242978077668
R_s5cDQlDMEVbEmsh,93,48,1749.0500000000009,95,48,1776.03,0.021052631578947323,0.0,0.01542551670907022
R_s6BUJFPzFF8fk2d,672,356,16471.619999999948,686,359,16804.04,0.020408163265306145,0.008426966292134797,0.02018137863792724
R_s6TN3nbqPTLInzX,143,84,4003.519999999991,149,86,4157.07,0.04026845637583898,0.023809523809523725,0.038353748701145385
R_sBuvqgoSbJ1GdXz,216,115,3869.6199999999862,217,115,3897.6100000000006,0.004608294930875556,0.0,0.00723326838294569
R_sCongk0nWsTbiM1,366,191,10715.619999999975,370,193,10765.93,0.010810810810810811,0.010471204188481575,0.004695015314095219
R_sF1pGMNxEpYFxO9,227,109,7665.4799999999805,232,110,7812.8200000000015,0.02155172413793105,0.00917431192660545,0.019221235982615825
R_sFNlPttlD6Fp09b,209,113,3469.5299999999907,213,115,3567.0099999999998,0.018779342723004744,0.017699115044247815,0.028096024533585062
R_sGPMme1ysKoSCfT,58,43,2671.419999999999,60,43,2812.62,0.033333333333333326,0.0,0.05285578456401496
R_sGohXmtT8TjLibT,1137,520,26708.190000000257,1152,524,27354.229999999996,0.01302083333333337,0.007692307692307665,0.02418883496035229
R_sGsB8wYLpu9i8ut,38,27,2760.999999999999,38,27,2761.0,0.0,0.0,2.220446049250313e-16
R_sH8W9PyBq2swyLn,379,202,8183.959999999967,391,206,9020.54,0.03069053708439895,0.01980198019801982,0.10222190724295288
R_sL3ziBSWCD3aQ93,163,88,11228.629999999994,171,90,11384.31,0.04678362573099415,0.022727272727272707,0.013864558721768061
R_sLn4GQizfjyzwWd,61,47,1810.3800000000008,61,47,1810.3799999999999,0.0,0.0,-5.551115123125783e-16
R_sM3qX7I1tHzvU09,748,271,15582.159999999943,768,274,16145.21,0.02604166666666663,0.011070110701107083,0.036134271500232185
R_sR3rxwOMAacl5n3,146,114,6384.439999999983,149,115,6552.06,0.020134228187919434,0.00877192982456143,0.02625445614650901
R_sRSLCxzK04aJvhL,700,355,17696.06999999993,717,362,18280.7,0.023709902370990243,0.019718309859154903,0.033037278898652156
R_sSTfOHWCEeJs5Kp,64,29,813.9800000000002,65,29,816.96,0.01538461538461533,0.0,0.0036610236123735262
R_sUzscjsDHiEXWF3,338,146,11084.739999999963,347,148,11702.130000000001,0.025936599423631135,0.013698630136986356,0.055697291952724104
R_sXuXLTWQhg4zY0F,40,16,1131.5500000000004,40,16,1131.5499999999997,0.0,0.0,-5.551115123125783e-16
R_sYZmFJSmzmxm3JL,1434,539,35094.14000000037,1476,543,36185.42999999999,0.028455284552845517,0.007421150278293043,0.031096074729274115
R_sbcBNnBmc9HYZwt,226,89,4505.589999999985,233,91,4842.46,0.030042918454935674,0.022471910112359605,0.07476712261879492
R_sc036gZZsxtSCGZ,122,55,4568.509999999995,126,57,4882.4400000000005,0.031746031746031744,0.036363636363636376,0.06871605840854156
R_sdIRxPXvGFnfQAx,247,116,5385.489999999983,251,117,5453.51,0.015936254980079667,0.008620689655172376,0.012630234203390378
R_sdlUXaxL4FnomFH,27,12,908.93,27,12,908.9300000000001,0.0,0.0,2.220446049250313e-16
R_se7YIEjf2KXT6WB,88,51,2915.1099999999988,90,52,3386.41,0.022222222222222254,0.019607843137254832,0.1616748596107871
R_sgGXSaPIJ9kWpDr,49,35,1188.96,50,36,1196.85,0.020000000000000018,0.02857142857142847,0.00663605167541359
R_shvqnG0WLnaaPHr,212,106,5668.739999999984,217,108,5890.610000000001,0.02304147465437789,0.018867924528301883,0.039139209065862435
R_siAwKG9roOXSpEJ,324,116,12074.369999999968,335,116,12285.76,0.032835820895522394,0.0,0.017507331645463253
R_sjIYvrwrEythGKJ,76,44,2874.4300000000003,76,44,2874.43,0.0,0.0,-1.1102230246251565e-16
R_sjLYTzhjMi0DAkh,131,43,3797.9299999999935,133,43,3819.41,0.015037593984962405,0.0,0.00565571245389096
R_sjbgjhzDO2r1Wlr,216,85,5996.319999999987,218,87,6073.219999999999,0.00917431192660545,0.0235294117647058,0.012824532379861697
R_smUxLAwLx5eXaWB,50,23,1054.1700000000003,53,23,1126.5900000000001,0.05660377358490565,0.0,0.06869859700048364
R_snaR9M3EsTpcPi9,828,402,19720.69000000003,859,411,20574.03,0.0360884749708964,0.02238805970149249,0.0432713054157825
R_so1lMsX2pFxGtK9,33,23,945.35,34,23,987.5600000000001,0.02941176470588236,0.0,0.04465012958163639
R_so3PCsu7KC30Da9,33,13,512.4000000000001,33,13,512.4,0.0,0.0,-2.220446049250313e-16
R_sotmrGe7Rv3U10J,424,234,9197.039999999952,438,240,9521.35,0.03196347031963476,0.02564102564102555,0.03526243226081971
R_spBuGIpg61jMNzP,290,173,37803.90999999995,300,176,38905.01,0.033333333333333326,0.01734104046242768,0.029126616797046978
R_spdPnrtroCyeECZ,121,56,2655.2899999999972,124,57,2928.2200000000003,0.024193548387096753,0.017857142857142794,0.10278726617431744
R_spdTY0Zb03DpytH,178,74,3092.299999999994,180,74,3183.2799999999997,0.011111111111111072,0.0,0.029421466222554704
R_sqjjAsz7GATggo1,709,304,13367.969999999928,730,310,13762.31,0.02876712328767128,0.019736842105263053,0.029498869312249543
R_ssRisffxqnoI09j,278,85,3138.1699999999905,285,85,4219.94,0.024561403508771895,0.0,0.34471363884047457
R_steEAY2YVW1gye5,12,5,175.52,12,5,175.51999999999998,0.0,0.0,-1.1102230246251565e-16
R_stlZoEq2uXlPW37,87,57,1980.07,88,58,2139.87,0.011363636363636354,0.01754385964912286,0.0807042175276631
R_swbepfu7wHYhLTr,754,308,14617.039999999914,764,311,14927.630000000001,0.01308900523560208,0.009740259740259827,0.021248488065989335
R_swereIi3z4ijB2F,232,143,5651.72999999998,238,143,5721.420000000001,0.025210084033613467,0.0,0.012330737667939129
R_swfIN0JgX72IbMl,589,332,11158.389999999945,603,336,11380.730000000001,0.023217247097844118,0.012048192771084265,0.01992581367025692
R_syY4aSom3f7M3Yt,15,3,328.02000000000004,16,3,332.0,0.0625,0.0,0.012133406499603483
R_sz0Zeq2JqJJNsyJ,893,504,16097.119999999946,910,509,16595.5,0.018681318681318726,0.009920634920634885,0.03096081783574056
R_szoWgaLxKI7lXu9,863,456,17119.97999999997,887,461,17784.559999999994,0.027057497181510737,0.010964912280701844,0.03881897058291095
R_t0ccZ3CXpzqgSpr,472,283,17237.73,476,285,17308.890000000003,0.008403361344537785,0.007067137809187329,0.004128153765026177
R_tDGTxzG74gg2N9v,68,28,793.9800000000001,68,28,793.9800000000001,0.0,0.0,0.0
R_tDI0MmPcVp5b2Xn,852,345,22406.350000000068,869,346,22876.509999999995,0.019562715765247374,0.0028985507246377384,0.02098333731285673
R_tE5w1f3a4CUcQyl,551,392,13231.669999999946,555,395,13450.570000000003,0.007207207207207245,0.007653061224489832,0.016543641127692688
R_tF2fNzRaWUW0CAh,530,292,12323.349999999944,544,295,12539.33,0.02573529411764708,0.010273972602739656,0.017526078541959533
R_tFf2GViNMUolxaV,1159,514,37309.76000000024,1215,530,39698.88,0.046090534979423836,0.03112840466926059,0.06403471906545999
R_tJNLenUlMH5f4el,1182,583,29348.160000000244,1217,595,30058.28,0.028759244042728005,0.020583190394511064,0.024196406180140295
R_tJzzlJf8xn5RqFz,128,68,2426.1699999999983,129,69,2437.16,0.007751937984496138,0.014705882352941124,0.004529773264034143
R_tKEkP09U6w9QszD,448,261,8880.619999999964,454,264,9157.050000000001,0.013215859030836996,0.011494252873563315,0.031127331199853003
R_tKYTMJJW2ldeoIV,268,135,7598.679999999978,282,141,7933.6399999999985,0.049645390070921946,0.04444444444444451,0.04408134044334311
R_tL3i4BXXVrcJe6t,227,140,5993.379999999986,232,140,6251.1,0.02155172413793105,0.0,0.043000777524538014
R_tMnifPkDrLGlDzj,85,45,4631.109999999998,88,45,4714.38,0.03409090909090906,0.0,0.017980570532766915
R_tMsVLA8C6RuTmlb,301,118,5477.479999999983,308,119,5647.48,0.022727272727272707,0.008474576271186418,0.03103616991755631
R_tPBONZU30Yotued,169,113,9395.89999999999,178,117,9992.91,0.050561797752809,0.03539823008849563,0.06353941612831226
R_tPNYncDSPM7QneN,255,127,5589.269999999976,262,131,5680.28,0.026717557251908386,0.03149606299212593,0.016282985076767398
R_tPQs1KqvZ8UQCKB,729,311,23750.06000000016,747,312,24697.26,0.02409638554216864,0.003215434083601254,0.03988200450861301
R_tQAoWQ7nHZfCcgh,155,80,3108.9999999999927,158,81,3193.49,0.01898734177215189,0.012499999999999956,0.027175940816985378
R_tR7F4DbwZExTCSZ,205,111,5737.739999999983,206,111,5757.700000000001,0.004854368932038833,0.0,0.003478721587248268
R_tSTu20YCb20zL5D,382,173,9033.82999999996,389,175,9532.11,0.01799485861182515,0.011560693641618602,0.055157114977815835
R_tSxa3IptvDML4PL,81,39,2255.24,82,39,2276.55,0.012195121951219523,0.0,0.009449105195012741
R_tVBwSUerMFXisLL,91,52,1702.4900000000005,96,52,1781.1999999999998,0.05208333333333337,0.0,0.04623228330269158
R_tXHOaasrDjYwLO9,289,170,7320.859999999986,293,171,7418.68,0.013651877133105783,0.00588235294117645,0.013361818147050286
R_tXTuhZjAGOOBYul,637,354,22304.630000000157,638,354,22314.62,0.0015673981191222097,0.0,0.0004478890705581495
R_tY9q5vSaULImPzb,351,251,11951.259999999957,362,257,12210.91,0.03038674033149169,0.0239043824701195,0.021725742725038577
R_tYfYAJyuYm47Rux,199,109,5176.489999999986,202,109,5306.339999999999,0.014851485148514865,0.0,0.02508456502379275
R_u1RsKcroEBxUiTT,291,57,5777.859999999971,291,57,5777.8600000000015,0.0,0.0,5.329070518200751e-15
R_u1ysPZNQGE5GnDP,40,13,650.04,40,13,650.04,0.0,0.0,0.0
R_u23zHQzOrh5zjyx,575,140,25660.66000000007,605,145,31895.320000000003,0.04958677685950408,0.03571428571428581,0.24296569145142488
R_u2EdYogSnJBrpex,1460,518,34788.92000000031,1508,525,35863.03,0.03183023872679047,0.013513513513513598,0.030875060220313832
R_u30UX0BsfJQjOsF,50,16,797.4600000000002,51,16,809.94,0.019607843137254943,0.0,0.015649687758633624
R_u34cGX2xWc7wpln,110,37,3246.319999999997,112,37,3371.2999999999997,0.017857142857142905,0.0,0.038498977303532245
R_u3TWbOVQ8LPktP3,13,10,224.00000000000003,13,10,224.00000000000003,0.0,0.0,0.0
R_u94bdSj5JBe7WZb,346,221,9381.149999999976,349,224,9715.320000000002,0.008595988538681931,0.013574660633484115,0.035621432340387615
R_u95uDSrx2MZD13H,184,109,7807.559999999984,187,110,8075.430000000001,0.016042780748663055,0.00917431192660545,0.03430905430121811
R_u99XwBV1boyooXT,1245,516,31819.150000000533,1307,534,33063.659999999996,0.04743687834736032,0.03488372093023262,0.03911198130683702
R_u9UwZawss4cVQlz,115,79,2166.26,117,79,2206.2,0.017094017094017144,0.0,0.018437306694487177
R_u9qeol6zlUcq13j,456,273,11583.619999999955,465,276,11782.68,0.01935483870967747,0.01098901098901095,0.01718461068302024
R_uacaCFAWF1Ls0SZ,20,13,275.53,21,14,325.39,0.04761904761904767,0.07692307692307687,0.18096033099843933
R_uftMVHfljMqB8M9,327,117,9386.62999999998,333,118,9462.240000000002,0.018018018018018056,0.008547008547008517,0.008055074078771929
R_ugElk3AIRMymFhf,142,84,3505.0699999999933,146,84,3555.5300000000007,0.0273972602739726,0.0,0.014396288804505275
R_ujIuWv84wBHBgqd,157,101,5307.189999999988,160,102,5474.020000000001,0.018750000000000044,0.00990099009900991,0.03143471403888198
R_ukwc16oqCZ5ZgZP,977,386,21026.830000000064,991,392,21308.96,0.014127144298688221,0.015544041450777257,0.013417619298768946
R_umkBztpJiFIRkxX,143,72,1560.6200000000017,145,73,1616.9000000000003,0.01379310344827589,0.01388888888888884,0.03606259050889937
R_umqcgydTy2DwcBH,598,248,31089.72000000027,622,254,32956.97,0.03858520900321538,0.024193548387096753,0.06006004557132427
R_upQla15Wb4pg1pv,182,85,4799.079999999987,184,85,4999.01,0.010869565217391353,0.0,0.04166006817973722
R_uqbcSq7y153jKmZ,908,364,23930.430000000135,920,368,24422.89,0.013043478260869601,0.01098901098901095,0.02057881951974383
R_uvHmOm6E3h7nyHT,614,207,11114.809999999936,622,207,11280.92,0.012861736334405127,0.0,0.014944924834528361
R_uwVFb8VFUUGbCBH,412,192,12293.64999999997,433,198,13041.35,0.0484988452655889,0.03125,0.060820016837963564
R_uymVOAblJS5zdNT,169,70,6314.569999999988,175,71,6836.490000000001,0.03428571428571425,0.014285714285714235,0.08265329230652507
R_uzdxxpucUQeAvUR,114,37,1347.220000000001,114,37,1347.22,0.0,0.0,-6.661338147750939e-16
R_vAGftqzqNDEXWLL,202,115,5174.669999999991,207,115,5231.240000000001,0.024154589371980673,0.0,0.010932098085483677
R_vAkydPXVzk0r3mV,258,149,5406.289999999985,267,151,5490.13,0.0337078651685393,0.01342281879194629,0.015507862138363748
R_vBkhPDT0skiOO2J,292,161,8645.549999999974,300,163,8930.58,0.026666666666666616,0.012422360248447228,0.03296840571161197
R_vCykMx1wpGTjjTb,231,139,8266.48999999998,237,142,8588.39,0.025316455696202556,0.021582733812949728,0.03894034832196258
R_vD0774kjU7BArKx,326,190,7151.679999999976,328,191,7252.83,0.0060975609756097615,0.0052631578947368585,0.014143529911856412
R_vD2O13NgdnWBXMt,236,142,4306.119999999987,240,142,4379.17,0.01666666666666672,0.0,0.016964227657383812
R_vGepqaXT4rSfuRH,266,111,5552.089999999988,272,111,5998.960000000001,0.022058823529411797,0.0,0.08048680767062732
R_vIAsy23dmSRObGF,1052,530,16032.839999999896,1076,537,16296.53,0.022304832713754608,0.013207547169811429,0.016446867803839194
R_vJEhaFmjrt0tGxz,415,255,10290.589999999967,417,255,10337.730000000001,0.004796163069544335,0.0,0.004580884089253834
R_vJpU3YZYcHGM6Yx,67,51,1571.9800000000002,67,51,1571.98,0.0,0.0,-1.1102230246251565e-16
R_vMijnnNdSbSLScV,1006,389,14051.769999999904,1021,390,14240.91,0.014691478942213565,0.0025706940874035134,0.013460226007121934
R_vMtYQrockCOY7g5,64,37,3491.8099999999995,64,37,3491.81,0.0,0.0,2.220446049250313e-16
R_vN1PwZtsffsjXLH,66,30,1680.3700000000003,66,30,1680.3700000000001,0.0,0.0,-1.1102230246251565e-16
R_vNUg1BUX4xLMPER,151,80,5136.87999999999,155,81,5217.4400000000005,0.02580645161290318,0.012499999999999956,0.01568267119341127
R_vNX89NhXvOOFm1j,61,42,786.2900000000001,62,42,791.2900000000001,0.016129032258064502,0.0,0.0063589769677854235
R_vP6Eg9Qx0U5fX0Z,869,492,28078.060000000307,888,498,28602.429999999993,0.021396396396396344,0.012195121951219523,0.01867543555358453
R_vPQ66r0vYki20XD,114,84,2826.8699999999953,115,84,2851.8599999999997,0.008695652173912993,0.0,0.008840165978628134
R_vT4EJ41QSlGF1u1,200,111,5161.929999999985,204,115,6115.360000000001,0.019607843137254943,0.03603603603603611,0.1847041707268442
R_vT4bqUWT5O7RLLr,85,40,2324.229999999999,88,41,2738.8000000000006,0.03409090909090906,0.02499999999999991,0.17836875008067254
R_vTTLEW7G1tGREu5,31,15,1183.4799999999998,32,15,1204.19,0.03125,0.0,0.017499239530875288
R_vTgJcqkP3auCuGJ,675,337,13121.289999999924,682,337,13247.69,0.01026392961876832,0.0,0.009633199174782003
R_vTs8n6fZBRT6mw9,16,10,345.46000000000004,16,10,345.46,0.0,0.0,-1.1102230246251565e-16
R_vV9c87xuLM7zcC5,340,196,7941.3099999999695,346,198,8131.620000000001,0.017341040462427793,0.010204081632652962,0.023964560003328472
R_vVVUPy624m5ZRx7,240,115,16258.08999999998,246,118,16666.44,0.024390243902439046,0.026086956521739202,0.025116726503545017
R_vVwpKEp0Ea8Zb8d,8,5,1088.89,8,5,1088.89,0.0,0.0,0.0
R_vYTQHtfQG6Bz3XP,209,118,6044.539999999984,217,121,6462.84,0.03686635944700456,0.025423728813559254,0.0692029501004241
R_vYtQIbKQv9vFKuZ,701,333,32548.480000000254,728,336,33368.42999999999,0.03708791208791207,0.009009009009008917,0.02519165257485856
R_vYx1N4Yte3FORJD,345,138,10021.249999999958,351,139,10111.250000000002,0.017094017094017144,0.007246376811594235,0.00898091555445113
R_vZhlFDyqHjpESgp,9,7,264.03,9,7,264.03,0.0,0.0,0.0
R_vcpSXAZbWGNwQ3D,184,132,6182.459999999987,188,132,6246.080000000001,0.021276595744680882,0.0,0.01029040220236177
R_vcsfXNFhlnqxtYd,411,187,8588.529999999966,414,187,8723.800000000001,0.007246376811594235,0.0,0.015750075973424593
R_vdGOGGSniZMGt8d,124,81,4132.709999999995,127,82,4186.68,0.023622047244094446,0.012345679012345734,0.013059227480274549
R_veQ0oUB5f0igVnH,15,13,607.22,15,13,607.22,0.0,0.0,0.0
R_vek9FZGpmXonMhX,58,35,1365.5300000000004,58,35,1365.5299999999997,0.0,0.0,-4.440892098500626e-16
R_vibbKYNRocMGJ0t,212,126,2592.6599999999985,214,127,2624.6499999999996,0.009345794392523366,0.007936507936507908,0.012338679194341395
R_vjKz4d7IAwZfE6l,241,123,13943.89999999998,244,123,14618.85,0.012295081967213073,0.0,0.04840467874841492
R_vkmM4fQbTCfxgAx,62,39,1293.1900000000005,62,39,1293.19,0.0,0.0,-3.3306690738754696e-16
R_vlCK9D7qYWNJe7L,12,6,562.1999999999999,12,6,562.2,0.0,0.0,2.220446049250313e-16
R_vlwZ9sX7CSCQlpv,3,3,43.97,3,3,43.97,0.0,0.0,0.0
R_voSNwyVcZWdCTJv,901,375,18883.940000000053,915,379,19377.030000000002,0.015300546448087426,0.010666666666666602,0.02611160594663753
R_vp2vdEEPd9r8Orv,129,87,3460.3699999999963,134,91,3834.25,0.03731343283582089,0.04597701149425282,0.10804624938951735
R_vpDykvpWlejUcut,11,9,248.02999999999997,11,9,248.03,0.0,0.0,2.220446049250313e-16
R_vpEJgs5pF1ovw7D,232,75,4679.179999999983,233,75,4686.150000000001,0.0042918454935622075,0.0,0.0014895772336216417
R_vpk0yzFgO6qbsFr,728,226,11259.02999999992,741,226,11515.940000000002,0.01754385964912286,0.0,0.022818129092833317
R_vpklYegn5eDT5jr,200,98,6141.229999999983,221,107,7477.58,0.09502262443438914,0.09183673469387754,0.2176029883264461
R_vqQnG8QXfWSmAy5,214,145,3791.9299999999903,217,147,4047.5500000000006,0.01382488479262678,0.01379310344827589,0.06741158196485975
R_vqUjznemK9GPhfP,130,65,4713.359999999994,132,65,4752.849999999999,0.015151515151515138,0.0,0.008378311862451637
R_vqcm4DmND1qVNQJ,170,55,2344.009999999999,171,55,2359.81,0.005847953216374324,0.0,0.006740585577706959
R_vryccTLqI8iuA37,7,6,308.08000000000004,7,6,308.08,0.0,0.0,-2.220446049250313e-16
R_vugDbLAgPwVaKZ3,64,45,2748.749999999998,65,45,2757.2400000000002,0.01538461538461533,0.0,0.0030886766712150404
R_vvIX8JUF41yjnGh,153,66,3189.8199999999965,160,69,3497.4500000000003,0.043749999999999956,0.045454545454545414,0.0964411784991015
R_vvng7mF40Igdk0p,228,152,4539.61999999998,233,155,4887.27,0.02145922746781115,0.019736842105263053,0.07658129975637218
R_vwD1DxHBT4mOwuJ,921,406,31418.60000000038,951,411,32470.799999999992,0.03154574132492116,0.012315270935960632,0.03348971628269881
R_w0gJ7oIWBd6rcd3,140,59,2726.7199999999953,143,60,2906.06,0.020979020979020935,0.016949152542372836,0.06577132965614552
R_w0skLYeP3OxeQFz,87,52,2874.31,92,56,3062.1600000000003,0.05434782608695654,0.07692307692307687,0.06535481559052436
R_w1ydOqmOrL7x8Wd,645,341,16104.149999999932,660,345,16613.420000000002,0.022727272727272707,0.011730205278592365,0.03162352561296755
R_w4X9FQneeSrzuE1,2,2,18.98,2,2,18.98,0.0,0.0,0.0
R_w5JAqptOytTan4J,390,196,6805.289999999975,396,199,6859.500000000001,0.015151515151515138,0.015306122448979664,0.00796586185159276
R_w5Z8BUS7nlDmvM5,241,112,10660.809999999976,254,118,11418.96,0.051181102362204745,0.0535714285714286,0.0711156094142964
R_w5bE96azoKnM6Ih,741,409,15085.979999999923,759,417,15382.230000000001,0.02371541501976282,0.019559902200489088,0.019637438204218816
R_w5bnN5q7E0EOMKJ,239,139,16211.929999999988,243,139,16274.390000000001,0.016460905349794275,0.0,0.003852718337669536
R_w6Lpc0z99KLvXYl,85,53,1776.0900000000008,86,54,1816.0800000000002,0.011627906976744207,0.018867924528301883,0.022515750891001662
R_w6semdZ97uwOTzX,279,98,7584.879999999979,286,99,7707.160000000001,0.02447552447552448,0.010204081632652962,0.0161215470778735
R_w77iC7bSgq12DO9,6,2,67.95,6,2,67.95,0.0,0.0,0.0
R_w7ZJEH4lKMTodUd,209,143,4269.969999999986,214,145,4344.36,0.02336448598130836,0.013986013986013957,0.017421668067928886
R_w7a7YDkfvtMXJ8l,597,239,14139.96999999995,607,242,14612.04,0.016474464579901205,0.012552301255230214,0.03338550223232817
R_wMrbwfaugXFwJDH,60,24,980.61,61,24,983.9000000000001,0.016393442622950838,0.0,0.003355054506888555
R_wNMlQ8RiLlFPYTD,50,27,1076.7000000000005,51,27,1095.27,0.019607843137254943,0.0,0.01724714405126737
R_wS3Itz1N3BypGVj,62,37,3307.4599999999978,63,37,3432.4499999999994,0.015873015873015928,0.0,0.03779032853005071
R_wSlm7tZUBe1VTAB,58,40,1967.9100000000012,60,40,2497.8900000000003,0.033333333333333326,0.0,0.2693110965440486
R_wSqXsw7wRGVQRfr,1166,554,26616.38000000024,1191,559,27206.39,0.02099076406381195,0.00902527075812265,0.02216717675355384
R_wT45RVV9iYqU7x7,370,65,5695.349999999982,371,65,5745.34,0.0026954177897574594,0.0,0.008777335896831273
R_wWRN3CSxwSpXoUp,427,203,11697.609999999951,438,207,12294.189999999999,0.02511415525114158,0.019704433497536922,0.05100016157147058
R_wXaMChMYqHnMARb,458,268,5767.709999999974,462,269,5857.97,0.008658008658008698,0.003731343283582156,0.015649191793628114
R_wYw9zsyeoxMgxrj,45,28,878.7399999999999,45,28,878.74,0.0,0.0,2.220446049250313e-16
R_x0hVvTTXGQY9FRf,834,419,32598.510000000264,856,424,34948.59999999999,0.025700934579439227,0.01193317422434359,0.07209194530669372
R_x30q8fyx3yFF50B,76,45,2188.7199999999993,82,47,2348.27,0.07317073170731703,0.04444444444444451,0.07289648744471688
R_x3LIMwKc6zHpAc1,402,199,7810.219999999975,418,206,8167.1500000000015,0.038277511961722466,0.035175879396984966,0.04570037719808506
R_x3pr7vCXkREOePv,44,24,2208.28,44,24,2208.2799999999997,0.0,0.0,-2.220446049250313e-16
R_x5GoMYckvtlyfg5,366,191,5613.749999999982,374,194,5991.68,0.021390374331550777,0.015706806282722585,0.06732219995547006
R_x62lMGkpgmmlnrz,103,52,4498.869999999991,106,53,4701.050000000001,0.028301886792452824,0.019230769230769162,0.044940173865884336
R_x969WzGgXuE1CuJ,585,304,16456.039999999954,597,308,16710.53,0.02010050251256279,0.013157894736842035,0.015464838442301287
R_x9kZz5e1Sxu3s9X,745,377,11108.409999999973,747,377,11130.349999999999,0.0026773761713521083,0.0,0.0019750801419848862
R_xAvtsENz2Shcg1j,275,61,3128.829999999994,278,62,3175.53,0.010791366906474864,0.016393442622950838,0.01492570705343721
R_xDvEzzSGeDDkvU5,251,216,5625.479999999982,263,224,5921.350000000001,0.04562737642585546,0.03703703703703698,0.05259462303661544
R_xDwVhTX9GkgmQIV,263,168,12085.679999999988,265,168,12130.26,0.007547169811320753,0.0,0.003688662946562671
R_xEZosfdULpyqlGh,40,13,605.3400000000003,40,13,605.34,0.0,0.0,-3.3306690738754696e-16
R_xFpPWhOPnXmXPlT,150,60,1804.710000000001,151,61,1810.7,0.0066225165562914245,0.016666666666666607,0.00331909281823628
R_xG9dnTy0x7pDLNL,16,7,400.44000000000005,16,7,400.44,0.0,0.0,-1.1102230246251565e-16
R_xGgwn21LozcqzN7,323,270,6881.609999999979,329,273,6985.380000000001,0.018237082066869248,0.011111111111111072,0.015079320100968019
R_xGwDp6qu8JCFdIJ,537,255,17628.919999999973,547,260,18187.6,0.018281535648994485,0.019607843137254832,0.03169110756643212
R_xaWl9KgwRSiVn9v,141,82,4090.999999999996,146,85,4193.27,0.03424657534246578,0.03658536585365857,0.024998777804938754
R_xayV525B1zHdFG9,346,67,6691.299999999965,351,67,6795.739999999999,0.014245014245014231,0.0,0.01560832723088712
R_xc0AiqTlV5cTvZn,706,312,17371.779999999973,711,314,17552.329999999998,0.007032348804500654,0.0064102564102563875,0.010393293030422024
R_xc3pVSyq4it2sr7,55,7,1093.4900000000002,56,7,1124.48,0.017857142857142905,0.0,0.02834045121583162
R_xco4xOVS00vBy0N,278,164,11452.339999999976,296,171,11720.390000000001,0.060810810810810856,0.04268292682926833,0.02340569700166295
R_xcs1aVCVrBlXkgV,480,294,11832.289999999955,492,301,12245.610000000002,0.024390243902439046,0.023809523809523725,0.034931530582841486
R_xf3ov6V1rPcu4Ip,207,85,3343.94999999999,208,86,3355.9399999999996,0.004807692307692291,0.0117647058823529,0.003585579927932514
R_xlWfGIx58Ye7BhD,500,269,17611.78999999999,515,272,18229.95,0.029126213592232997,0.011152416356877248,0.03509921478736744
R_xlnFJMDz934Qtt7,194,98,3117.3199999999943,199,100,3162.2699999999995,0.025125628140703515,0.020408163265306145,0.014419437208886166
R_xluK0w2HLZhsiid,48,19,2405.5399999999995,50,19,2418.94,0.040000000000000036,0.0,0.005570474820622673
R_xmB4YNbFH68DspX,44,27,859.9800000000001,45,27,879.9699999999999,0.022222222222222254,0.0,0.023244726621548972
R_xmHIbhfLIuHBtAd,43,19,708.3700000000002,44,19,718.3600000000001,0.022727272727272707,0.0,0.014102799384502207
R_xmW6sCBJmFDlI8V,469,235,12869.739999999942,487,239,13941.140000000001,0.03696098562628336,0.017021276595744705,0.08324954505685933
R_xmbgfR9SCI8bTmF,325,236,7998.389999999986,332,241,8134.57,0.02108433734939763,0.021186440677966045,0.01702592646770329
R_xoq84dhiJNk1W9j,353,202,10196.719999999985,366,205,10467.170000000002,0.03551912568306015,0.014851485148514865,0.026523234922604333
R_xr5emnVfUGhwjkd,3,3,329.92999999999995,3,3,329.92999999999995,0.0,0.0,0.0
R_xrT6mb0siRaur29,56,32,2287.8499999999995,59,32,2438.3500000000004,0.05084745762711862,0.0,0.06578228467775471
R_xrrF4kkA2JEG6OZ,279,136,7561.789999999985,283,137,7619.219999999999,0.014134275618374548,0.007352941176470562,0.007594762615731776
R_xsyCKTazvY4vHbz,432,237,8476.75999999996,441,241,8615.390000000001,0.020408163265306145,0.016877637130801704,0.0163541258688511
R_xt1sEBScdPLKPhT,670,390,17695.560000000005,684,395,18113.769999999997,0.020467836257309968,0.012820512820512775,0.02363361204731529
R_xtRawoesxIdBPX3,40,16,705.0100000000002,41,17,713.0,0.024390243902439046,0.0625,0.01133317257911215
R_xx5M0tAgJVFpvl7,948,298,14735.61999999999,958,299,14914.530000000004,0.01043841336116913,0.003355704697986628,0.012141328291582987
R_xz4CILOTENgOtKp,1094,521,20369.790000000015,1110,528,20665.710000000003,0.014414414414414378,0.013435700575815668,0.014527395716891878
R_xzt7BAlQUA8iNyh,489,178,13266.349999999962,505,180,13661.31,0.03168316831683171,0.011235955056179803,0.029771564899164993
R_yBLjvwb8CyAH65b,76,56,1987.9200000000008,76,56,1987.92,0.0,0.0,-3.3306690738754696e-16
R_yC0CxAJvbL7kN2h,134,54,3324.3099999999945,138,54,3404.2200000000007,0.02898550724637683,0.0,0.02403807105835698
R_yC5ffbdBLVi93Pz,1670,717,38107.05000000046,1713,721,38868.709999999985,0.025102159953298342,0.00557880055788007,0.01998737766370029
R_yDsJLBJ60v26htD,1938,972,40990.49999999985,1969,979,41530.899999999965,0.01574403250380907,0.007201646090535085,0.013183542528149683
R_yHZisWoMcq0JGiB,2,2,63.92,2,2,63.92,0.0,0.0,0.0
R_yILeYEcIeCBmy2t,401,177,8318.759999999987,405,177,8419.529999999999,0.00987654320987652,0.0,0.012113584236113528
R_yJz6aXbKddNbgZz,849,503,12590.509999999897,854,504,12680.100000000006,0.005854800936768156,0.001988071570576455,0.007115676807381899
R_yK4rOrk16ZOoWwp,330,199,8714.58999999998,343,205,8943.460000000001,0.03790087463556846,0.03015075376884413,0.026262853444628087
R_yKOY0x0QaRJTpK1,124,70,2299.579999999998,125,71,2374.57,0.008000000000000007,0.014285714285714235,0.032610302750938125
R_yNLUkkUgWEJjEtz,310,197,6891.079999999969,317,200,7136.010000000001,0.02208201892744477,0.015228426395939021,0.03554304985576029
R_yPgyGUixTuXuX5v,359,218,11499.009999999967,369,221,11655.12,0.027100271002710064,0.013761467889908285,0.013575951321029622
R_yPwEQaDkRlus1AB,52,45,1380.4900000000005,56,48,1523.46,0.0714285714285714,0.06666666666666665,0.10356467631058508
R_yRaAO89bhwJb9xD,277,191,6432.289999999977,280,192,6471.26,0.010714285714285676,0.005235602094240788,0.006058495496941596
R_yU4HVbxXArTzTSp,412,205,10767.429999999951,422,206,11010.950000000003,0.023696682464455,0.004878048780487809,0.022616353205923145
R_yU610Y4deDO9Q77,170,90,3864.7299999999905,174,91,4071.36,0.02298850574712641,0.011111111111111072,0.05346557198045154
R_yVz17RJ0Nv0ZRG9,208,139,5528.139999999985,214,140,5678.96,0.028037383177570097,0.007194244604316502,0.027282232360254177
R_yWpxeDOvI9ExQ7D,1620,505,36874.450000000266,1649,507,39793.169999999984,0.0175864160097029,0.003960396039603964,0.0791529093993184
R_yjtE8lkYYwStlE5,58,17,1518.020000000001,58,17,1518.02,0.0,0.0,-5.551115123125783e-16
R_ykhIAh7b2YyplhT,1280,360,29780.740000000424,1296,363,30265.959999999992,0.012345679012345734,0.008333333333333304,0.01629308069576374
R_ylMjEdPIFi2GGt3,62,46,1907.160000000001,62,46,1907.16,0.0,0.0,-4.440892098500626e-16
R_ylOBrVB1Y3oS7yV,230,135,5566.3699999999835,232,135,5588.070000000001,0.008620689655172376,0.0,0.0038984113524644926
R_ymy2UD2TCJlOQHD,786,476,24533.200000000088,800,481,24861.409999999996,0.01749999999999996,0.010504201680672232,0.01337819770759241
R_yqdmzbLOlRTEoOR,94,42,3622.5399999999954,100,42,3763.56,0.06000000000000005,0.0,0.038928486641970794
R_yrLYz6vyq4yOHpT,452,240,9453.489999999958,458,243,9538.84,0.013100436681222738,0.012499999999999956,0.009028411729429253
R_yrLrYUf4oFzOnjb,533,326,11086.039999999955,544,334,11500.720000000001,0.020220588235294157,0.024539877300613577,0.03740560200035792
R_ywI0zPj4zd5e4qB,104,54,1912.1000000000015,105,54,1933.0900000000004,0.00952380952380949,0.0,0.010977459337900175
R_ywlBdvbWuxsW0lr,226,56,3892.7199999999903,229,56,3966.3599999999997,0.013100436681222738,0.0,0.018917363694282985
R_yxxiDkqLBNLD3S9,191,85,3142.3899999999944,191,85,3142.39,0.0,0.0,1.7763568394002505e-15
R_yyDppdQl8WvJZbr,397,244,10327.36999999998,409,250,10806.04,0.02933985330073352,0.024590163934426146,0.04634965146015113
R_yyavbTyJu1quZB7,119,69,3518.799999999995,121,70,3543.7800000000007,0.016528925619834656,0.01449275362318847,0.007099011026487911
R_yywxMId2S5hFY3L,70,39,2023.9400000000005,71,39,2056.34,0.014084507042253502,0.0,0.01600837969505009
R_yz2aRsh8GutbOiB,169,99,2163.75,174,102,2234.7,0.028735632183908066,0.030303030303030276,0.03279029462738303
R_z0tGxPIeWROKpax,317,141,5749.589999999985,326,142,5949.549999999999,0.027607361963190136,0.007092198581560183,0.034778132005937046
R_z1fvSibqdewGSD7,258,92,5366.13999999998,264,93,5475.04,0.022727272727272707,0.010869565217391353,0.020293917042794263
R_z1j5sY871TVYomZ,443,223,9012.569999999976,446,223,9046.75,0.006726457399103158,0.0,0.003792480946059218
R_z1mFB9Qp9HSTCIV,454,305,17039.14999999997,468,313,17934.170000000002,0.02991452991452992,0.026229508196721207,0.052527268085557965
R_z2mENVkdoq6siD7,50,22,897.2500000000005,50,22,897.2499999999999,0.0,0.0,-6.661338147750939e-16
R_z3emF7IfAc3UqYx,310,153,6993.199999999967,316,154,7091.42,0.01898734177215189,0.006535947712418277,0.014045072356007715
R_z6D1T2MULlDlLAB,93,67,3288.349999999998,96,70,3376.01,0.03125,0.04477611940298498,0.026657746286131934
R_z6D8F2sy3juEscF,408,211,10294.339999999973,415,214,10814.19,0.016867469879518038,0.014218009478673022,0.050498623515449204
R_z6exGW0uhSCNHDb,69,27,1793.9000000000003,72,27,1937.0500000000002,0.04166666666666663,0.0,0.07979820502815094
R_z6wrYNsvTbmmmQ1,864,391,12744.609999999962,874,394,12857.690000000002,0.011441647597253968,0.007672634271099765,0.008872770528093099
R_z6wx9DHgkVEMygV,9,8,272.81,10,9,298.8,0.09999999999999998,0.125,0.09526776877680443
R_z7IAIZ66lqLei2Z,229,114,4185.039999999988,233,114,4225.91,0.01716738197424894,0.0,0.009765737006100839
R_z89cVoCKmGUboYN,402,168,4745.96999999998,404,169,4773.950000000001,0.004950495049504955,0.005952380952380931,0.005895528206040224
R_z8R7uxzHXINE8o1,67,41,1486.0000000000002,71,43,1538.4699999999998,0.05633802816901412,0.04878048780487809,0.035309555854643015
R_z8tr6xlcFxy5mcF,412,293,10013.959999999974,415,295,10155.900000000001,0.0072289156626506035,0.006825938566553003,0.014174212798935493
R_z8w9TsEywvOcfCN,162,66,4593.0499999999865,165,66,4800.26,0.018181818181818188,0.0,0.04511381326134356
R_zSFZSDB0S1rtmcp,72,38,1201.7900000000004,75,38,1233.05,0.040000000000000036,0.0,0.026011199960059184
R_zTf2i6s3E2OQZQR,472,265,11422.05999999996,486,270,11756.920000000002,0.028806584362139898,0.018867924528301883,0.02931695333416595
R_zTi3j2QuqAzr7NL,226,96,4473.149999999983,234,96,4652.47,0.03418803418803418,0.0,0.04008808110615947
R_zYlhkltqLl0WShX,463,189,12145.669999999944,473,190,12575.550000000001,0.02114164904862581,0.005291005291005346,0.035393683510259955
R_zZSx9DRg5AejOrD,174,105,6448.049999999988,177,107,6741.02,0.016949152542372836,0.01904761904761898,0.045435441722693204
R_zZsd6BQmBdvVG0h,69,42,1863.0300000000009,73,42,1923.9899999999998,0.0547945205479452,0.0,0.032720890162798666
R_zbZLoKX4IzA4oql,469,145,10710.449999999948,478,145,10903.31,0.01882845188284521,0.0,0.01800671306995061
R_zczhhGpVCmLwad3,30,20,817.8100000000003,30,20,817.81,0.0,0.0,-4.440892098500626e-16
R_zd4E1BgAdaM2761,518,154,13244.019999999944,533,156,13533.96,0.02814258911819889,0.01298701298701288,0.021892144530139435
R_zdLOP8JD2pe1brj,294,138,5201.909999999981,313,144,6077.02,0.060702875399361034,0.04347826086956519,0.16822859295912895
R_zdQYFhfeqyBd2dH,230,86,5584.98999999998,237,86,5884.410000000001,0.029535864978902926,0.0,0.05361155525793637
R_zfnsck2ZatnGtY5,587,326,10122.66999999995,599,329,10469.98,0.02003338898163609,0.009202453987730008,0.03431011778513504
R_zfqnsBzlOAKibzb,69,41,2688.1899999999987,69,41,2688.19,0.0,0.0,4.440892098500626e-16
